2026-03-09T06:08:05.560Z CLI info [debug-utility]   Starting debug utility in non-interactive mode with options: {"projectDirectory":"C:\\Users\\KSuvarna\\Desktop\\follet-test-steps","language":"node","username":"kartiksuvarna_89ABIM","key":"BZsCzfQoC8CCVvLGEP4L","bstackconfigFilePath":"C:\\Users\\KSuvarna\\Desktop\\follet-test-steps\\browserstack.yml"}
2026-03-09T06:08:05.561Z CLI info [debug-utility]   ======================system permissions checks======================
2026-03-09T06:08:05.570Z CLI info [debug-utility]   Checking write permissions for directory: C:\Users\KSuvarna\Desktop\follet-test-steps
2026-03-09T06:08:05.571Z CLI info [debug-utility]   Write permissions check completed for directory: C:\Users\KSuvarna\Desktop\follet-test-steps
2026-03-09T06:08:05.571Z CLI info [debug-utility]   Checking write permissions for directory: C:\Users\KSuvarna\.browserstack
2026-03-09T06:08:05.572Z CLI info [debug-utility]   Write permissions check completed for directory: C:\Users\KSuvarna\.browserstack
2026-03-09T06:08:05.572Z CLI info [debug-utility]   

========================Detecting browserstack.yml========================
2026-03-09T06:08:05.588Z CLI info [debug-utility]   

========================connectivity checks========================
2026-03-09T06:08:05.588Z CLI info [debug-utility]   No proxy settings detected.
2026-03-09T06:08:05.589Z CLI info [debug-utility]   -------------------------------------------------
2026-03-09T06:08:05.589Z CLI info [debug-utility]   Host: api.browserstack.com
2026-03-09T06:08:05.589Z CLI info [debug-utility]   Checking connectivity to: https://api.browserstack.com/robots.txt without Proxy
2026-03-09T06:08:05.765Z CLI info [debug-utility]   Connectivity check completed for URL without Proxy: https://api.browserstack.com/robots.txt
2026-03-09T06:08:05.766Z CLI info [debug-utility]   -------------------------------------------------
2026-03-09T06:08:05.766Z CLI info [debug-utility]   Host: api-cloud.browserstack.com
2026-03-09T06:08:05.766Z CLI info [debug-utility]   Checking connectivity to: https://api-cloud.browserstack.com without Proxy
2026-03-09T06:08:06.056Z CLI info [debug-utility]   Connectivity check completed for URL without Proxy: https://api-cloud.browserstack.com
2026-03-09T06:08:06.056Z CLI info [debug-utility]   -------------------------------------------------
2026-03-09T06:08:06.056Z CLI info [debug-utility]   Host: www.browserstack.com
2026-03-09T06:08:06.056Z CLI info [debug-utility]   Checking connectivity to: https://www.browserstack.com/robots.txt without Proxy
2026-03-09T06:08:06.285Z CLI info [debug-utility]   Connectivity check completed for URL without Proxy: https://www.browserstack.com/robots.txt
2026-03-09T06:08:06.285Z CLI info [debug-utility]   -------------------------------------------------
2026-03-09T06:08:06.285Z CLI info [debug-utility]   Host: automate.browserstack.com
2026-03-09T06:08:06.285Z CLI info [debug-utility]   Checking connectivity to: https://automate.browserstack.com/robots.txt without Proxy
2026-03-09T06:08:06.514Z CLI info [debug-utility]   Connectivity check completed for URL without Proxy: https://automate.browserstack.com/robots.txt
2026-03-09T06:08:06.514Z CLI info [debug-utility]   -------------------------------------------------
2026-03-09T06:08:06.515Z CLI info [debug-utility]   Host: app-automate.browserstack.com
2026-03-09T06:08:06.515Z CLI info [debug-utility]   Checking connectivity to: https://app-automate.browserstack.com/robots.txt without Proxy
2026-03-09T06:08:06.787Z CLI info [debug-utility]   Connectivity check completed for URL without Proxy: https://app-automate.browserstack.com/robots.txt
2026-03-09T06:08:06.787Z CLI info [debug-utility]   -------------------------------------------------
2026-03-09T06:08:06.787Z CLI info [debug-utility]   Host: hub.browserstack.com
2026-03-09T06:08:06.787Z CLI info [debug-utility]   Checking connectivity to: https://hub.browserstack.com/wd/hub without Proxy
2026-03-09T06:08:06.831Z CLI info [debug-utility]   Connectivity check completed for URL without Proxy: https://hub.browserstack.com/wd/hub
2026-03-09T06:08:06.831Z CLI info [debug-utility]   -------------------------------------------------
2026-03-09T06:08:06.831Z CLI info [debug-utility]   Host: hub.browserstack.com
2026-03-09T06:08:06.831Z CLI info [debug-utility]   Checking connectivity to: http://hub.browserstack.com/wd/hub without Proxy
2026-03-09T06:08:06.894Z CLI info [debug-utility]   Connectivity check completed for URL without Proxy: http://hub.browserstack.com/wd/hub
2026-03-09T06:08:06.894Z CLI info [debug-utility]   -------------------------------------------------
2026-03-09T06:08:06.894Z CLI info [debug-utility]   Host: cdp.browserstack.com
2026-03-09T06:08:06.894Z CLI info [debug-utility]   Checking connectivity to: https://cdp.browserstack.com without Proxy
2026-03-09T06:08:07.172Z CLI info [debug-utility]   Connectivity check completed for URL without Proxy: https://cdp.browserstack.com
2026-03-09T06:08:07.173Z CLI info [debug-utility]   -------------------------------------------------
2026-03-09T06:08:07.173Z CLI info [debug-utility]   Host: upload-observability.browserstack.com
2026-03-09T06:08:07.173Z CLI info [debug-utility]   Checking connectivity to: https://upload-observability.browserstack.com without Proxy
2026-03-09T06:08:07.359Z CLI info [debug-utility]   Connectivity check completed for URL without Proxy: https://upload-observability.browserstack.com
2026-03-09T06:08:07.360Z CLI info [debug-utility]   -------------------------------------------------
2026-03-09T06:08:07.360Z CLI info [debug-utility]   Host: collector-observability.browserstack.com
2026-03-09T06:08:07.360Z CLI info [debug-utility]   Checking connectivity to: https://collector-observability.browserstack.com without Proxy
2026-03-09T06:08:07.652Z CLI info [debug-utility]   Connectivity check completed for URL without Proxy: https://collector-observability.browserstack.com
2026-03-09T06:08:07.652Z CLI info [debug-utility]   -------------------------------------------------
2026-03-09T06:08:07.652Z CLI info [debug-utility]   Host: eds.browserstack.com
2026-03-09T06:08:07.652Z CLI info [debug-utility]   Checking connectivity to: https://eds.browserstack.com without Proxy
2026-03-09T06:08:07.691Z CLI info [debug-utility]   Connectivity check completed for URL without Proxy: https://eds.browserstack.com
2026-03-09T06:08:07.691Z CLI info [debug-utility]   -------------------------------------------------
2026-03-09T06:08:07.691Z CLI info [debug-utility]   Host: sdk.browserstack.com
2026-03-09T06:08:07.691Z CLI info [debug-utility]   Checking connectivity to: https://sdk.browserstack.com without Proxy
2026-03-09T06:08:07.957Z CLI info [debug-utility]   Connectivity check completed for URL without Proxy: https://sdk.browserstack.com
2026-03-09T06:08:07.958Z CLI info [debug-utility]   
Connectivity check results summary:
2026-03-09T06:08:07.958Z CLI info [debug-utility]   All connectivity checks passed
2026-03-09T06:08:07.958Z CLI info [debug-utility]   

========================browserstack.yml checks========================
2026-03-09T06:08:07.958Z CLI info [debug-utility]   Validating browserstack.yml configuration
2026-03-09T06:08:07.958Z CLI info [debug-utility]   browserstack.yml configuration validation completed
2026-03-09T06:08:07.958Z CLI info [debug-utility]   

========================Project configuration checks========================
2026-03-09T06:08:09.127Z CLI info [debug-utility]   Detecting Node.js version used in the project
2026-03-09T06:08:09.409Z CLI info [debug-utility]   Node.js version detection failed
2026-03-09T06:08:09.409Z CLI error [debug-utility]          Error occurred while detecting Node.js version: Command failed: C:\Program Files\nodejs\node.exe -v
'C:\Program' is not recognized as an internal or external command,
operable program or batch file.

2026-03-09T06:08:09.409Z CLI info [debug-utility]   Verifying installation of BrowserStack SDK
2026-03-09T06:08:09.409Z CLI info [debug-utility]   BrowserStack SDK is installed
2026-03-09T06:08:09.410Z CLI info [debug-utility]          Detected BrowserStack SDK version: 1.50.1
2026-03-09T06:08:09.410Z CLI info [debug-utility]   Detecting frameworks used in the project
2026-03-09T06:08:09.410Z CLI info [debug-utility]   Framework detection completed
2026-03-09T06:08:09.410Z CLI info [debug-utility]          Detected frameworks with versions: {"@playwright/test":"1.58.2","@cucumber/cucumber":"11.3.0"}
2026-03-09T06:08:09.410Z CLI info [debug-utility]   

========================Version compatibility checks========================
2026-03-09T06:08:09.410Z CLI info [debug-utility]   Skipping version compatibility check due to incompatible setup detection.
2026-03-09T06:08:09.410Z CLI debug [debug-utility]   Sending data to EDS: {"event_type":"sdk_events","data":{"testhub_uuid":"","created_day":"2026-03-09T06:08:09.410 UTC","event_name":"SDK_DEBUG_UTILITY_REPORT","user_data":"kartiksuvarna_89ABIM","host_info":"{\"hostname\":\"pe2vdfqaper-018\",\"platform\":\"win32\",\"type\":\"Windows_NT\",\"version\":\"Windows 10 Enterprise\",\"arch\":\"x64\"}","event_json":{"cliArgs":"C:\\Users\\KSuvarna\\.browserstack\\cli\\binary-win-x64.exe C:\\snapshot\\browserstack-binary\\cli\\dist\\index.js sdk","cliVersion":"1.24.2","results":{"system_check":{"metadata":{},"status":true,"messages":[]},"parse_yml":{"metadata":{},"status":true,"messages":[]},"connectivity_check":{"metadata":{"proxySettings":""},"status":true,"messages":[]},"validate_yml":{"metadata":{},"status":true,"messages":[]},"parse_project_config":{"metadata":{"configFilePath":"C:\\Users\\KSuvarna\\Desktop\\follet-test-steps\\package.json"},"status":false,"messages":["Error occurred while detecting Node.js version: Command failed: C:\\Program Files\\nodejs\\node.exe -v\n'C:\\Program' is not recognized as an internal or external command,\r\noperable program or batch file.\r\n"]},"version_compatibility":{"metadata":{},"status":false,"messages":["skipped"]}},"projectDirectory":"C:\\Users\\KSuvarna\\Desktop\\follet-test-steps","bstackconfigFilePath":"C:\\Users\\KSuvarna\\Desktop\\follet-test-steps\\browserstack.yml","projectConfigFilePath":null,"userProxyConfig":null,"sdkVersion":"1.50.1","language":"node","languageVersion":null,"frameworks":{"@playwright/test":"1.58.2","@cucumber/cucumber":"11.3.0"}}}}
2026-03-09T06:08:09.442Z CLI debug [debug-utility]   Data sent successfully to https://eds.browserstack.com with response 200
2026-03-09T06:09:19.052Z CLI info [debug-utility]   Starting debug utility in non-interactive mode with options: {"projectDirectory":"C:\\Users\\KSuvarna\\Desktop\\follet-test-steps","language":"node","username":"kartiksuvarna_89ABIM","key":"BZsCzfQoC8CCVvLGEP4L","bstackconfigFilePath":"C:\\Users\\KSuvarna\\Desktop\\follet-test-steps\\browserstack.yml"}
2026-03-09T06:09:19.052Z CLI info [debug-utility]   ======================system permissions checks======================
2026-03-09T06:09:19.054Z CLI info [debug-utility]   Checking write permissions for directory: C:\Users\KSuvarna\Desktop\follet-test-steps
2026-03-09T06:09:19.055Z CLI info [debug-utility]   Write permissions check completed for directory: C:\Users\KSuvarna\Desktop\follet-test-steps
2026-03-09T06:09:19.055Z CLI info [debug-utility]   Checking write permissions for directory: C:\Users\KSuvarna\.browserstack
2026-03-09T06:09:19.055Z CLI info [debug-utility]   Write permissions check completed for directory: C:\Users\KSuvarna\.browserstack
2026-03-09T06:09:19.055Z CLI info [debug-utility]   

========================Detecting browserstack.yml========================
2026-03-09T06:09:19.058Z CLI info [debug-utility]   

========================connectivity checks========================
2026-03-09T06:09:19.058Z CLI info [debug-utility]   No proxy settings detected.
2026-03-09T06:09:19.059Z CLI info [debug-utility]   -------------------------------------------------
2026-03-09T06:09:19.059Z CLI info [debug-utility]   Host: api.browserstack.com
2026-03-09T06:09:19.059Z CLI info [debug-utility]   Checking connectivity to: https://api.browserstack.com/robots.txt without Proxy
2026-03-09T06:09:19.150Z CLI info [debug-utility]   Connectivity check completed for URL without Proxy: https://api.browserstack.com/robots.txt
2026-03-09T06:09:19.151Z CLI info [debug-utility]   -------------------------------------------------
2026-03-09T06:09:19.151Z CLI info [debug-utility]   Host: api-cloud.browserstack.com
2026-03-09T06:09:19.151Z CLI info [debug-utility]   Checking connectivity to: https://api-cloud.browserstack.com without Proxy
2026-03-09T06:09:19.437Z CLI info [debug-utility]   Connectivity check completed for URL without Proxy: https://api-cloud.browserstack.com
2026-03-09T06:09:19.437Z CLI info [debug-utility]   -------------------------------------------------
2026-03-09T06:09:19.437Z CLI info [debug-utility]   Host: www.browserstack.com
2026-03-09T06:09:19.437Z CLI info [debug-utility]   Checking connectivity to: https://www.browserstack.com/robots.txt without Proxy
2026-03-09T06:09:19.491Z CLI info [debug-utility]   Connectivity check completed for URL without Proxy: https://www.browserstack.com/robots.txt
2026-03-09T06:09:19.491Z CLI info [debug-utility]   -------------------------------------------------
2026-03-09T06:09:19.491Z CLI info [debug-utility]   Host: automate.browserstack.com
2026-03-09T06:09:19.491Z CLI info [debug-utility]   Checking connectivity to: https://automate.browserstack.com/robots.txt without Proxy
2026-03-09T06:09:19.858Z CLI info [debug-utility]   Connectivity check completed for URL without Proxy: https://automate.browserstack.com/robots.txt
2026-03-09T06:09:19.858Z CLI info [debug-utility]   -------------------------------------------------
2026-03-09T06:09:19.858Z CLI info [debug-utility]   Host: app-automate.browserstack.com
2026-03-09T06:09:19.858Z CLI info [debug-utility]   Checking connectivity to: https://app-automate.browserstack.com/robots.txt without Proxy
2026-03-09T06:09:20.109Z CLI info [debug-utility]   Connectivity check completed for URL without Proxy: https://app-automate.browserstack.com/robots.txt
2026-03-09T06:09:20.109Z CLI info [debug-utility]   -------------------------------------------------
2026-03-09T06:09:20.109Z CLI info [debug-utility]   Host: hub.browserstack.com
2026-03-09T06:09:20.109Z CLI info [debug-utility]   Checking connectivity to: https://hub.browserstack.com/wd/hub without Proxy
2026-03-09T06:09:20.171Z CLI info [debug-utility]   Connectivity check completed for URL without Proxy: https://hub.browserstack.com/wd/hub
2026-03-09T06:09:20.171Z CLI info [debug-utility]   -------------------------------------------------
2026-03-09T06:09:20.171Z CLI info [debug-utility]   Host: hub.browserstack.com
2026-03-09T06:09:20.171Z CLI info [debug-utility]   Checking connectivity to: http://hub.browserstack.com/wd/hub without Proxy
2026-03-09T06:09:20.193Z CLI info [debug-utility]   Connectivity check completed for URL without Proxy: http://hub.browserstack.com/wd/hub
2026-03-09T06:09:20.193Z CLI info [debug-utility]   -------------------------------------------------
2026-03-09T06:09:20.193Z CLI info [debug-utility]   Host: cdp.browserstack.com
2026-03-09T06:09:20.193Z CLI info [debug-utility]   Checking connectivity to: https://cdp.browserstack.com without Proxy
2026-03-09T06:09:20.295Z CLI info [debug-utility]   Connectivity check completed for URL without Proxy: https://cdp.browserstack.com
2026-03-09T06:09:20.295Z CLI info [debug-utility]   -------------------------------------------------
2026-03-09T06:09:20.295Z CLI info [debug-utility]   Host: upload-observability.browserstack.com
2026-03-09T06:09:20.295Z CLI info [debug-utility]   Checking connectivity to: https://upload-observability.browserstack.com without Proxy
2026-03-09T06:09:20.439Z CLI info [debug-utility]   Connectivity check completed for URL without Proxy: https://upload-observability.browserstack.com
2026-03-09T06:09:20.439Z CLI info [debug-utility]   -------------------------------------------------
2026-03-09T06:09:20.439Z CLI info [debug-utility]   Host: collector-observability.browserstack.com
2026-03-09T06:09:20.439Z CLI info [debug-utility]   Checking connectivity to: https://collector-observability.browserstack.com without Proxy
2026-03-09T06:09:20.513Z CLI info [debug-utility]   Connectivity check completed for URL without Proxy: https://collector-observability.browserstack.com
2026-03-09T06:09:20.513Z CLI info [debug-utility]   -------------------------------------------------
2026-03-09T06:09:20.514Z CLI info [debug-utility]   Host: eds.browserstack.com
2026-03-09T06:09:20.514Z CLI info [debug-utility]   Checking connectivity to: https://eds.browserstack.com without Proxy
2026-03-09T06:09:20.551Z CLI info [debug-utility]   Connectivity check completed for URL without Proxy: https://eds.browserstack.com
2026-03-09T06:09:20.552Z CLI info [debug-utility]   -------------------------------------------------
2026-03-09T06:09:20.552Z CLI info [debug-utility]   Host: sdk.browserstack.com
2026-03-09T06:09:20.552Z CLI info [debug-utility]   Checking connectivity to: https://sdk.browserstack.com without Proxy
2026-03-09T06:09:20.766Z CLI info [debug-utility]   Connectivity check completed for URL without Proxy: https://sdk.browserstack.com
2026-03-09T06:09:20.766Z CLI info [debug-utility]   
Connectivity check results summary:
2026-03-09T06:09:20.766Z CLI info [debug-utility]   All connectivity checks passed
2026-03-09T06:09:20.766Z CLI info [debug-utility]   

========================browserstack.yml checks========================
2026-03-09T06:09:20.766Z CLI info [debug-utility]   Validating browserstack.yml configuration
2026-03-09T06:09:20.767Z CLI info [debug-utility]   browserstack.yml configuration validation completed
2026-03-09T06:09:20.767Z CLI info [debug-utility]   

========================Project configuration checks========================
2026-03-09T06:09:21.939Z CLI info [debug-utility]   Detecting Node.js version used in the project
2026-03-09T06:09:22.076Z CLI info [debug-utility]   Node.js version detection failed
2026-03-09T06:09:22.076Z CLI error [debug-utility]          Error occurred while detecting Node.js version: Command failed: C:\Program Files\nodejs\node.exe -v
'C:\Program' is not recognized as an internal or external command,
operable program or batch file.

2026-03-09T06:09:22.076Z CLI info [debug-utility]   Verifying installation of BrowserStack SDK
2026-03-09T06:09:22.077Z CLI info [debug-utility]   BrowserStack SDK is installed
2026-03-09T06:09:22.077Z CLI info [debug-utility]          Detected BrowserStack SDK version: 1.50.1
2026-03-09T06:09:22.077Z CLI info [debug-utility]   Detecting frameworks used in the project
2026-03-09T06:09:22.077Z CLI info [debug-utility]   Framework detection completed
2026-03-09T06:09:22.077Z CLI info [debug-utility]          Detected frameworks with versions: {"@playwright/test":"1.58.2","@cucumber/cucumber":"11.3.0"}
2026-03-09T06:09:22.077Z CLI info [debug-utility]   

========================Version compatibility checks========================
2026-03-09T06:09:22.077Z CLI info [debug-utility]   Skipping version compatibility check due to incompatible setup detection.
2026-03-09T06:09:22.078Z CLI debug [debug-utility]   Sending data to EDS: {"event_type":"sdk_events","data":{"testhub_uuid":"","created_day":"2026-03-09T06:09:22.077 UTC","event_name":"SDK_DEBUG_UTILITY_REPORT","user_data":"kartiksuvarna_89ABIM","host_info":"{\"hostname\":\"pe2vdfqaper-018\",\"platform\":\"win32\",\"type\":\"Windows_NT\",\"version\":\"Windows 10 Enterprise\",\"arch\":\"x64\"}","event_json":{"cliArgs":"C:\\Users\\KSuvarna\\.browserstack\\cli\\binary-win-x64.exe C:\\snapshot\\browserstack-binary\\cli\\dist\\index.js sdk","cliVersion":"1.24.2","results":{"system_check":{"metadata":{},"status":true,"messages":[]},"parse_yml":{"metadata":{},"status":true,"messages":[]},"connectivity_check":{"metadata":{"proxySettings":""},"status":true,"messages":[]},"validate_yml":{"metadata":{},"status":true,"messages":[]},"parse_project_config":{"metadata":{"configFilePath":"C:\\Users\\KSuvarna\\Desktop\\follet-test-steps\\package.json"},"status":false,"messages":["Error occurred while detecting Node.js version: Command failed: C:\\Program Files\\nodejs\\node.exe -v\n'C:\\Program' is not recognized as an internal or external command,\r\noperable program or batch file.\r\n"]},"version_compatibility":{"metadata":{},"status":false,"messages":["skipped"]}},"projectDirectory":"C:\\Users\\KSuvarna\\Desktop\\follet-test-steps","bstackconfigFilePath":"C:\\Users\\KSuvarna\\Desktop\\follet-test-steps\\browserstack.yml","projectConfigFilePath":null,"userProxyConfig":null,"sdkVersion":"1.50.1","language":"node","languageVersion":null,"frameworks":{"@playwright/test":"1.58.2","@cucumber/cucumber":"11.3.0"}}}}
2026-03-09T06:09:22.109Z CLI debug [debug-utility]   Data sent successfully to https://eds.browserstack.com with response 200
2026-03-09T06:10:26.947Z CLI info [debug-utility]   Starting debug utility in non-interactive mode with options: {"projectDirectory":"C:\\Users\\KSuvarna\\Desktop\\follet-test-steps","language":"node","username":"kartiksuvarna_89ABIM","key":"BZsCzfQoC8CCVvLGEP4L","bstackconfigFilePath":"C:\\Users\\KSuvarna\\Desktop\\follet-test-steps\\browserstack.yml"}
2026-03-09T06:10:26.948Z CLI info [debug-utility]   ======================system permissions checks======================
2026-03-09T06:10:26.949Z CLI info [debug-utility]   Checking write permissions for directory: C:\Users\KSuvarna\Desktop\follet-test-steps
2026-03-09T06:10:26.949Z CLI info [debug-utility]   Write permissions check completed for directory: C:\Users\KSuvarna\Desktop\follet-test-steps
2026-03-09T06:10:26.949Z CLI info [debug-utility]   Checking write permissions for directory: C:\Users\KSuvarna\.browserstack
2026-03-09T06:10:26.949Z CLI info [debug-utility]   Write permissions check completed for directory: C:\Users\KSuvarna\.browserstack
2026-03-09T06:10:26.949Z CLI info [debug-utility]   

========================Detecting browserstack.yml========================
2026-03-09T06:10:26.952Z CLI info [debug-utility]   

========================connectivity checks========================
2026-03-09T06:10:26.953Z CLI info [debug-utility]   No proxy settings detected.
2026-03-09T06:10:26.953Z CLI info [debug-utility]   -------------------------------------------------
2026-03-09T06:10:26.953Z CLI info [debug-utility]   Host: api.browserstack.com
2026-03-09T06:10:26.953Z CLI info [debug-utility]   Checking connectivity to: https://api.browserstack.com/robots.txt without Proxy
2026-03-09T06:10:27.034Z CLI info [debug-utility]   Connectivity check completed for URL without Proxy: https://api.browserstack.com/robots.txt
2026-03-09T06:10:27.034Z CLI info [debug-utility]   -------------------------------------------------
2026-03-09T06:10:27.034Z CLI info [debug-utility]   Host: api-cloud.browserstack.com
2026-03-09T06:10:27.034Z CLI info [debug-utility]   Checking connectivity to: https://api-cloud.browserstack.com without Proxy
2026-03-09T06:10:27.320Z CLI info [debug-utility]   Connectivity check completed for URL without Proxy: https://api-cloud.browserstack.com
2026-03-09T06:10:27.321Z CLI info [debug-utility]   -------------------------------------------------
2026-03-09T06:10:27.321Z CLI info [debug-utility]   Host: www.browserstack.com
2026-03-09T06:10:27.321Z CLI info [debug-utility]   Checking connectivity to: https://www.browserstack.com/robots.txt without Proxy
2026-03-09T06:10:27.395Z CLI info [debug-utility]   Connectivity check completed for URL without Proxy: https://www.browserstack.com/robots.txt
2026-03-09T06:10:27.395Z CLI info [debug-utility]   -------------------------------------------------
2026-03-09T06:10:27.395Z CLI info [debug-utility]   Host: automate.browserstack.com
2026-03-09T06:10:27.395Z CLI info [debug-utility]   Checking connectivity to: https://automate.browserstack.com/robots.txt without Proxy
2026-03-09T06:10:27.534Z CLI info [debug-utility]   Connectivity check completed for URL without Proxy: https://automate.browserstack.com/robots.txt
2026-03-09T06:10:27.534Z CLI info [debug-utility]   -------------------------------------------------
2026-03-09T06:10:27.534Z CLI info [debug-utility]   Host: app-automate.browserstack.com
2026-03-09T06:10:27.534Z CLI info [debug-utility]   Checking connectivity to: https://app-automate.browserstack.com/robots.txt without Proxy
2026-03-09T06:10:27.709Z CLI info [debug-utility]   Connectivity check completed for URL without Proxy: https://app-automate.browserstack.com/robots.txt
2026-03-09T06:10:27.709Z CLI info [debug-utility]   -------------------------------------------------
2026-03-09T06:10:27.709Z CLI info [debug-utility]   Host: hub.browserstack.com
2026-03-09T06:10:27.709Z CLI info [debug-utility]   Checking connectivity to: https://hub.browserstack.com/wd/hub without Proxy
2026-03-09T06:10:27.771Z CLI info [debug-utility]   Connectivity check completed for URL without Proxy: https://hub.browserstack.com/wd/hub
2026-03-09T06:10:27.771Z CLI info [debug-utility]   -------------------------------------------------
2026-03-09T06:10:27.771Z CLI info [debug-utility]   Host: hub.browserstack.com
2026-03-09T06:10:27.771Z CLI info [debug-utility]   Checking connectivity to: http://hub.browserstack.com/wd/hub without Proxy
2026-03-09T06:10:27.795Z CLI info [debug-utility]   Connectivity check completed for URL without Proxy: http://hub.browserstack.com/wd/hub
2026-03-09T06:10:27.796Z CLI info [debug-utility]   -------------------------------------------------
2026-03-09T06:10:27.796Z CLI info [debug-utility]   Host: cdp.browserstack.com
2026-03-09T06:10:27.796Z CLI info [debug-utility]   Checking connectivity to: https://cdp.browserstack.com without Proxy
2026-03-09T06:10:27.888Z CLI info [debug-utility]   Connectivity check completed for URL without Proxy: https://cdp.browserstack.com
2026-03-09T06:10:27.888Z CLI info [debug-utility]   -------------------------------------------------
2026-03-09T06:10:27.889Z CLI info [debug-utility]   Host: upload-observability.browserstack.com
2026-03-09T06:10:27.889Z CLI info [debug-utility]   Checking connectivity to: https://upload-observability.browserstack.com without Proxy
2026-03-09T06:10:28.036Z CLI info [debug-utility]   Connectivity check completed for URL without Proxy: https://upload-observability.browserstack.com
2026-03-09T06:10:28.036Z CLI info [debug-utility]   -------------------------------------------------
2026-03-09T06:10:28.036Z CLI info [debug-utility]   Host: collector-observability.browserstack.com
2026-03-09T06:10:28.036Z CLI info [debug-utility]   Checking connectivity to: https://collector-observability.browserstack.com without Proxy
2026-03-09T06:10:28.113Z CLI info [debug-utility]   Connectivity check completed for URL without Proxy: https://collector-observability.browserstack.com
2026-03-09T06:10:28.113Z CLI info [debug-utility]   -------------------------------------------------
2026-03-09T06:10:28.113Z CLI info [debug-utility]   Host: eds.browserstack.com
2026-03-09T06:10:28.113Z CLI info [debug-utility]   Checking connectivity to: https://eds.browserstack.com without Proxy
2026-03-09T06:10:28.149Z CLI info [debug-utility]   Connectivity check completed for URL without Proxy: https://eds.browserstack.com
2026-03-09T06:10:28.150Z CLI info [debug-utility]   -------------------------------------------------
2026-03-09T06:10:28.150Z CLI info [debug-utility]   Host: sdk.browserstack.com
2026-03-09T06:10:28.150Z CLI info [debug-utility]   Checking connectivity to: https://sdk.browserstack.com without Proxy
2026-03-09T06:10:28.279Z CLI info [debug-utility]   Connectivity check completed for URL without Proxy: https://sdk.browserstack.com
2026-03-09T06:10:28.279Z CLI info [debug-utility]   
Connectivity check results summary:
2026-03-09T06:10:28.279Z CLI info [debug-utility]   All connectivity checks passed
2026-03-09T06:10:28.279Z CLI info [debug-utility]   

========================browserstack.yml checks========================
2026-03-09T06:10:28.279Z CLI info [debug-utility]   Validating browserstack.yml configuration
2026-03-09T06:10:28.280Z CLI info [debug-utility]   browserstack.yml configuration validation completed
2026-03-09T06:10:28.280Z CLI info [debug-utility]   

========================Project configuration checks========================
2026-03-09T06:10:29.456Z CLI info [debug-utility]   Detecting Node.js version used in the project
2026-03-09T06:10:29.581Z CLI info [debug-utility]   Node.js version detection failed
2026-03-09T06:10:29.581Z CLI error [debug-utility]          Error occurred while detecting Node.js version: Command failed: C:\Program Files\nodejs\node.exe -v
'C:\Program' is not recognized as an internal or external command,
operable program or batch file.

2026-03-09T06:10:29.581Z CLI info [debug-utility]   Verifying installation of BrowserStack SDK
2026-03-09T06:10:29.581Z CLI info [debug-utility]   BrowserStack SDK is installed
2026-03-09T06:10:29.581Z CLI info [debug-utility]          Detected BrowserStack SDK version: 1.50.1
2026-03-09T06:10:29.581Z CLI info [debug-utility]   Detecting frameworks used in the project
2026-03-09T06:10:29.581Z CLI info [debug-utility]   Framework detection completed
2026-03-09T06:10:29.581Z CLI info [debug-utility]          Detected frameworks with versions: {"@playwright/test":"1.58.2","@cucumber/cucumber":"11.3.0"}
2026-03-09T06:10:29.582Z CLI info [debug-utility]   

========================Version compatibility checks========================
2026-03-09T06:10:29.582Z CLI info [debug-utility]   Skipping version compatibility check due to incompatible setup detection.
2026-03-09T06:10:29.582Z CLI debug [debug-utility]   Sending data to EDS: {"event_type":"sdk_events","data":{"testhub_uuid":"","created_day":"2026-03-09T06:10:29.582 UTC","event_name":"SDK_DEBUG_UTILITY_REPORT","user_data":"kartiksuvarna_89ABIM","host_info":"{\"hostname\":\"pe2vdfqaper-018\",\"platform\":\"win32\",\"type\":\"Windows_NT\",\"version\":\"Windows 10 Enterprise\",\"arch\":\"x64\"}","event_json":{"cliArgs":"C:\\Users\\KSuvarna\\.browserstack\\cli\\binary-win-x64.exe C:\\snapshot\\browserstack-binary\\cli\\dist\\index.js sdk","cliVersion":"1.24.2","results":{"system_check":{"metadata":{},"status":true,"messages":[]},"parse_yml":{"metadata":{},"status":true,"messages":[]},"connectivity_check":{"metadata":{"proxySettings":""},"status":true,"messages":[]},"validate_yml":{"metadata":{},"status":true,"messages":[]},"parse_project_config":{"metadata":{"configFilePath":"C:\\Users\\KSuvarna\\Desktop\\follet-test-steps\\package.json"},"status":false,"messages":["Error occurred while detecting Node.js version: Command failed: C:\\Program Files\\nodejs\\node.exe -v\n'C:\\Program' is not recognized as an internal or external command,\r\noperable program or batch file.\r\n"]},"version_compatibility":{"metadata":{},"status":false,"messages":["skipped"]}},"projectDirectory":"C:\\Users\\KSuvarna\\Desktop\\follet-test-steps","bstackconfigFilePath":"C:\\Users\\KSuvarna\\Desktop\\follet-test-steps\\browserstack.yml","projectConfigFilePath":null,"userProxyConfig":null,"sdkVersion":"1.50.1","language":"node","languageVersion":null,"frameworks":{"@playwright/test":"1.58.2","@cucumber/cucumber":"11.3.0"}}}}
2026-03-09T06:10:29.613Z CLI debug [debug-utility]   Data sent successfully to https://eds.browserstack.com with response 200
2026-03-09T06:13:06.772Z CLI info [debug-utility]   Starting debug utility in non-interactive mode with options: {"projectDirectory":"C:\\Users\\KSuvarna\\Desktop\\follet-test-steps","language":"node","username":"kartiksuvarna_89ABIM","key":"BZsCzfQoC8CCVvLGEP4L","bstackconfigFilePath":"C:\\Users\\KSuvarna\\Desktop\\follet-test-steps\\browserstack.yml"}
2026-03-09T06:13:06.772Z CLI info [debug-utility]   ======================system permissions checks======================
2026-03-09T06:13:06.774Z CLI info [debug-utility]   Checking write permissions for directory: C:\Users\KSuvarna\Desktop\follet-test-steps
2026-03-09T06:13:06.774Z CLI info [debug-utility]   Write permissions check completed for directory: C:\Users\KSuvarna\Desktop\follet-test-steps
2026-03-09T06:13:06.775Z CLI info [debug-utility]   Checking write permissions for directory: C:\Users\KSuvarna\.browserstack
2026-03-09T06:13:06.775Z CLI info [debug-utility]   Write permissions check completed for directory: C:\Users\KSuvarna\.browserstack
2026-03-09T06:13:06.775Z CLI info [debug-utility]   

========================Detecting browserstack.yml========================
2026-03-09T06:13:06.780Z CLI info [debug-utility]   

========================connectivity checks========================
2026-03-09T06:13:06.780Z CLI info [debug-utility]   No proxy settings detected.
2026-03-09T06:13:06.780Z CLI info [debug-utility]   -------------------------------------------------
2026-03-09T06:13:06.780Z CLI info [debug-utility]   Host: api.browserstack.com
2026-03-09T06:13:06.780Z CLI info [debug-utility]   Checking connectivity to: https://api.browserstack.com/robots.txt without Proxy
2026-03-09T06:13:06.892Z CLI info [debug-utility]   Connectivity check completed for URL without Proxy: https://api.browserstack.com/robots.txt
2026-03-09T06:13:06.892Z CLI info [debug-utility]   -------------------------------------------------
2026-03-09T06:13:06.892Z CLI info [debug-utility]   Host: api-cloud.browserstack.com
2026-03-09T06:13:06.892Z CLI info [debug-utility]   Checking connectivity to: https://api-cloud.browserstack.com without Proxy
2026-03-09T06:13:07.109Z CLI info [debug-utility]   Connectivity check completed for URL without Proxy: https://api-cloud.browserstack.com
2026-03-09T06:13:07.109Z CLI info [debug-utility]   -------------------------------------------------
2026-03-09T06:13:07.109Z CLI info [debug-utility]   Host: www.browserstack.com
2026-03-09T06:13:07.109Z CLI info [debug-utility]   Checking connectivity to: https://www.browserstack.com/robots.txt without Proxy
2026-03-09T06:13:07.274Z CLI info [debug-utility]   Connectivity check completed for URL without Proxy: https://www.browserstack.com/robots.txt
2026-03-09T06:13:07.275Z CLI info [debug-utility]   -------------------------------------------------
2026-03-09T06:13:07.275Z CLI info [debug-utility]   Host: automate.browserstack.com
2026-03-09T06:13:07.275Z CLI info [debug-utility]   Checking connectivity to: https://automate.browserstack.com/robots.txt without Proxy
2026-03-09T06:13:07.407Z CLI info [debug-utility]   Connectivity check completed for URL without Proxy: https://automate.browserstack.com/robots.txt
2026-03-09T06:13:07.407Z CLI info [debug-utility]   -------------------------------------------------
2026-03-09T06:13:07.407Z CLI info [debug-utility]   Host: app-automate.browserstack.com
2026-03-09T06:13:07.407Z CLI info [debug-utility]   Checking connectivity to: https://app-automate.browserstack.com/robots.txt without Proxy
2026-03-09T06:13:07.562Z CLI info [debug-utility]   Connectivity check completed for URL without Proxy: https://app-automate.browserstack.com/robots.txt
2026-03-09T06:13:07.562Z CLI info [debug-utility]   -------------------------------------------------
2026-03-09T06:13:07.562Z CLI info [debug-utility]   Host: hub.browserstack.com
2026-03-09T06:13:07.562Z CLI info [debug-utility]   Checking connectivity to: https://hub.browserstack.com/wd/hub without Proxy
2026-03-09T06:13:07.606Z CLI info [debug-utility]   Connectivity check completed for URL without Proxy: https://hub.browserstack.com/wd/hub
2026-03-09T06:13:07.606Z CLI info [debug-utility]   -------------------------------------------------
2026-03-09T06:13:07.606Z CLI info [debug-utility]   Host: hub.browserstack.com
2026-03-09T06:13:07.606Z CLI info [debug-utility]   Checking connectivity to: http://hub.browserstack.com/wd/hub without Proxy
2026-03-09T06:13:07.628Z CLI info [debug-utility]   Connectivity check completed for URL without Proxy: http://hub.browserstack.com/wd/hub
2026-03-09T06:13:07.628Z CLI info [debug-utility]   -------------------------------------------------
2026-03-09T06:13:07.628Z CLI info [debug-utility]   Host: cdp.browserstack.com
2026-03-09T06:13:07.628Z CLI info [debug-utility]   Checking connectivity to: https://cdp.browserstack.com without Proxy
2026-03-09T06:13:07.744Z CLI info [debug-utility]   Connectivity check completed for URL without Proxy: https://cdp.browserstack.com
2026-03-09T06:13:07.744Z CLI info [debug-utility]   -------------------------------------------------
2026-03-09T06:13:07.744Z CLI info [debug-utility]   Host: upload-observability.browserstack.com
2026-03-09T06:13:07.744Z CLI info [debug-utility]   Checking connectivity to: https://upload-observability.browserstack.com without Proxy
2026-03-09T06:13:07.846Z CLI info [debug-utility]   Connectivity check completed for URL without Proxy: https://upload-observability.browserstack.com
2026-03-09T06:13:07.846Z CLI info [debug-utility]   -------------------------------------------------
2026-03-09T06:13:07.846Z CLI info [debug-utility]   Host: collector-observability.browserstack.com
2026-03-09T06:13:07.846Z CLI info [debug-utility]   Checking connectivity to: https://collector-observability.browserstack.com without Proxy
2026-03-09T06:13:07.935Z CLI info [debug-utility]   Connectivity check completed for URL without Proxy: https://collector-observability.browserstack.com
2026-03-09T06:13:07.935Z CLI info [debug-utility]   -------------------------------------------------
2026-03-09T06:13:07.935Z CLI info [debug-utility]   Host: eds.browserstack.com
2026-03-09T06:13:07.936Z CLI info [debug-utility]   Checking connectivity to: https://eds.browserstack.com without Proxy
2026-03-09T06:13:07.970Z CLI info [debug-utility]   Connectivity check completed for URL without Proxy: https://eds.browserstack.com
2026-03-09T06:13:07.971Z CLI info [debug-utility]   -------------------------------------------------
2026-03-09T06:13:07.971Z CLI info [debug-utility]   Host: sdk.browserstack.com
2026-03-09T06:13:07.971Z CLI info [debug-utility]   Checking connectivity to: https://sdk.browserstack.com without Proxy
2026-03-09T06:13:08.117Z CLI info [debug-utility]   Connectivity check completed for URL without Proxy: https://sdk.browserstack.com
2026-03-09T06:13:08.117Z CLI info [debug-utility]   
Connectivity check results summary:
2026-03-09T06:13:08.117Z CLI info [debug-utility]   All connectivity checks passed
2026-03-09T06:13:08.117Z CLI info [debug-utility]   

========================browserstack.yml checks========================
2026-03-09T06:13:08.117Z CLI info [debug-utility]   Validating browserstack.yml configuration
2026-03-09T06:13:08.117Z CLI info [debug-utility]   browserstack.yml configuration validation completed
2026-03-09T06:13:08.117Z CLI info [debug-utility]   

========================Project configuration checks========================
2026-03-09T06:13:09.271Z CLI info [debug-utility]   Detecting Node.js version used in the project
2026-03-09T06:13:09.395Z CLI info [debug-utility]   Node.js version detection failed
2026-03-09T06:13:09.395Z CLI error [debug-utility]          Error occurred while detecting Node.js version: Command failed: C:\Program Files\nodejs\node.exe -v
'C:\Program' is not recognized as an internal or external command,
operable program or batch file.

2026-03-09T06:13:09.395Z CLI info [debug-utility]   Verifying installation of BrowserStack SDK
2026-03-09T06:13:09.395Z CLI info [debug-utility]   BrowserStack SDK is installed
2026-03-09T06:13:09.395Z CLI info [debug-utility]          Detected BrowserStack SDK version: 1.50.1
2026-03-09T06:13:09.395Z CLI info [debug-utility]   Detecting frameworks used in the project
2026-03-09T06:13:09.395Z CLI info [debug-utility]   Framework detection completed
2026-03-09T06:13:09.396Z CLI info [debug-utility]          Detected frameworks with versions: {"@playwright/test":"1.58.2","@cucumber/cucumber":"11.3.0"}
2026-03-09T06:13:09.396Z CLI info [debug-utility]   

========================Version compatibility checks========================
2026-03-09T06:13:09.396Z CLI info [debug-utility]   Skipping version compatibility check due to incompatible setup detection.
2026-03-09T06:13:09.396Z CLI debug [debug-utility]   Sending data to EDS: {"event_type":"sdk_events","data":{"testhub_uuid":"","created_day":"2026-03-09T06:13:09.396 UTC","event_name":"SDK_DEBUG_UTILITY_REPORT","user_data":"kartiksuvarna_89ABIM","host_info":"{\"hostname\":\"pe2vdfqaper-018\",\"platform\":\"win32\",\"type\":\"Windows_NT\",\"version\":\"Windows 10 Enterprise\",\"arch\":\"x64\"}","event_json":{"cliArgs":"C:\\Users\\KSuvarna\\.browserstack\\cli\\binary-win-x64.exe C:\\snapshot\\browserstack-binary\\cli\\dist\\index.js sdk","cliVersion":"1.24.2","results":{"system_check":{"metadata":{},"status":true,"messages":[]},"parse_yml":{"metadata":{},"status":true,"messages":[]},"connectivity_check":{"metadata":{"proxySettings":""},"status":true,"messages":[]},"validate_yml":{"metadata":{},"status":true,"messages":[]},"parse_project_config":{"metadata":{"configFilePath":"C:\\Users\\KSuvarna\\Desktop\\follet-test-steps\\package.json"},"status":false,"messages":["Error occurred while detecting Node.js version: Command failed: C:\\Program Files\\nodejs\\node.exe -v\n'C:\\Program' is not recognized as an internal or external command,\r\noperable program or batch file.\r\n"]},"version_compatibility":{"metadata":{},"status":false,"messages":["skipped"]}},"projectDirectory":"C:\\Users\\KSuvarna\\Desktop\\follet-test-steps","bstackconfigFilePath":"C:\\Users\\KSuvarna\\Desktop\\follet-test-steps\\browserstack.yml","projectConfigFilePath":null,"userProxyConfig":null,"sdkVersion":"1.50.1","language":"node","languageVersion":null,"frameworks":{"@playwright/test":"1.58.2","@cucumber/cucumber":"11.3.0"}}}}
2026-03-09T06:13:09.429Z CLI debug [debug-utility]   Data sent successfully to https://eds.browserstack.com with response 200
2026-03-09T06:15:40.183Z CLI info [debug-utility]   Starting debug utility in non-interactive mode with options: {"projectDirectory":"C:\\Users\\KSuvarna\\Desktop\\follet-test-steps","language":"node","username":"kjavedirfan_eZBoq7","key":"wMYFrmsNHB7QEs1RBFu8","bstackconfigFilePath":"C:\\Users\\KSuvarna\\Desktop\\follet-test-steps\\browserstack.yml"}
2026-03-09T06:15:40.183Z CLI info [debug-utility]   ======================system permissions checks======================
2026-03-09T06:15:40.184Z CLI info [debug-utility]   Checking write permissions for directory: C:\Users\KSuvarna\Desktop\follet-test-steps
2026-03-09T06:15:40.184Z CLI info [debug-utility]   Write permissions check completed for directory: C:\Users\KSuvarna\Desktop\follet-test-steps
2026-03-09T06:15:40.184Z CLI info [debug-utility]   Checking write permissions for directory: C:\Users\KSuvarna\.browserstack
2026-03-09T06:15:40.185Z CLI info [debug-utility]   Write permissions check completed for directory: C:\Users\KSuvarna\.browserstack
2026-03-09T06:15:40.185Z CLI info [debug-utility]   

========================Detecting browserstack.yml========================
2026-03-09T06:15:40.188Z CLI info [debug-utility]   

========================connectivity checks========================
2026-03-09T06:15:40.188Z CLI info [debug-utility]   No proxy settings detected.
2026-03-09T06:15:40.188Z CLI info [debug-utility]   -------------------------------------------------
2026-03-09T06:15:40.189Z CLI info [debug-utility]   Host: api.browserstack.com
2026-03-09T06:15:40.189Z CLI info [debug-utility]   Checking connectivity to: https://api.browserstack.com/robots.txt without Proxy
2026-03-09T06:15:40.291Z CLI info [debug-utility]   Connectivity check completed for URL without Proxy: https://api.browserstack.com/robots.txt
2026-03-09T06:15:40.291Z CLI info [debug-utility]   -------------------------------------------------
2026-03-09T06:15:40.291Z CLI info [debug-utility]   Host: api-cloud.browserstack.com
2026-03-09T06:15:40.291Z CLI info [debug-utility]   Checking connectivity to: https://api-cloud.browserstack.com without Proxy
2026-03-09T06:15:40.453Z CLI info [debug-utility]   Connectivity check completed for URL without Proxy: https://api-cloud.browserstack.com
2026-03-09T06:15:40.453Z CLI info [debug-utility]   -------------------------------------------------
2026-03-09T06:15:40.453Z CLI info [debug-utility]   Host: www.browserstack.com
2026-03-09T06:15:40.453Z CLI info [debug-utility]   Checking connectivity to: https://www.browserstack.com/robots.txt without Proxy
2026-03-09T06:15:40.515Z CLI info [debug-utility]   Connectivity check completed for URL without Proxy: https://www.browserstack.com/robots.txt
2026-03-09T06:15:40.516Z CLI info [debug-utility]   -------------------------------------------------
2026-03-09T06:15:40.516Z CLI info [debug-utility]   Host: automate.browserstack.com
2026-03-09T06:15:40.516Z CLI info [debug-utility]   Checking connectivity to: https://automate.browserstack.com/robots.txt without Proxy
2026-03-09T06:15:40.635Z CLI info [debug-utility]   Connectivity check completed for URL without Proxy: https://automate.browserstack.com/robots.txt
2026-03-09T06:15:40.635Z CLI info [debug-utility]   -------------------------------------------------
2026-03-09T06:15:40.635Z CLI info [debug-utility]   Host: app-automate.browserstack.com
2026-03-09T06:15:40.635Z CLI info [debug-utility]   Checking connectivity to: https://app-automate.browserstack.com/robots.txt without Proxy
2026-03-09T06:15:40.759Z CLI info [debug-utility]   Connectivity check completed for URL without Proxy: https://app-automate.browserstack.com/robots.txt
2026-03-09T06:15:40.759Z CLI info [debug-utility]   -------------------------------------------------
2026-03-09T06:15:40.759Z CLI info [debug-utility]   Host: hub.browserstack.com
2026-03-09T06:15:40.759Z CLI info [debug-utility]   Checking connectivity to: https://hub.browserstack.com/wd/hub without Proxy
2026-03-09T06:15:40.790Z CLI info [debug-utility]   Connectivity check completed for URL without Proxy: https://hub.browserstack.com/wd/hub
2026-03-09T06:15:40.790Z CLI info [debug-utility]   -------------------------------------------------
2026-03-09T06:15:40.790Z CLI info [debug-utility]   Host: hub.browserstack.com
2026-03-09T06:15:40.790Z CLI info [debug-utility]   Checking connectivity to: http://hub.browserstack.com/wd/hub without Proxy
2026-03-09T06:15:40.815Z CLI info [debug-utility]   Connectivity check completed for URL without Proxy: http://hub.browserstack.com/wd/hub
2026-03-09T06:15:40.815Z CLI info [debug-utility]   -------------------------------------------------
2026-03-09T06:15:40.815Z CLI info [debug-utility]   Host: cdp.browserstack.com
2026-03-09T06:15:40.815Z CLI info [debug-utility]   Checking connectivity to: https://cdp.browserstack.com without Proxy
2026-03-09T06:15:40.895Z CLI info [debug-utility]   Connectivity check completed for URL without Proxy: https://cdp.browserstack.com
2026-03-09T06:15:40.896Z CLI info [debug-utility]   -------------------------------------------------
2026-03-09T06:15:40.896Z CLI info [debug-utility]   Host: upload-observability.browserstack.com
2026-03-09T06:15:40.896Z CLI info [debug-utility]   Checking connectivity to: https://upload-observability.browserstack.com without Proxy
2026-03-09T06:15:41.010Z CLI info [debug-utility]   Connectivity check completed for URL without Proxy: https://upload-observability.browserstack.com
2026-03-09T06:15:41.010Z CLI info [debug-utility]   -------------------------------------------------
2026-03-09T06:15:41.010Z CLI info [debug-utility]   Host: collector-observability.browserstack.com
2026-03-09T06:15:41.010Z CLI info [debug-utility]   Checking connectivity to: https://collector-observability.browserstack.com without Proxy
2026-03-09T06:15:41.082Z CLI info [debug-utility]   Connectivity check completed for URL without Proxy: https://collector-observability.browserstack.com
2026-03-09T06:15:41.082Z CLI info [debug-utility]   -------------------------------------------------
2026-03-09T06:15:41.082Z CLI info [debug-utility]   Host: eds.browserstack.com
2026-03-09T06:15:41.082Z CLI info [debug-utility]   Checking connectivity to: https://eds.browserstack.com without Proxy
2026-03-09T06:15:41.122Z CLI info [debug-utility]   Connectivity check completed for URL without Proxy: https://eds.browserstack.com
2026-03-09T06:15:41.122Z CLI info [debug-utility]   -------------------------------------------------
2026-03-09T06:15:41.122Z CLI info [debug-utility]   Host: sdk.browserstack.com
2026-03-09T06:15:41.122Z CLI info [debug-utility]   Checking connectivity to: https://sdk.browserstack.com without Proxy
2026-03-09T06:15:41.231Z CLI info [debug-utility]   Connectivity check completed for URL without Proxy: https://sdk.browserstack.com
2026-03-09T06:15:41.231Z CLI info [debug-utility]   
Connectivity check results summary:
2026-03-09T06:15:41.231Z CLI info [debug-utility]   All connectivity checks passed
2026-03-09T06:15:41.231Z CLI info [debug-utility]   

========================browserstack.yml checks========================
2026-03-09T06:15:41.231Z CLI info [debug-utility]   Validating browserstack.yml configuration
2026-03-09T06:15:41.232Z CLI info [debug-utility]   browserstack.yml configuration validation completed
2026-03-09T06:15:41.232Z CLI info [debug-utility]   

========================Project configuration checks========================
2026-03-09T06:15:42.389Z CLI info [debug-utility]   Detecting Node.js version used in the project
2026-03-09T06:15:42.527Z CLI info [debug-utility]   Node.js version detection failed
2026-03-09T06:15:42.527Z CLI error [debug-utility]          Error occurred while detecting Node.js version: Command failed: C:\Program Files\nodejs\node.exe -v
'C:\Program' is not recognized as an internal or external command,
operable program or batch file.

2026-03-09T06:15:42.527Z CLI info [debug-utility]   Verifying installation of BrowserStack SDK
2026-03-09T06:15:42.527Z CLI info [debug-utility]   BrowserStack SDK is installed
2026-03-09T06:15:42.527Z CLI info [debug-utility]          Detected BrowserStack SDK version: 1.50.1
2026-03-09T06:15:42.528Z CLI info [debug-utility]   Detecting frameworks used in the project
2026-03-09T06:15:42.528Z CLI info [debug-utility]   Framework detection completed
2026-03-09T06:15:42.528Z CLI info [debug-utility]          Detected frameworks with versions: {"@playwright/test":"1.58.2","@cucumber/cucumber":"11.3.0"}
2026-03-09T06:15:42.528Z CLI info [debug-utility]   

========================Version compatibility checks========================
2026-03-09T06:15:42.528Z CLI info [debug-utility]   Skipping version compatibility check due to incompatible setup detection.
2026-03-09T06:15:42.528Z CLI debug [debug-utility]   Sending data to EDS: {"event_type":"sdk_events","data":{"testhub_uuid":"","created_day":"2026-03-09T06:15:42.528 UTC","event_name":"SDK_DEBUG_UTILITY_REPORT","user_data":"kjavedirfan_eZBoq7","host_info":"{\"hostname\":\"pe2vdfqaper-018\",\"platform\":\"win32\",\"type\":\"Windows_NT\",\"version\":\"Windows 10 Enterprise\",\"arch\":\"x64\"}","event_json":{"cliArgs":"C:\\Users\\KSuvarna\\.browserstack\\cli\\binary-win-x64.exe C:\\snapshot\\browserstack-binary\\cli\\dist\\index.js sdk","cliVersion":"1.24.2","results":{"system_check":{"metadata":{},"status":true,"messages":[]},"parse_yml":{"metadata":{},"status":true,"messages":[]},"connectivity_check":{"metadata":{"proxySettings":""},"status":true,"messages":[]},"validate_yml":{"metadata":{},"status":true,"messages":[]},"parse_project_config":{"metadata":{"configFilePath":"C:\\Users\\KSuvarna\\Desktop\\follet-test-steps\\package.json"},"status":false,"messages":["Error occurred while detecting Node.js version: Command failed: C:\\Program Files\\nodejs\\node.exe -v\n'C:\\Program' is not recognized as an internal or external command,\r\noperable program or batch file.\r\n"]},"version_compatibility":{"metadata":{},"status":false,"messages":["skipped"]}},"projectDirectory":"C:\\Users\\KSuvarna\\Desktop\\follet-test-steps","bstackconfigFilePath":"C:\\Users\\KSuvarna\\Desktop\\follet-test-steps\\browserstack.yml","projectConfigFilePath":null,"userProxyConfig":null,"sdkVersion":"1.50.1","language":"node","languageVersion":null,"frameworks":{"@playwright/test":"1.58.2","@cucumber/cucumber":"11.3.0"}}}}
2026-03-09T06:15:42.562Z CLI debug [debug-utility]   Data sent successfully to https://eds.browserstack.com with response 200
2026-03-09T06:17:17.551Z CLI info [debug-utility]   Starting debug utility in non-interactive mode with options: {"projectDirectory":"C:\\Users\\KSuvarna\\Desktop\\follet-test-steps","language":"node","username":"kjavedirfan_eZBoq7","key":"wMYFrmsNHB7QEs1RBFu8","bstackconfigFilePath":"C:\\Users\\KSuvarna\\Desktop\\follet-test-steps\\browserstack.yml"}
2026-03-09T06:17:17.552Z CLI info [debug-utility]   ======================system permissions checks======================
2026-03-09T06:17:17.555Z CLI info [debug-utility]   Checking write permissions for directory: C:\Users\KSuvarna\Desktop\follet-test-steps
2026-03-09T06:17:17.555Z CLI info [debug-utility]   Write permissions check completed for directory: C:\Users\KSuvarna\Desktop\follet-test-steps
2026-03-09T06:17:17.556Z CLI info [debug-utility]   Checking write permissions for directory: C:\Users\KSuvarna\.browserstack
2026-03-09T06:17:17.556Z CLI info [debug-utility]   Write permissions check completed for directory: C:\Users\KSuvarna\.browserstack
2026-03-09T06:17:17.556Z CLI info [debug-utility]   

========================Detecting browserstack.yml========================
2026-03-09T06:17:17.559Z CLI info [debug-utility]   

========================connectivity checks========================
2026-03-09T06:17:17.559Z CLI info [debug-utility]   No proxy settings detected.
2026-03-09T06:17:17.559Z CLI info [debug-utility]   -------------------------------------------------
2026-03-09T06:17:17.559Z CLI info [debug-utility]   Host: api.browserstack.com
2026-03-09T06:17:17.559Z CLI info [debug-utility]   Checking connectivity to: https://api.browserstack.com/robots.txt without Proxy
2026-03-09T06:17:17.654Z CLI info [debug-utility]   Connectivity check completed for URL without Proxy: https://api.browserstack.com/robots.txt
2026-03-09T06:17:17.655Z CLI info [debug-utility]   -------------------------------------------------
2026-03-09T06:17:17.655Z CLI info [debug-utility]   Host: api-cloud.browserstack.com
2026-03-09T06:17:17.655Z CLI info [debug-utility]   Checking connectivity to: https://api-cloud.browserstack.com without Proxy
2026-03-09T06:17:17.824Z CLI info [debug-utility]   Connectivity check completed for URL without Proxy: https://api-cloud.browserstack.com
2026-03-09T06:17:17.824Z CLI info [debug-utility]   -------------------------------------------------
2026-03-09T06:17:17.824Z CLI info [debug-utility]   Host: www.browserstack.com
2026-03-09T06:17:17.824Z CLI info [debug-utility]   Checking connectivity to: https://www.browserstack.com/robots.txt without Proxy
2026-03-09T06:17:17.878Z CLI info [debug-utility]   Connectivity check completed for URL without Proxy: https://www.browserstack.com/robots.txt
2026-03-09T06:17:17.878Z CLI info [debug-utility]   -------------------------------------------------
2026-03-09T06:17:17.878Z CLI info [debug-utility]   Host: automate.browserstack.com
2026-03-09T06:17:17.878Z CLI info [debug-utility]   Checking connectivity to: https://automate.browserstack.com/robots.txt without Proxy
2026-03-09T06:17:18.022Z CLI info [debug-utility]   Connectivity check completed for URL without Proxy: https://automate.browserstack.com/robots.txt
2026-03-09T06:17:18.023Z CLI info [debug-utility]   -------------------------------------------------
2026-03-09T06:17:18.023Z CLI info [debug-utility]   Host: app-automate.browserstack.com
2026-03-09T06:17:18.023Z CLI info [debug-utility]   Checking connectivity to: https://app-automate.browserstack.com/robots.txt without Proxy
2026-03-09T06:17:18.152Z CLI info [debug-utility]   Connectivity check completed for URL without Proxy: https://app-automate.browserstack.com/robots.txt
2026-03-09T06:17:18.152Z CLI info [debug-utility]   -------------------------------------------------
2026-03-09T06:17:18.153Z CLI info [debug-utility]   Host: hub.browserstack.com
2026-03-09T06:17:18.153Z CLI info [debug-utility]   Checking connectivity to: https://hub.browserstack.com/wd/hub without Proxy
2026-03-09T06:17:18.259Z CLI info [debug-utility]   Connectivity check completed for URL without Proxy: https://hub.browserstack.com/wd/hub
2026-03-09T06:17:18.259Z CLI info [debug-utility]   -------------------------------------------------
2026-03-09T06:17:18.259Z CLI info [debug-utility]   Host: hub.browserstack.com
2026-03-09T06:17:18.259Z CLI info [debug-utility]   Checking connectivity to: http://hub.browserstack.com/wd/hub without Proxy
2026-03-09T06:17:18.328Z CLI info [debug-utility]   Connectivity check completed for URL without Proxy: http://hub.browserstack.com/wd/hub
2026-03-09T06:17:18.328Z CLI info [debug-utility]   -------------------------------------------------
2026-03-09T06:17:18.328Z CLI info [debug-utility]   Host: cdp.browserstack.com
2026-03-09T06:17:18.328Z CLI info [debug-utility]   Checking connectivity to: https://cdp.browserstack.com without Proxy
2026-03-09T06:17:18.411Z CLI info [debug-utility]   Connectivity check completed for URL without Proxy: https://cdp.browserstack.com
2026-03-09T06:17:18.411Z CLI info [debug-utility]   -------------------------------------------------
2026-03-09T06:17:18.412Z CLI info [debug-utility]   Host: upload-observability.browserstack.com
2026-03-09T06:17:18.412Z CLI info [debug-utility]   Checking connectivity to: https://upload-observability.browserstack.com without Proxy
2026-03-09T06:17:18.509Z CLI info [debug-utility]   Connectivity check completed for URL without Proxy: https://upload-observability.browserstack.com
2026-03-09T06:17:18.509Z CLI info [debug-utility]   -------------------------------------------------
2026-03-09T06:17:18.510Z CLI info [debug-utility]   Host: collector-observability.browserstack.com
2026-03-09T06:17:18.510Z CLI info [debug-utility]   Checking connectivity to: https://collector-observability.browserstack.com without Proxy
2026-03-09T06:17:22.072Z CLI info [debug-utility]   Connectivity check completed for URL without Proxy: https://collector-observability.browserstack.com
2026-03-09T06:17:22.072Z CLI info [debug-utility]   -------------------------------------------------
2026-03-09T06:17:22.073Z CLI info [debug-utility]   Host: eds.browserstack.com
2026-03-09T06:17:22.073Z CLI info [debug-utility]   Checking connectivity to: https://eds.browserstack.com without Proxy
2026-03-09T06:17:22.110Z CLI info [debug-utility]   Connectivity check completed for URL without Proxy: https://eds.browserstack.com
2026-03-09T06:17:22.110Z CLI info [debug-utility]   -------------------------------------------------
2026-03-09T06:17:22.110Z CLI info [debug-utility]   Host: sdk.browserstack.com
2026-03-09T06:17:22.110Z CLI info [debug-utility]   Checking connectivity to: https://sdk.browserstack.com without Proxy
2026-03-09T06:17:22.236Z CLI info [debug-utility]   Connectivity check completed for URL without Proxy: https://sdk.browserstack.com
2026-03-09T06:17:22.236Z CLI info [debug-utility]   
Connectivity check results summary:
2026-03-09T06:17:22.236Z CLI info [debug-utility]   All connectivity checks passed
2026-03-09T06:17:22.237Z CLI info [debug-utility]   

========================browserstack.yml checks========================
2026-03-09T06:17:22.237Z CLI info [debug-utility]   Validating browserstack.yml configuration
2026-03-09T06:17:22.237Z CLI info [debug-utility]   browserstack.yml configuration validation completed
2026-03-09T06:17:22.237Z CLI info [debug-utility]   

========================Project configuration checks========================
2026-03-09T06:17:23.426Z CLI info [debug-utility]   Detecting Node.js version used in the project
2026-03-09T06:17:23.577Z CLI info [debug-utility]   Node.js version detection failed
2026-03-09T06:17:23.577Z CLI error [debug-utility]          Error occurred while detecting Node.js version: Command failed: C:\Program Files\nodejs\node.exe -v
'C:\Program' is not recognized as an internal or external command,
operable program or batch file.

2026-03-09T06:17:23.577Z CLI info [debug-utility]   Verifying installation of BrowserStack SDK
2026-03-09T06:17:23.577Z CLI info [debug-utility]   BrowserStack SDK is installed
2026-03-09T06:17:23.577Z CLI info [debug-utility]          Detected BrowserStack SDK version: 1.50.1
2026-03-09T06:17:23.577Z CLI info [debug-utility]   Detecting frameworks used in the project
2026-03-09T06:17:23.577Z CLI info [debug-utility]   Framework detection completed
2026-03-09T06:17:23.577Z CLI info [debug-utility]          Detected frameworks with versions: {"@playwright/test":"1.58.2","@cucumber/cucumber":"11.3.0"}
2026-03-09T06:17:23.577Z CLI info [debug-utility]   

========================Version compatibility checks========================
2026-03-09T06:17:23.577Z CLI info [debug-utility]   Skipping version compatibility check due to incompatible setup detection.
2026-03-09T06:17:23.578Z CLI debug [debug-utility]   Sending data to EDS: {"event_type":"sdk_events","data":{"testhub_uuid":"","created_day":"2026-03-09T06:17:23.578 UTC","event_name":"SDK_DEBUG_UTILITY_REPORT","user_data":"kjavedirfan_eZBoq7","host_info":"{\"hostname\":\"pe2vdfqaper-018\",\"platform\":\"win32\",\"type\":\"Windows_NT\",\"version\":\"Windows 10 Enterprise\",\"arch\":\"x64\"}","event_json":{"cliArgs":"C:\\Users\\KSuvarna\\.browserstack\\cli\\binary-win-x64.exe C:\\snapshot\\browserstack-binary\\cli\\dist\\index.js sdk","cliVersion":"1.24.2","results":{"system_check":{"metadata":{},"status":true,"messages":[]},"parse_yml":{"metadata":{},"status":true,"messages":[]},"connectivity_check":{"metadata":{"proxySettings":""},"status":true,"messages":[]},"validate_yml":{"metadata":{},"status":true,"messages":[]},"parse_project_config":{"metadata":{"configFilePath":"C:\\Users\\KSuvarna\\Desktop\\follet-test-steps\\package.json"},"status":false,"messages":["Error occurred while detecting Node.js version: Command failed: C:\\Program Files\\nodejs\\node.exe -v\n'C:\\Program' is not recognized as an internal or external command,\r\noperable program or batch file.\r\n"]},"version_compatibility":{"metadata":{},"status":false,"messages":["skipped"]}},"projectDirectory":"C:\\Users\\KSuvarna\\Desktop\\follet-test-steps","bstackconfigFilePath":"C:\\Users\\KSuvarna\\Desktop\\follet-test-steps\\browserstack.yml","projectConfigFilePath":null,"userProxyConfig":null,"sdkVersion":"1.50.1","language":"node","languageVersion":null,"frameworks":{"@playwright/test":"1.58.2","@cucumber/cucumber":"11.3.0"}}}}
2026-03-09T06:17:23.610Z CLI debug [debug-utility]   Data sent successfully to https://eds.browserstack.com with response 200
2026-03-09T06:21:21.684Z CLI info [debug-utility]   Starting debug utility in non-interactive mode with options: {"projectDirectory":"C:\\Users\\KSuvarna\\Desktop\\follet-test-steps","language":"node","username":"kjavedirfan_eZBoq7","key":"wMYFrmsNHB7QEs1RBFu8","bstackconfigFilePath":"C:\\Users\\KSuvarna\\Desktop\\follet-test-steps\\browserstack.yml"}
2026-03-09T06:21:21.684Z CLI info [debug-utility]   ======================system permissions checks======================
2026-03-09T06:21:21.685Z CLI info [debug-utility]   Checking write permissions for directory: C:\Users\KSuvarna\Desktop\follet-test-steps
2026-03-09T06:21:21.686Z CLI info [debug-utility]   Write permissions check completed for directory: C:\Users\KSuvarna\Desktop\follet-test-steps
2026-03-09T06:21:21.686Z CLI info [debug-utility]   Checking write permissions for directory: C:\Users\KSuvarna\.browserstack
2026-03-09T06:21:21.686Z CLI info [debug-utility]   Write permissions check completed for directory: C:\Users\KSuvarna\.browserstack
2026-03-09T06:21:21.686Z CLI info [debug-utility]   

========================Detecting browserstack.yml========================
2026-03-09T06:21:21.690Z CLI info [debug-utility]   

========================connectivity checks========================
2026-03-09T06:21:21.690Z CLI info [debug-utility]   No proxy settings detected.
2026-03-09T06:21:21.690Z CLI info [debug-utility]   -------------------------------------------------
2026-03-09T06:21:21.690Z CLI info [debug-utility]   Host: api.browserstack.com
2026-03-09T06:21:21.690Z CLI info [debug-utility]   Checking connectivity to: https://api.browserstack.com/robots.txt without Proxy
2026-03-09T06:21:21.797Z CLI info [debug-utility]   Connectivity check completed for URL without Proxy: https://api.browserstack.com/robots.txt
2026-03-09T06:21:21.797Z CLI info [debug-utility]   -------------------------------------------------
2026-03-09T06:21:21.797Z CLI info [debug-utility]   Host: api-cloud.browserstack.com
2026-03-09T06:21:21.797Z CLI info [debug-utility]   Checking connectivity to: https://api-cloud.browserstack.com without Proxy
2026-03-09T06:21:21.992Z CLI info [debug-utility]   Connectivity check completed for URL without Proxy: https://api-cloud.browserstack.com
2026-03-09T06:21:21.992Z CLI info [debug-utility]   -------------------------------------------------
2026-03-09T06:21:21.992Z CLI info [debug-utility]   Host: www.browserstack.com
2026-03-09T06:21:21.992Z CLI info [debug-utility]   Checking connectivity to: https://www.browserstack.com/robots.txt without Proxy
2026-03-09T06:21:22.134Z CLI info [debug-utility]   Connectivity check completed for URL without Proxy: https://www.browserstack.com/robots.txt
2026-03-09T06:21:22.134Z CLI info [debug-utility]   -------------------------------------------------
2026-03-09T06:21:22.134Z CLI info [debug-utility]   Host: automate.browserstack.com
2026-03-09T06:21:22.134Z CLI info [debug-utility]   Checking connectivity to: https://automate.browserstack.com/robots.txt without Proxy
2026-03-09T06:21:22.289Z CLI info [debug-utility]   Connectivity check completed for URL without Proxy: https://automate.browserstack.com/robots.txt
2026-03-09T06:21:22.289Z CLI info [debug-utility]   -------------------------------------------------
2026-03-09T06:21:22.290Z CLI info [debug-utility]   Host: app-automate.browserstack.com
2026-03-09T06:21:22.290Z CLI info [debug-utility]   Checking connectivity to: https://app-automate.browserstack.com/robots.txt without Proxy
2026-03-09T06:21:22.451Z CLI info [debug-utility]   Connectivity check completed for URL without Proxy: https://app-automate.browserstack.com/robots.txt
2026-03-09T06:21:22.451Z CLI info [debug-utility]   -------------------------------------------------
2026-03-09T06:21:22.451Z CLI info [debug-utility]   Host: hub.browserstack.com
2026-03-09T06:21:22.451Z CLI info [debug-utility]   Checking connectivity to: https://hub.browserstack.com/wd/hub without Proxy
2026-03-09T06:21:22.505Z CLI info [debug-utility]   Connectivity check completed for URL without Proxy: https://hub.browserstack.com/wd/hub
2026-03-09T06:21:22.505Z CLI info [debug-utility]   -------------------------------------------------
2026-03-09T06:21:22.505Z CLI info [debug-utility]   Host: hub.browserstack.com
2026-03-09T06:21:22.505Z CLI info [debug-utility]   Checking connectivity to: http://hub.browserstack.com/wd/hub without Proxy
2026-03-09T06:21:22.530Z CLI info [debug-utility]   Connectivity check completed for URL without Proxy: http://hub.browserstack.com/wd/hub
2026-03-09T06:21:22.530Z CLI info [debug-utility]   -------------------------------------------------
2026-03-09T06:21:22.530Z CLI info [debug-utility]   Host: cdp.browserstack.com
2026-03-09T06:21:22.530Z CLI info [debug-utility]   Checking connectivity to: https://cdp.browserstack.com without Proxy
2026-03-09T06:21:22.687Z CLI info [debug-utility]   Connectivity check completed for URL without Proxy: https://cdp.browserstack.com
2026-03-09T06:21:22.687Z CLI info [debug-utility]   -------------------------------------------------
2026-03-09T06:21:22.687Z CLI info [debug-utility]   Host: upload-observability.browserstack.com
2026-03-09T06:21:22.687Z CLI info [debug-utility]   Checking connectivity to: https://upload-observability.browserstack.com without Proxy
2026-03-09T06:21:22.862Z CLI info [debug-utility]   Connectivity check completed for URL without Proxy: https://upload-observability.browserstack.com
2026-03-09T06:21:22.862Z CLI info [debug-utility]   -------------------------------------------------
2026-03-09T06:21:22.862Z CLI info [debug-utility]   Host: collector-observability.browserstack.com
2026-03-09T06:21:22.862Z CLI info [debug-utility]   Checking connectivity to: https://collector-observability.browserstack.com without Proxy
2026-03-09T06:21:22.938Z CLI info [debug-utility]   Connectivity check completed for URL without Proxy: https://collector-observability.browserstack.com
2026-03-09T06:21:22.938Z CLI info [debug-utility]   -------------------------------------------------
2026-03-09T06:21:22.938Z CLI info [debug-utility]   Host: eds.browserstack.com
2026-03-09T06:21:22.938Z CLI info [debug-utility]   Checking connectivity to: https://eds.browserstack.com without Proxy
2026-03-09T06:21:22.972Z CLI info [debug-utility]   Connectivity check completed for URL without Proxy: https://eds.browserstack.com
2026-03-09T06:21:22.973Z CLI info [debug-utility]   -------------------------------------------------
2026-03-09T06:21:22.973Z CLI info [debug-utility]   Host: sdk.browserstack.com
2026-03-09T06:21:22.973Z CLI info [debug-utility]   Checking connectivity to: https://sdk.browserstack.com without Proxy
2026-03-09T06:21:23.107Z CLI info [debug-utility]   Connectivity check completed for URL without Proxy: https://sdk.browserstack.com
2026-03-09T06:21:23.107Z CLI info [debug-utility]   
Connectivity check results summary:
2026-03-09T06:21:23.107Z CLI info [debug-utility]   All connectivity checks passed
2026-03-09T06:21:23.107Z CLI info [debug-utility]   

========================browserstack.yml checks========================
2026-03-09T06:21:23.107Z CLI info [debug-utility]   Validating browserstack.yml configuration
2026-03-09T06:21:23.108Z CLI info [debug-utility]   browserstack.yml configuration validation completed
2026-03-09T06:21:23.108Z CLI info [debug-utility]   

========================Project configuration checks========================
2026-03-09T06:21:24.310Z CLI info [debug-utility]   Detecting Node.js version used in the project
2026-03-09T06:21:24.452Z CLI info [debug-utility]   Node.js version detection failed
2026-03-09T06:21:24.452Z CLI error [debug-utility]          Error occurred while detecting Node.js version: Command failed: C:\Program Files\nodejs\node.exe -v
'C:\Program' is not recognized as an internal or external command,
operable program or batch file.

2026-03-09T06:21:24.452Z CLI info [debug-utility]   Verifying installation of BrowserStack SDK
2026-03-09T06:21:24.453Z CLI info [debug-utility]   BrowserStack SDK is installed
2026-03-09T06:21:24.453Z CLI info [debug-utility]          Detected BrowserStack SDK version: 1.50.1
2026-03-09T06:21:24.453Z CLI info [debug-utility]   Detecting frameworks used in the project
2026-03-09T06:21:24.453Z CLI info [debug-utility]   Framework detection completed
2026-03-09T06:21:24.453Z CLI info [debug-utility]          Detected frameworks with versions: {"@playwright/test":"1.58.2","@cucumber/cucumber":"11.3.0"}
2026-03-09T06:21:24.453Z CLI info [debug-utility]   

========================Version compatibility checks========================
2026-03-09T06:21:24.453Z CLI info [debug-utility]   Skipping version compatibility check due to incompatible setup detection.
2026-03-09T06:21:24.454Z CLI debug [debug-utility]   Sending data to EDS: {"event_type":"sdk_events","data":{"testhub_uuid":"","created_day":"2026-03-09T06:21:24.453 UTC","event_name":"SDK_DEBUG_UTILITY_REPORT","user_data":"kjavedirfan_eZBoq7","host_info":"{\"hostname\":\"pe2vdfqaper-018\",\"platform\":\"win32\",\"type\":\"Windows_NT\",\"version\":\"Windows 10 Enterprise\",\"arch\":\"x64\"}","event_json":{"cliArgs":"C:\\Users\\KSuvarna\\.browserstack\\cli\\binary-win-x64.exe C:\\snapshot\\browserstack-binary\\cli\\dist\\index.js sdk","cliVersion":"1.24.2","results":{"system_check":{"metadata":{},"status":true,"messages":[]},"parse_yml":{"metadata":{},"status":true,"messages":[]},"connectivity_check":{"metadata":{"proxySettings":""},"status":true,"messages":[]},"validate_yml":{"metadata":{},"status":true,"messages":[]},"parse_project_config":{"metadata":{"configFilePath":"C:\\Users\\KSuvarna\\Desktop\\follet-test-steps\\package.json"},"status":false,"messages":["Error occurred while detecting Node.js version: Command failed: C:\\Program Files\\nodejs\\node.exe -v\n'C:\\Program' is not recognized as an internal or external command,\r\noperable program or batch file.\r\n"]},"version_compatibility":{"metadata":{},"status":false,"messages":["skipped"]}},"projectDirectory":"C:\\Users\\KSuvarna\\Desktop\\follet-test-steps","bstackconfigFilePath":"C:\\Users\\KSuvarna\\Desktop\\follet-test-steps\\browserstack.yml","projectConfigFilePath":null,"userProxyConfig":null,"sdkVersion":"1.50.1","language":"node","languageVersion":null,"frameworks":{"@playwright/test":"1.58.2","@cucumber/cucumber":"11.3.0"}}}}
2026-03-09T06:21:24.488Z CLI debug [debug-utility]   Data sent successfully to https://eds.browserstack.com with response 200
2026-03-09T06:22:48.998Z CLI info [debug-utility]   Starting debug utility in non-interactive mode with options: {"projectDirectory":"C:\\Users\\KSuvarna\\Desktop\\follet-test-steps","language":"node","username":"kjavedirfan_eZBoq7","key":"wMYFrmsNHB7QEs1RBFu8","bstackconfigFilePath":"C:\\Users\\KSuvarna\\Desktop\\follet-test-steps\\browserstack.yml"}
2026-03-09T06:22:48.998Z CLI info [debug-utility]   ======================system permissions checks======================
2026-03-09T06:22:48.999Z CLI info [debug-utility]   Checking write permissions for directory: C:\Users\KSuvarna\Desktop\follet-test-steps
2026-03-09T06:22:48.999Z CLI info [debug-utility]   Write permissions check completed for directory: C:\Users\KSuvarna\Desktop\follet-test-steps
2026-03-09T06:22:48.999Z CLI info [debug-utility]   Checking write permissions for directory: C:\Users\KSuvarna\.browserstack
2026-03-09T06:22:49.000Z CLI info [debug-utility]   Write permissions check completed for directory: C:\Users\KSuvarna\.browserstack
2026-03-09T06:22:49.000Z CLI info [debug-utility]   

========================Detecting browserstack.yml========================
2026-03-09T06:22:49.003Z CLI info [debug-utility]   

========================connectivity checks========================
2026-03-09T06:22:49.003Z CLI info [debug-utility]   No proxy settings detected.
2026-03-09T06:22:49.003Z CLI info [debug-utility]   -------------------------------------------------
2026-03-09T06:22:49.003Z CLI info [debug-utility]   Host: api.browserstack.com
2026-03-09T06:22:49.003Z CLI info [debug-utility]   Checking connectivity to: https://api.browserstack.com/robots.txt without Proxy
2026-03-09T06:22:49.090Z CLI info [debug-utility]   Connectivity check completed for URL without Proxy: https://api.browserstack.com/robots.txt
2026-03-09T06:22:49.090Z CLI info [debug-utility]   -------------------------------------------------
2026-03-09T06:22:49.091Z CLI info [debug-utility]   Host: api-cloud.browserstack.com
2026-03-09T06:22:49.091Z CLI info [debug-utility]   Checking connectivity to: https://api-cloud.browserstack.com without Proxy
2026-03-09T06:22:49.315Z CLI info [debug-utility]   Connectivity check completed for URL without Proxy: https://api-cloud.browserstack.com
2026-03-09T06:22:49.315Z CLI info [debug-utility]   -------------------------------------------------
2026-03-09T06:22:49.315Z CLI info [debug-utility]   Host: www.browserstack.com
2026-03-09T06:22:49.315Z CLI info [debug-utility]   Checking connectivity to: https://www.browserstack.com/robots.txt without Proxy
2026-03-09T06:22:49.359Z CLI info [debug-utility]   Connectivity check completed for URL without Proxy: https://www.browserstack.com/robots.txt
2026-03-09T06:22:49.359Z CLI info [debug-utility]   -------------------------------------------------
2026-03-09T06:22:49.359Z CLI info [debug-utility]   Host: automate.browserstack.com
2026-03-09T06:22:49.359Z CLI info [debug-utility]   Checking connectivity to: https://automate.browserstack.com/robots.txt without Proxy
2026-03-09T06:22:49.602Z CLI info [debug-utility]   Connectivity check completed for URL without Proxy: https://automate.browserstack.com/robots.txt
2026-03-09T06:22:49.603Z CLI info [debug-utility]   -------------------------------------------------
2026-03-09T06:22:49.603Z CLI info [debug-utility]   Host: app-automate.browserstack.com
2026-03-09T06:22:49.603Z CLI info [debug-utility]   Checking connectivity to: https://app-automate.browserstack.com/robots.txt without Proxy
2026-03-09T06:22:49.801Z CLI info [debug-utility]   Connectivity check completed for URL without Proxy: https://app-automate.browserstack.com/robots.txt
2026-03-09T06:22:49.801Z CLI info [debug-utility]   -------------------------------------------------
2026-03-09T06:22:49.801Z CLI info [debug-utility]   Host: hub.browserstack.com
2026-03-09T06:22:49.801Z CLI info [debug-utility]   Checking connectivity to: https://hub.browserstack.com/wd/hub without Proxy
2026-03-09T06:22:49.842Z CLI info [debug-utility]   Connectivity check completed for URL without Proxy: https://hub.browserstack.com/wd/hub
2026-03-09T06:22:49.842Z CLI info [debug-utility]   -------------------------------------------------
2026-03-09T06:22:49.842Z CLI info [debug-utility]   Host: hub.browserstack.com
2026-03-09T06:22:49.842Z CLI info [debug-utility]   Checking connectivity to: http://hub.browserstack.com/wd/hub without Proxy
2026-03-09T06:22:49.868Z CLI info [debug-utility]   Connectivity check completed for URL without Proxy: http://hub.browserstack.com/wd/hub
2026-03-09T06:22:49.868Z CLI info [debug-utility]   -------------------------------------------------
2026-03-09T06:22:49.868Z CLI info [debug-utility]   Host: cdp.browserstack.com
2026-03-09T06:22:49.868Z CLI info [debug-utility]   Checking connectivity to: https://cdp.browserstack.com without Proxy
2026-03-09T06:22:49.980Z CLI info [debug-utility]   Connectivity check completed for URL without Proxy: https://cdp.browserstack.com
2026-03-09T06:22:49.980Z CLI info [debug-utility]   -------------------------------------------------
2026-03-09T06:22:49.980Z CLI info [debug-utility]   Host: upload-observability.browserstack.com
2026-03-09T06:22:49.980Z CLI info [debug-utility]   Checking connectivity to: https://upload-observability.browserstack.com without Proxy
2026-03-09T06:22:50.185Z CLI info [debug-utility]   Connectivity check completed for URL without Proxy: https://upload-observability.browserstack.com
2026-03-09T06:22:50.185Z CLI info [debug-utility]   -------------------------------------------------
2026-03-09T06:22:50.185Z CLI info [debug-utility]   Host: collector-observability.browserstack.com
2026-03-09T06:22:50.185Z CLI info [debug-utility]   Checking connectivity to: https://collector-observability.browserstack.com without Proxy
2026-03-09T06:22:50.267Z CLI info [debug-utility]   Connectivity check completed for URL without Proxy: https://collector-observability.browserstack.com
2026-03-09T06:22:50.267Z CLI info [debug-utility]   -------------------------------------------------
2026-03-09T06:22:50.267Z CLI info [debug-utility]   Host: eds.browserstack.com
2026-03-09T06:22:50.267Z CLI info [debug-utility]   Checking connectivity to: https://eds.browserstack.com without Proxy
2026-03-09T06:22:50.305Z CLI info [debug-utility]   Connectivity check completed for URL without Proxy: https://eds.browserstack.com
2026-03-09T06:22:50.305Z CLI info [debug-utility]   -------------------------------------------------
2026-03-09T06:22:50.306Z CLI info [debug-utility]   Host: sdk.browserstack.com
2026-03-09T06:22:50.306Z CLI info [debug-utility]   Checking connectivity to: https://sdk.browserstack.com without Proxy
2026-03-09T06:22:50.438Z CLI info [debug-utility]   Connectivity check completed for URL without Proxy: https://sdk.browserstack.com
2026-03-09T06:22:50.438Z CLI info [debug-utility]   
Connectivity check results summary:
2026-03-09T06:22:50.438Z CLI info [debug-utility]   All connectivity checks passed
2026-03-09T06:22:50.438Z CLI info [debug-utility]   

========================browserstack.yml checks========================
2026-03-09T06:22:50.438Z CLI info [debug-utility]   Validating browserstack.yml configuration
2026-03-09T06:22:50.439Z CLI info [debug-utility]   browserstack.yml configuration validation completed
2026-03-09T06:22:50.439Z CLI info [debug-utility]   

========================Project configuration checks========================
2026-03-09T06:22:51.610Z CLI info [debug-utility]   Detecting Node.js version used in the project
2026-03-09T06:22:51.743Z CLI info [debug-utility]   Node.js version detection failed
2026-03-09T06:22:51.743Z CLI error [debug-utility]          Error occurred while detecting Node.js version: Command failed: C:\Program Files\nodejs\node.exe -v
'C:\Program' is not recognized as an internal or external command,
operable program or batch file.

2026-03-09T06:22:51.743Z CLI info [debug-utility]   Verifying installation of BrowserStack SDK
2026-03-09T06:22:51.744Z CLI info [debug-utility]   BrowserStack SDK is installed
2026-03-09T06:22:51.744Z CLI info [debug-utility]          Detected BrowserStack SDK version: 1.50.1
2026-03-09T06:22:51.744Z CLI info [debug-utility]   Detecting frameworks used in the project
2026-03-09T06:22:51.744Z CLI info [debug-utility]   Framework detection completed
2026-03-09T06:22:51.744Z CLI info [debug-utility]          Detected frameworks with versions: {"@playwright/test":"1.58.2","@cucumber/cucumber":"11.3.0"}
2026-03-09T06:22:51.744Z CLI info [debug-utility]   

========================Version compatibility checks========================
2026-03-09T06:22:51.744Z CLI info [debug-utility]   Skipping version compatibility check due to incompatible setup detection.
2026-03-09T06:22:51.745Z CLI debug [debug-utility]   Sending data to EDS: {"event_type":"sdk_events","data":{"testhub_uuid":"","created_day":"2026-03-09T06:22:51.744 UTC","event_name":"SDK_DEBUG_UTILITY_REPORT","user_data":"kjavedirfan_eZBoq7","host_info":"{\"hostname\":\"pe2vdfqaper-018\",\"platform\":\"win32\",\"type\":\"Windows_NT\",\"version\":\"Windows 10 Enterprise\",\"arch\":\"x64\"}","event_json":{"cliArgs":"C:\\Users\\KSuvarna\\.browserstack\\cli\\binary-win-x64.exe C:\\snapshot\\browserstack-binary\\cli\\dist\\index.js sdk","cliVersion":"1.24.2","results":{"system_check":{"metadata":{},"status":true,"messages":[]},"parse_yml":{"metadata":{},"status":true,"messages":[]},"connectivity_check":{"metadata":{"proxySettings":""},"status":true,"messages":[]},"validate_yml":{"metadata":{},"status":true,"messages":[]},"parse_project_config":{"metadata":{"configFilePath":"C:\\Users\\KSuvarna\\Desktop\\follet-test-steps\\package.json"},"status":false,"messages":["Error occurred while detecting Node.js version: Command failed: C:\\Program Files\\nodejs\\node.exe -v\n'C:\\Program' is not recognized as an internal or external command,\r\noperable program or batch file.\r\n"]},"version_compatibility":{"metadata":{},"status":false,"messages":["skipped"]}},"projectDirectory":"C:\\Users\\KSuvarna\\Desktop\\follet-test-steps","bstackconfigFilePath":"C:\\Users\\KSuvarna\\Desktop\\follet-test-steps\\browserstack.yml","projectConfigFilePath":null,"userProxyConfig":null,"sdkVersion":"1.50.1","language":"node","languageVersion":null,"frameworks":{"@playwright/test":"1.58.2","@cucumber/cucumber":"11.3.0"}}}}
2026-03-09T06:22:51.780Z CLI debug [debug-utility]   Data sent successfully to https://eds.browserstack.com with response 200
2026-03-09T06:24:54.822Z CLI info [debug-utility]   Starting debug utility in non-interactive mode with options: {"projectDirectory":"C:\\Users\\KSuvarna\\Desktop\\follet-test-steps","language":"node","username":"kjavedirfan_eZBoq7","key":"wMYFrmsNHB7QEs1RBFu8","bstackconfigFilePath":"C:\\Users\\KSuvarna\\Desktop\\follet-test-steps\\browserstack.yml"}
2026-03-09T06:24:54.822Z CLI info [debug-utility]   ======================system permissions checks======================
2026-03-09T06:24:54.823Z CLI info [debug-utility]   Checking write permissions for directory: C:\Users\KSuvarna\Desktop\follet-test-steps
2026-03-09T06:24:54.824Z CLI info [debug-utility]   Write permissions check completed for directory: C:\Users\KSuvarna\Desktop\follet-test-steps
2026-03-09T06:24:54.824Z CLI info [debug-utility]   Checking write permissions for directory: C:\Users\KSuvarna\.browserstack
2026-03-09T06:24:54.824Z CLI info [debug-utility]   Write permissions check completed for directory: C:\Users\KSuvarna\.browserstack
2026-03-09T06:24:54.824Z CLI info [debug-utility]   

========================Detecting browserstack.yml========================
2026-03-09T06:24:54.827Z CLI info [debug-utility]   

========================connectivity checks========================
2026-03-09T06:24:54.827Z CLI info [debug-utility]   No proxy settings detected.
2026-03-09T06:24:54.828Z CLI info [debug-utility]   -------------------------------------------------
2026-03-09T06:24:54.828Z CLI info [debug-utility]   Host: api.browserstack.com
2026-03-09T06:24:54.828Z CLI info [debug-utility]   Checking connectivity to: https://api.browserstack.com/robots.txt without Proxy
2026-03-09T06:24:54.925Z CLI info [debug-utility]   Connectivity check completed for URL without Proxy: https://api.browserstack.com/robots.txt
2026-03-09T06:24:54.925Z CLI info [debug-utility]   -------------------------------------------------
2026-03-09T06:24:54.926Z CLI info [debug-utility]   Host: api-cloud.browserstack.com
2026-03-09T06:24:54.926Z CLI info [debug-utility]   Checking connectivity to: https://api-cloud.browserstack.com without Proxy
2026-03-09T06:24:55.107Z CLI info [debug-utility]   Connectivity check completed for URL without Proxy: https://api-cloud.browserstack.com
2026-03-09T06:24:55.108Z CLI info [debug-utility]   -------------------------------------------------
2026-03-09T06:24:55.108Z CLI info [debug-utility]   Host: www.browserstack.com
2026-03-09T06:24:55.108Z CLI info [debug-utility]   Checking connectivity to: https://www.browserstack.com/robots.txt without Proxy
2026-03-09T06:24:55.164Z CLI info [debug-utility]   Connectivity check completed for URL without Proxy: https://www.browserstack.com/robots.txt
2026-03-09T06:24:55.164Z CLI info [debug-utility]   -------------------------------------------------
2026-03-09T06:24:55.164Z CLI info [debug-utility]   Host: automate.browserstack.com
2026-03-09T06:24:55.164Z CLI info [debug-utility]   Checking connectivity to: https://automate.browserstack.com/robots.txt without Proxy
2026-03-09T06:24:55.290Z CLI info [debug-utility]   Connectivity check completed for URL without Proxy: https://automate.browserstack.com/robots.txt
2026-03-09T06:24:55.290Z CLI info [debug-utility]   -------------------------------------------------
2026-03-09T06:24:55.291Z CLI info [debug-utility]   Host: app-automate.browserstack.com
2026-03-09T06:24:55.291Z CLI info [debug-utility]   Checking connectivity to: https://app-automate.browserstack.com/robots.txt without Proxy
2026-03-09T06:24:55.421Z CLI info [debug-utility]   Connectivity check completed for URL without Proxy: https://app-automate.browserstack.com/robots.txt
2026-03-09T06:24:55.421Z CLI info [debug-utility]   -------------------------------------------------
2026-03-09T06:24:55.421Z CLI info [debug-utility]   Host: hub.browserstack.com
2026-03-09T06:24:55.421Z CLI info [debug-utility]   Checking connectivity to: https://hub.browserstack.com/wd/hub without Proxy
2026-03-09T06:24:55.461Z CLI info [debug-utility]   Connectivity check completed for URL without Proxy: https://hub.browserstack.com/wd/hub
2026-03-09T06:24:55.461Z CLI info [debug-utility]   -------------------------------------------------
2026-03-09T06:24:55.461Z CLI info [debug-utility]   Host: hub.browserstack.com
2026-03-09T06:24:55.461Z CLI info [debug-utility]   Checking connectivity to: http://hub.browserstack.com/wd/hub without Proxy
2026-03-09T06:24:55.483Z CLI info [debug-utility]   Connectivity check completed for URL without Proxy: http://hub.browserstack.com/wd/hub
2026-03-09T06:24:55.483Z CLI info [debug-utility]   -------------------------------------------------
2026-03-09T06:24:55.483Z CLI info [debug-utility]   Host: cdp.browserstack.com
2026-03-09T06:24:55.483Z CLI info [debug-utility]   Checking connectivity to: https://cdp.browserstack.com without Proxy
2026-03-09T06:24:55.567Z CLI info [debug-utility]   Connectivity check completed for URL without Proxy: https://cdp.browserstack.com
2026-03-09T06:24:55.567Z CLI info [debug-utility]   -------------------------------------------------
2026-03-09T06:24:55.567Z CLI info [debug-utility]   Host: upload-observability.browserstack.com
2026-03-09T06:24:55.567Z CLI info [debug-utility]   Checking connectivity to: https://upload-observability.browserstack.com without Proxy
2026-03-09T06:24:55.670Z CLI info [debug-utility]   Connectivity check completed for URL without Proxy: https://upload-observability.browserstack.com
2026-03-09T06:24:55.670Z CLI info [debug-utility]   -------------------------------------------------
2026-03-09T06:24:55.670Z CLI info [debug-utility]   Host: collector-observability.browserstack.com
2026-03-09T06:24:55.670Z CLI info [debug-utility]   Checking connectivity to: https://collector-observability.browserstack.com without Proxy
2026-03-09T06:24:56.255Z CLI info [debug-utility]   Connectivity check completed for URL without Proxy: https://collector-observability.browserstack.com
2026-03-09T06:24:56.255Z CLI info [debug-utility]   -------------------------------------------------
2026-03-09T06:24:56.255Z CLI info [debug-utility]   Host: eds.browserstack.com
2026-03-09T06:24:56.255Z CLI info [debug-utility]   Checking connectivity to: https://eds.browserstack.com without Proxy
2026-03-09T06:24:56.295Z CLI info [debug-utility]   Connectivity check completed for URL without Proxy: https://eds.browserstack.com
2026-03-09T06:24:56.295Z CLI info [debug-utility]   -------------------------------------------------
2026-03-09T06:24:56.295Z CLI info [debug-utility]   Host: sdk.browserstack.com
2026-03-09T06:24:56.295Z CLI info [debug-utility]   Checking connectivity to: https://sdk.browserstack.com without Proxy
2026-03-09T06:24:56.410Z CLI info [debug-utility]   Connectivity check completed for URL without Proxy: https://sdk.browserstack.com
2026-03-09T06:24:56.410Z CLI info [debug-utility]   
Connectivity check results summary:
2026-03-09T06:24:56.410Z CLI info [debug-utility]   All connectivity checks passed
2026-03-09T06:24:56.410Z CLI info [debug-utility]   

========================browserstack.yml checks========================
2026-03-09T06:24:56.410Z CLI info [debug-utility]   Validating browserstack.yml configuration
2026-03-09T06:24:56.411Z CLI info [debug-utility]   browserstack.yml configuration validation completed
2026-03-09T06:24:56.411Z CLI info [debug-utility]   

========================Project configuration checks========================
2026-03-09T06:24:57.591Z CLI info [debug-utility]   Detecting Node.js version used in the project
2026-03-09T06:24:57.731Z CLI info [debug-utility]   Node.js version detection failed
2026-03-09T06:24:57.731Z CLI error [debug-utility]          Error occurred while detecting Node.js version: Command failed: C:\Program Files\nodejs\node.exe -v
'C:\Program' is not recognized as an internal or external command,
operable program or batch file.

2026-03-09T06:24:57.731Z CLI info [debug-utility]   Verifying installation of BrowserStack SDK
2026-03-09T06:24:57.732Z CLI info [debug-utility]   BrowserStack SDK is installed
2026-03-09T06:24:57.732Z CLI info [debug-utility]          Detected BrowserStack SDK version: 1.50.1
2026-03-09T06:24:57.732Z CLI info [debug-utility]   Detecting frameworks used in the project
2026-03-09T06:24:57.732Z CLI info [debug-utility]   Framework detection completed
2026-03-09T06:24:57.732Z CLI info [debug-utility]          Detected frameworks with versions: {"@playwright/test":"1.58.2","@cucumber/cucumber":"11.3.0"}
2026-03-09T06:24:57.732Z CLI info [debug-utility]   

========================Version compatibility checks========================
2026-03-09T06:24:57.732Z CLI info [debug-utility]   Skipping version compatibility check due to incompatible setup detection.
2026-03-09T06:24:57.733Z CLI debug [debug-utility]   Sending data to EDS: {"event_type":"sdk_events","data":{"testhub_uuid":"","created_day":"2026-03-09T06:24:57.732 UTC","event_name":"SDK_DEBUG_UTILITY_REPORT","user_data":"kjavedirfan_eZBoq7","host_info":"{\"hostname\":\"pe2vdfqaper-018\",\"platform\":\"win32\",\"type\":\"Windows_NT\",\"version\":\"Windows 10 Enterprise\",\"arch\":\"x64\"}","event_json":{"cliArgs":"C:\\Users\\KSuvarna\\.browserstack\\cli\\binary-win-x64.exe C:\\snapshot\\browserstack-binary\\cli\\dist\\index.js sdk","cliVersion":"1.24.2","results":{"system_check":{"metadata":{},"status":true,"messages":[]},"parse_yml":{"metadata":{},"status":true,"messages":[]},"connectivity_check":{"metadata":{"proxySettings":""},"status":true,"messages":[]},"validate_yml":{"metadata":{},"status":true,"messages":[]},"parse_project_config":{"metadata":{"configFilePath":"C:\\Users\\KSuvarna\\Desktop\\follet-test-steps\\package.json"},"status":false,"messages":["Error occurred while detecting Node.js version: Command failed: C:\\Program Files\\nodejs\\node.exe -v\n'C:\\Program' is not recognized as an internal or external command,\r\noperable program or batch file.\r\n"]},"version_compatibility":{"metadata":{},"status":false,"messages":["skipped"]}},"projectDirectory":"C:\\Users\\KSuvarna\\Desktop\\follet-test-steps","bstackconfigFilePath":"C:\\Users\\KSuvarna\\Desktop\\follet-test-steps\\browserstack.yml","projectConfigFilePath":null,"userProxyConfig":null,"sdkVersion":"1.50.1","language":"node","languageVersion":null,"frameworks":{"@playwright/test":"1.58.2","@cucumber/cucumber":"11.3.0"}}}}
2026-03-09T06:24:57.766Z CLI debug [debug-utility]   Data sent successfully to https://eds.browserstack.com with response 200
2026-03-09T06:41:34.508Z CLI info [debug-utility]   Starting debug utility in non-interactive mode with options: {"projectDirectory":"C:\\Users\\KSuvarna\\Desktop\\follet-test-steps","language":"node","username":"kjavedirfan_eZBoq7","key":"wMYFrmsNHB7QEs1RBFu8","bstackconfigFilePath":"C:\\Users\\KSuvarna\\Desktop\\follet-test-steps\\browserstack.yml"}
2026-03-09T06:41:34.508Z CLI info [debug-utility]   ======================system permissions checks======================
2026-03-09T06:41:34.509Z CLI info [debug-utility]   Checking write permissions for directory: C:\Users\KSuvarna\Desktop\follet-test-steps
2026-03-09T06:41:34.510Z CLI info [debug-utility]   Write permissions check completed for directory: C:\Users\KSuvarna\Desktop\follet-test-steps
2026-03-09T06:41:34.510Z CLI info [debug-utility]   Checking write permissions for directory: C:\Users\KSuvarna\.browserstack
2026-03-09T06:41:34.510Z CLI info [debug-utility]   Write permissions check completed for directory: C:\Users\KSuvarna\.browserstack
2026-03-09T06:41:34.510Z CLI info [debug-utility]   

========================Detecting browserstack.yml========================
2026-03-09T06:41:34.513Z CLI info [debug-utility]   

========================connectivity checks========================
2026-03-09T06:41:34.514Z CLI info [debug-utility]   No proxy settings detected.
2026-03-09T06:41:34.514Z CLI info [debug-utility]   -------------------------------------------------
2026-03-09T06:41:34.514Z CLI info [debug-utility]   Host: api.browserstack.com
2026-03-09T06:41:34.514Z CLI info [debug-utility]   Checking connectivity to: https://api.browserstack.com/robots.txt without Proxy
2026-03-09T06:41:34.605Z CLI info [debug-utility]   Connectivity check completed for URL without Proxy: https://api.browserstack.com/robots.txt
2026-03-09T06:41:34.605Z CLI info [debug-utility]   -------------------------------------------------
2026-03-09T06:41:34.605Z CLI info [debug-utility]   Host: api-cloud.browserstack.com
2026-03-09T06:41:34.605Z CLI info [debug-utility]   Checking connectivity to: https://api-cloud.browserstack.com without Proxy
2026-03-09T06:41:34.822Z CLI info [debug-utility]   Connectivity check completed for URL without Proxy: https://api-cloud.browserstack.com
2026-03-09T06:41:34.822Z CLI info [debug-utility]   -------------------------------------------------
2026-03-09T06:41:34.822Z CLI info [debug-utility]   Host: www.browserstack.com
2026-03-09T06:41:34.823Z CLI info [debug-utility]   Checking connectivity to: https://www.browserstack.com/robots.txt without Proxy
2026-03-09T06:41:34.944Z CLI info [debug-utility]   Connectivity check completed for URL without Proxy: https://www.browserstack.com/robots.txt
2026-03-09T06:41:34.945Z CLI info [debug-utility]   -------------------------------------------------
2026-03-09T06:41:34.945Z CLI info [debug-utility]   Host: automate.browserstack.com
2026-03-09T06:41:34.945Z CLI info [debug-utility]   Checking connectivity to: https://automate.browserstack.com/robots.txt without Proxy
2026-03-09T06:41:35.073Z CLI info [debug-utility]   Connectivity check completed for URL without Proxy: https://automate.browserstack.com/robots.txt
2026-03-09T06:41:35.074Z CLI info [debug-utility]   -------------------------------------------------
2026-03-09T06:41:35.074Z CLI info [debug-utility]   Host: app-automate.browserstack.com
2026-03-09T06:41:35.074Z CLI info [debug-utility]   Checking connectivity to: https://app-automate.browserstack.com/robots.txt without Proxy
2026-03-09T06:41:35.203Z CLI info [debug-utility]   Connectivity check completed for URL without Proxy: https://app-automate.browserstack.com/robots.txt
2026-03-09T06:41:35.203Z CLI info [debug-utility]   -------------------------------------------------
2026-03-09T06:41:35.203Z CLI info [debug-utility]   Host: hub.browserstack.com
2026-03-09T06:41:35.203Z CLI info [debug-utility]   Checking connectivity to: https://hub.browserstack.com/wd/hub without Proxy
2026-03-09T06:41:35.241Z CLI info [debug-utility]   Connectivity check completed for URL without Proxy: https://hub.browserstack.com/wd/hub
2026-03-09T06:41:35.241Z CLI info [debug-utility]   -------------------------------------------------
2026-03-09T06:41:35.241Z CLI info [debug-utility]   Host: hub.browserstack.com
2026-03-09T06:41:35.241Z CLI info [debug-utility]   Checking connectivity to: http://hub.browserstack.com/wd/hub without Proxy
2026-03-09T06:41:35.261Z CLI info [debug-utility]   Connectivity check completed for URL without Proxy: http://hub.browserstack.com/wd/hub
2026-03-09T06:41:35.262Z CLI info [debug-utility]   -------------------------------------------------
2026-03-09T06:41:35.262Z CLI info [debug-utility]   Host: cdp.browserstack.com
2026-03-09T06:41:35.262Z CLI info [debug-utility]   Checking connectivity to: https://cdp.browserstack.com without Proxy
2026-03-09T06:41:35.389Z CLI info [debug-utility]   Connectivity check completed for URL without Proxy: https://cdp.browserstack.com
2026-03-09T06:41:35.389Z CLI info [debug-utility]   -------------------------------------------------
2026-03-09T06:41:35.389Z CLI info [debug-utility]   Host: upload-observability.browserstack.com
2026-03-09T06:41:35.389Z CLI info [debug-utility]   Checking connectivity to: https://upload-observability.browserstack.com without Proxy
2026-03-09T06:41:35.573Z CLI info [debug-utility]   Connectivity check completed for URL without Proxy: https://upload-observability.browserstack.com
2026-03-09T06:41:35.573Z CLI info [debug-utility]   -------------------------------------------------
2026-03-09T06:41:35.573Z CLI info [debug-utility]   Host: collector-observability.browserstack.com
2026-03-09T06:41:35.573Z CLI info [debug-utility]   Checking connectivity to: https://collector-observability.browserstack.com without Proxy
2026-03-09T06:41:35.679Z CLI info [debug-utility]   Connectivity check completed for URL without Proxy: https://collector-observability.browserstack.com
2026-03-09T06:41:35.679Z CLI info [debug-utility]   -------------------------------------------------
2026-03-09T06:41:35.679Z CLI info [debug-utility]   Host: eds.browserstack.com
2026-03-09T06:41:35.679Z CLI info [debug-utility]   Checking connectivity to: https://eds.browserstack.com without Proxy
2026-03-09T06:41:35.783Z CLI info [debug-utility]   Connectivity check completed for URL without Proxy: https://eds.browserstack.com
2026-03-09T06:41:35.784Z CLI info [debug-utility]   -------------------------------------------------
2026-03-09T06:41:35.784Z CLI info [debug-utility]   Host: sdk.browserstack.com
2026-03-09T06:41:35.784Z CLI info [debug-utility]   Checking connectivity to: https://sdk.browserstack.com without Proxy
2026-03-09T06:41:35.901Z CLI info [debug-utility]   Connectivity check completed for URL without Proxy: https://sdk.browserstack.com
2026-03-09T06:41:35.901Z CLI info [debug-utility]   
Connectivity check results summary:
2026-03-09T06:41:35.902Z CLI info [debug-utility]   All connectivity checks passed
2026-03-09T06:41:35.902Z CLI info [debug-utility]   

========================browserstack.yml checks========================
2026-03-09T06:41:35.902Z CLI info [debug-utility]   Validating browserstack.yml configuration
2026-03-09T06:41:35.902Z CLI info [debug-utility]   browserstack.yml configuration validation completed
2026-03-09T06:41:35.902Z CLI info [debug-utility]   

========================Project configuration checks========================
2026-03-09T06:41:37.141Z CLI info [debug-utility]   Detecting Node.js version used in the project
2026-03-09T06:41:37.271Z CLI info [debug-utility]   Node.js version detection failed
2026-03-09T06:41:37.271Z CLI error [debug-utility]          Error occurred while detecting Node.js version: Command failed: C:\Program Files\nodejs\node.exe -v
'C:\Program' is not recognized as an internal or external command,
operable program or batch file.

2026-03-09T06:41:37.271Z CLI info [debug-utility]   Verifying installation of BrowserStack SDK
2026-03-09T06:41:37.271Z CLI info [debug-utility]   BrowserStack SDK is installed
2026-03-09T06:41:37.272Z CLI info [debug-utility]          Detected BrowserStack SDK version: 1.50.1
2026-03-09T06:41:37.272Z CLI info [debug-utility]   Detecting frameworks used in the project
2026-03-09T06:41:37.272Z CLI info [debug-utility]   Framework detection completed
2026-03-09T06:41:37.272Z CLI info [debug-utility]          Detected frameworks with versions: {"@playwright/test":"1.58.2","@cucumber/cucumber":"11.3.0"}
2026-03-09T06:41:37.272Z CLI info [debug-utility]   

========================Version compatibility checks========================
2026-03-09T06:41:37.272Z CLI info [debug-utility]   Skipping version compatibility check due to incompatible setup detection.
2026-03-09T06:41:37.272Z CLI debug [debug-utility]   Sending data to EDS: {"event_type":"sdk_events","data":{"testhub_uuid":"","created_day":"2026-03-09T06:41:37.272 UTC","event_name":"SDK_DEBUG_UTILITY_REPORT","user_data":"kjavedirfan_eZBoq7","host_info":"{\"hostname\":\"pe2vdfqaper-018\",\"platform\":\"win32\",\"type\":\"Windows_NT\",\"version\":\"Windows 10 Enterprise\",\"arch\":\"x64\"}","event_json":{"cliArgs":"C:\\Users\\KSuvarna\\.browserstack\\cli\\binary-win-x64.exe C:\\snapshot\\browserstack-binary\\cli\\dist\\index.js sdk","cliVersion":"1.24.2","results":{"system_check":{"metadata":{},"status":true,"messages":[]},"parse_yml":{"metadata":{},"status":true,"messages":[]},"connectivity_check":{"metadata":{"proxySettings":""},"status":true,"messages":[]},"validate_yml":{"metadata":{},"status":true,"messages":[]},"parse_project_config":{"metadata":{"configFilePath":"C:\\Users\\KSuvarna\\Desktop\\follet-test-steps\\package.json"},"status":false,"messages":["Error occurred while detecting Node.js version: Command failed: C:\\Program Files\\nodejs\\node.exe -v\n'C:\\Program' is not recognized as an internal or external command,\r\noperable program or batch file.\r\n"]},"version_compatibility":{"metadata":{},"status":false,"messages":["skipped"]}},"projectDirectory":"C:\\Users\\KSuvarna\\Desktop\\follet-test-steps","bstackconfigFilePath":"C:\\Users\\KSuvarna\\Desktop\\follet-test-steps\\browserstack.yml","projectConfigFilePath":null,"userProxyConfig":null,"sdkVersion":"1.50.1","language":"node","languageVersion":null,"frameworks":{"@playwright/test":"1.58.2","@cucumber/cucumber":"11.3.0"}}}}
2026-03-09T06:41:37.302Z CLI debug [debug-utility]   Data sent successfully to https://eds.browserstack.com with response 200
2026-03-09T06:46:19.739Z CLI info [debug-utility]   Starting debug utility in non-interactive mode with options: {"projectDirectory":"C:\\Users\\KSuvarna\\Desktop\\follet-test-steps","language":"node","username":"kjavedirfan_eZBoq7","key":"wMYFrmsNHB7QEs1RBFu8","bstackconfigFilePath":"C:\\Users\\KSuvarna\\Desktop\\follet-test-steps\\browserstack.yml"}
2026-03-09T06:46:19.740Z CLI info [debug-utility]   ======================system permissions checks======================
2026-03-09T06:46:19.740Z CLI info [debug-utility]   Checking write permissions for directory: C:\Users\KSuvarna\Desktop\follet-test-steps
2026-03-09T06:46:19.741Z CLI info [debug-utility]   Write permissions check completed for directory: C:\Users\KSuvarna\Desktop\follet-test-steps
2026-03-09T06:46:19.741Z CLI info [debug-utility]   Checking write permissions for directory: C:\Users\KSuvarna\.browserstack
2026-03-09T06:46:19.742Z CLI info [debug-utility]   Write permissions check completed for directory: C:\Users\KSuvarna\.browserstack
2026-03-09T06:46:19.742Z CLI info [debug-utility]   

========================Detecting browserstack.yml========================
2026-03-09T06:46:19.745Z CLI info [debug-utility]   

========================connectivity checks========================
2026-03-09T06:46:19.745Z CLI info [debug-utility]   No proxy settings detected.
2026-03-09T06:46:19.745Z CLI info [debug-utility]   -------------------------------------------------
2026-03-09T06:46:19.745Z CLI info [debug-utility]   Host: api.browserstack.com
2026-03-09T06:46:19.745Z CLI info [debug-utility]   Checking connectivity to: https://api.browserstack.com/robots.txt without Proxy
2026-03-09T06:46:19.859Z CLI info [debug-utility]   Connectivity check completed for URL without Proxy: https://api.browserstack.com/robots.txt
2026-03-09T06:46:19.859Z CLI info [debug-utility]   -------------------------------------------------
2026-03-09T06:46:19.859Z CLI info [debug-utility]   Host: api-cloud.browserstack.com
2026-03-09T06:46:19.859Z CLI info [debug-utility]   Checking connectivity to: https://api-cloud.browserstack.com without Proxy
2026-03-09T06:46:20.047Z CLI info [debug-utility]   Connectivity check completed for URL without Proxy: https://api-cloud.browserstack.com
2026-03-09T06:46:20.047Z CLI info [debug-utility]   -------------------------------------------------
2026-03-09T06:46:20.047Z CLI info [debug-utility]   Host: www.browserstack.com
2026-03-09T06:46:20.047Z CLI info [debug-utility]   Checking connectivity to: https://www.browserstack.com/robots.txt without Proxy
2026-03-09T06:46:20.087Z CLI info [debug-utility]   Connectivity check completed for URL without Proxy: https://www.browserstack.com/robots.txt
2026-03-09T06:46:20.087Z CLI info [debug-utility]   -------------------------------------------------
2026-03-09T06:46:20.088Z CLI info [debug-utility]   Host: automate.browserstack.com
2026-03-09T06:46:20.088Z CLI info [debug-utility]   Checking connectivity to: https://automate.browserstack.com/robots.txt without Proxy
2026-03-09T06:46:20.215Z CLI info [debug-utility]   Connectivity check completed for URL without Proxy: https://automate.browserstack.com/robots.txt
2026-03-09T06:46:20.216Z CLI info [debug-utility]   -------------------------------------------------
2026-03-09T06:46:20.216Z CLI info [debug-utility]   Host: app-automate.browserstack.com
2026-03-09T06:46:20.216Z CLI info [debug-utility]   Checking connectivity to: https://app-automate.browserstack.com/robots.txt without Proxy
2026-03-09T06:46:20.351Z CLI info [debug-utility]   Connectivity check completed for URL without Proxy: https://app-automate.browserstack.com/robots.txt
2026-03-09T06:46:20.351Z CLI info [debug-utility]   -------------------------------------------------
2026-03-09T06:46:20.351Z CLI info [debug-utility]   Host: hub.browserstack.com
2026-03-09T06:46:20.352Z CLI info [debug-utility]   Checking connectivity to: https://hub.browserstack.com/wd/hub without Proxy
2026-03-09T06:46:20.404Z CLI info [debug-utility]   Connectivity check completed for URL without Proxy: https://hub.browserstack.com/wd/hub
2026-03-09T06:46:20.404Z CLI info [debug-utility]   -------------------------------------------------
2026-03-09T06:46:20.404Z CLI info [debug-utility]   Host: hub.browserstack.com
2026-03-09T06:46:20.404Z CLI info [debug-utility]   Checking connectivity to: http://hub.browserstack.com/wd/hub without Proxy
2026-03-09T06:46:20.425Z CLI info [debug-utility]   Connectivity check completed for URL without Proxy: http://hub.browserstack.com/wd/hub
2026-03-09T06:46:20.425Z CLI info [debug-utility]   -------------------------------------------------
2026-03-09T06:46:20.425Z CLI info [debug-utility]   Host: cdp.browserstack.com
2026-03-09T06:46:20.425Z CLI info [debug-utility]   Checking connectivity to: https://cdp.browserstack.com without Proxy
2026-03-09T06:46:20.517Z CLI info [debug-utility]   Connectivity check completed for URL without Proxy: https://cdp.browserstack.com
2026-03-09T06:46:20.517Z CLI info [debug-utility]   -------------------------------------------------
2026-03-09T06:46:20.517Z CLI info [debug-utility]   Host: upload-observability.browserstack.com
2026-03-09T06:46:20.517Z CLI info [debug-utility]   Checking connectivity to: https://upload-observability.browserstack.com without Proxy
2026-03-09T06:46:20.847Z CLI info [debug-utility]   Connectivity check completed for URL without Proxy: https://upload-observability.browserstack.com
2026-03-09T06:46:20.847Z CLI info [debug-utility]   -------------------------------------------------
2026-03-09T06:46:20.847Z CLI info [debug-utility]   Host: collector-observability.browserstack.com
2026-03-09T06:46:20.847Z CLI info [debug-utility]   Checking connectivity to: https://collector-observability.browserstack.com without Proxy
2026-03-09T06:46:21.159Z CLI info [debug-utility]   Connectivity check completed for URL without Proxy: https://collector-observability.browserstack.com
2026-03-09T06:46:21.159Z CLI info [debug-utility]   -------------------------------------------------
2026-03-09T06:46:21.159Z CLI info [debug-utility]   Host: eds.browserstack.com
2026-03-09T06:46:21.159Z CLI info [debug-utility]   Checking connectivity to: https://eds.browserstack.com without Proxy
2026-03-09T06:46:21.196Z CLI info [debug-utility]   Connectivity check completed for URL without Proxy: https://eds.browserstack.com
2026-03-09T06:46:21.197Z CLI info [debug-utility]   -------------------------------------------------
2026-03-09T06:46:21.197Z CLI info [debug-utility]   Host: sdk.browserstack.com
2026-03-09T06:46:21.197Z CLI info [debug-utility]   Checking connectivity to: https://sdk.browserstack.com without Proxy
2026-03-09T06:46:21.328Z CLI info [debug-utility]   Connectivity check completed for URL without Proxy: https://sdk.browserstack.com
2026-03-09T06:46:21.328Z CLI info [debug-utility]   
Connectivity check results summary:
2026-03-09T06:46:21.328Z CLI info [debug-utility]   All connectivity checks passed
2026-03-09T06:46:21.328Z CLI info [debug-utility]   

========================browserstack.yml checks========================
2026-03-09T06:46:21.328Z CLI info [debug-utility]   Validating browserstack.yml configuration
2026-03-09T06:46:21.329Z CLI info [debug-utility]   browserstack.yml configuration validation completed
2026-03-09T06:46:21.329Z CLI info [debug-utility]   

========================Project configuration checks========================
2026-03-09T06:46:22.548Z CLI info [debug-utility]   Detecting Node.js version used in the project
2026-03-09T06:46:22.682Z CLI info [debug-utility]   Node.js version detection failed
2026-03-09T06:46:22.682Z CLI error [debug-utility]          Error occurred while detecting Node.js version: Command failed: C:\Program Files\nodejs\node.exe -v
'C:\Program' is not recognized as an internal or external command,
operable program or batch file.

2026-03-09T06:46:22.682Z CLI info [debug-utility]   Verifying installation of BrowserStack SDK
2026-03-09T06:46:22.682Z CLI info [debug-utility]   BrowserStack SDK is installed
2026-03-09T06:46:22.682Z CLI info [debug-utility]          Detected BrowserStack SDK version: 1.50.1
2026-03-09T06:46:22.683Z CLI info [debug-utility]   Detecting frameworks used in the project
2026-03-09T06:46:22.683Z CLI info [debug-utility]   Framework detection completed
2026-03-09T06:46:22.683Z CLI info [debug-utility]          Detected frameworks with versions: {"@playwright/test":"1.58.2","@cucumber/cucumber":"11.3.0"}
2026-03-09T06:46:22.683Z CLI info [debug-utility]   

========================Version compatibility checks========================
2026-03-09T06:46:22.683Z CLI info [debug-utility]   Skipping version compatibility check due to incompatible setup detection.
2026-03-09T06:46:22.683Z CLI debug [debug-utility]   Sending data to EDS: {"event_type":"sdk_events","data":{"testhub_uuid":"","created_day":"2026-03-09T06:46:22.683 UTC","event_name":"SDK_DEBUG_UTILITY_REPORT","user_data":"kjavedirfan_eZBoq7","host_info":"{\"hostname\":\"pe2vdfqaper-018\",\"platform\":\"win32\",\"type\":\"Windows_NT\",\"version\":\"Windows 10 Enterprise\",\"arch\":\"x64\"}","event_json":{"cliArgs":"C:\\Users\\KSuvarna\\.browserstack\\cli\\binary-win-x64.exe C:\\snapshot\\browserstack-binary\\cli\\dist\\index.js sdk","cliVersion":"1.24.2","results":{"system_check":{"metadata":{},"status":true,"messages":[]},"parse_yml":{"metadata":{},"status":true,"messages":[]},"connectivity_check":{"metadata":{"proxySettings":""},"status":true,"messages":[]},"validate_yml":{"metadata":{},"status":true,"messages":[]},"parse_project_config":{"metadata":{"configFilePath":"C:\\Users\\KSuvarna\\Desktop\\follet-test-steps\\package.json"},"status":false,"messages":["Error occurred while detecting Node.js version: Command failed: C:\\Program Files\\nodejs\\node.exe -v\n'C:\\Program' is not recognized as an internal or external command,\r\noperable program or batch file.\r\n"]},"version_compatibility":{"metadata":{},"status":false,"messages":["skipped"]}},"projectDirectory":"C:\\Users\\KSuvarna\\Desktop\\follet-test-steps","bstackconfigFilePath":"C:\\Users\\KSuvarna\\Desktop\\follet-test-steps\\browserstack.yml","projectConfigFilePath":null,"userProxyConfig":null,"sdkVersion":"1.50.1","language":"node","languageVersion":null,"frameworks":{"@playwright/test":"1.58.2","@cucumber/cucumber":"11.3.0"}}}}
2026-03-09T06:46:22.719Z CLI debug [debug-utility]   Data sent successfully to https://eds.browserstack.com with response 200
2026-03-09T06:50:57.367Z CLI info [debug-utility]   Starting debug utility in non-interactive mode with options: {"projectDirectory":"C:\\Users\\KSuvarna\\Desktop\\follet-test-steps","language":"node","username":"kjavedirfan_eZBoq7","key":"wMYFrmsNHB7QEs1RBFu8","bstackconfigFilePath":"C:\\Users\\KSuvarna\\Desktop\\follet-test-steps\\browserstack.yml"}
2026-03-09T06:50:57.367Z CLI info [debug-utility]   ======================system permissions checks======================
2026-03-09T06:50:57.370Z CLI info [debug-utility]   Checking write permissions for directory: C:\Users\KSuvarna\Desktop\follet-test-steps
2026-03-09T06:50:57.370Z CLI info [debug-utility]   Write permissions check completed for directory: C:\Users\KSuvarna\Desktop\follet-test-steps
2026-03-09T06:50:57.370Z CLI info [debug-utility]   Checking write permissions for directory: C:\Users\KSuvarna\.browserstack
2026-03-09T06:50:57.370Z CLI info [debug-utility]   Write permissions check completed for directory: C:\Users\KSuvarna\.browserstack
2026-03-09T06:50:57.371Z CLI info [debug-utility]   

========================Detecting browserstack.yml========================
2026-03-09T06:50:57.374Z CLI info [debug-utility]   

========================connectivity checks========================
2026-03-09T06:50:57.375Z CLI info [debug-utility]   No proxy settings detected.
2026-03-09T06:50:57.375Z CLI info [debug-utility]   -------------------------------------------------
2026-03-09T06:50:57.375Z CLI info [debug-utility]   Host: api.browserstack.com
2026-03-09T06:50:57.375Z CLI info [debug-utility]   Checking connectivity to: https://api.browserstack.com/robots.txt without Proxy
2026-03-09T06:50:57.514Z CLI info [debug-utility]   Connectivity check completed for URL without Proxy: https://api.browserstack.com/robots.txt
2026-03-09T06:50:57.514Z CLI info [debug-utility]   -------------------------------------------------
2026-03-09T06:50:57.514Z CLI info [debug-utility]   Host: api-cloud.browserstack.com
2026-03-09T06:50:57.514Z CLI info [debug-utility]   Checking connectivity to: https://api-cloud.browserstack.com without Proxy
2026-03-09T06:50:57.710Z CLI info [debug-utility]   Connectivity check completed for URL without Proxy: https://api-cloud.browserstack.com
2026-03-09T06:50:57.710Z CLI info [debug-utility]   -------------------------------------------------
2026-03-09T06:50:57.710Z CLI info [debug-utility]   Host: www.browserstack.com
2026-03-09T06:50:57.710Z CLI info [debug-utility]   Checking connectivity to: https://www.browserstack.com/robots.txt without Proxy
2026-03-09T06:50:57.846Z CLI info [debug-utility]   Connectivity check completed for URL without Proxy: https://www.browserstack.com/robots.txt
2026-03-09T06:50:57.846Z CLI info [debug-utility]   -------------------------------------------------
2026-03-09T06:50:57.846Z CLI info [debug-utility]   Host: automate.browserstack.com
2026-03-09T06:50:57.846Z CLI info [debug-utility]   Checking connectivity to: https://automate.browserstack.com/robots.txt without Proxy
2026-03-09T06:50:57.989Z CLI info [debug-utility]   Connectivity check completed for URL without Proxy: https://automate.browserstack.com/robots.txt
2026-03-09T06:50:57.990Z CLI info [debug-utility]   -------------------------------------------------
2026-03-09T06:50:57.990Z CLI info [debug-utility]   Host: app-automate.browserstack.com
2026-03-09T06:50:57.990Z CLI info [debug-utility]   Checking connectivity to: https://app-automate.browserstack.com/robots.txt without Proxy
2026-03-09T06:50:58.128Z CLI info [debug-utility]   Connectivity check completed for URL without Proxy: https://app-automate.browserstack.com/robots.txt
2026-03-09T06:50:58.129Z CLI info [debug-utility]   -------------------------------------------------
2026-03-09T06:50:58.129Z CLI info [debug-utility]   Host: hub.browserstack.com
2026-03-09T06:50:58.129Z CLI info [debug-utility]   Checking connectivity to: https://hub.browserstack.com/wd/hub without Proxy
2026-03-09T06:50:58.172Z CLI info [debug-utility]   Connectivity check completed for URL without Proxy: https://hub.browserstack.com/wd/hub
2026-03-09T06:50:58.172Z CLI info [debug-utility]   -------------------------------------------------
2026-03-09T06:50:58.172Z CLI info [debug-utility]   Host: hub.browserstack.com
2026-03-09T06:50:58.172Z CLI info [debug-utility]   Checking connectivity to: http://hub.browserstack.com/wd/hub without Proxy
2026-03-09T06:50:58.205Z CLI info [debug-utility]   Connectivity check completed for URL without Proxy: http://hub.browserstack.com/wd/hub
2026-03-09T06:50:58.205Z CLI info [debug-utility]   -------------------------------------------------
2026-03-09T06:50:58.205Z CLI info [debug-utility]   Host: cdp.browserstack.com
2026-03-09T06:50:58.205Z CLI info [debug-utility]   Checking connectivity to: https://cdp.browserstack.com without Proxy
2026-03-09T06:50:58.335Z CLI info [debug-utility]   Connectivity check completed for URL without Proxy: https://cdp.browserstack.com
2026-03-09T06:50:58.336Z CLI info [debug-utility]   -------------------------------------------------
2026-03-09T06:50:58.336Z CLI info [debug-utility]   Host: upload-observability.browserstack.com
2026-03-09T06:50:58.336Z CLI info [debug-utility]   Checking connectivity to: https://upload-observability.browserstack.com without Proxy
2026-03-09T06:50:58.435Z CLI info [debug-utility]   Connectivity check completed for URL without Proxy: https://upload-observability.browserstack.com
2026-03-09T06:50:58.435Z CLI info [debug-utility]   -------------------------------------------------
2026-03-09T06:50:58.435Z CLI info [debug-utility]   Host: collector-observability.browserstack.com
2026-03-09T06:50:58.435Z CLI info [debug-utility]   Checking connectivity to: https://collector-observability.browserstack.com without Proxy
2026-03-09T06:50:58.509Z CLI info [debug-utility]   Connectivity check completed for URL without Proxy: https://collector-observability.browserstack.com
2026-03-09T06:50:58.509Z CLI info [debug-utility]   -------------------------------------------------
2026-03-09T06:50:58.509Z CLI info [debug-utility]   Host: eds.browserstack.com
2026-03-09T06:50:58.509Z CLI info [debug-utility]   Checking connectivity to: https://eds.browserstack.com without Proxy
2026-03-09T06:50:58.544Z CLI info [debug-utility]   Connectivity check completed for URL without Proxy: https://eds.browserstack.com
2026-03-09T06:50:58.544Z CLI info [debug-utility]   -------------------------------------------------
2026-03-09T06:50:58.544Z CLI info [debug-utility]   Host: sdk.browserstack.com
2026-03-09T06:50:58.544Z CLI info [debug-utility]   Checking connectivity to: https://sdk.browserstack.com without Proxy
2026-03-09T06:50:58.660Z CLI info [debug-utility]   Connectivity check completed for URL without Proxy: https://sdk.browserstack.com
2026-03-09T06:50:58.660Z CLI info [debug-utility]   
Connectivity check results summary:
2026-03-09T06:50:58.660Z CLI info [debug-utility]   All connectivity checks passed
2026-03-09T06:50:58.660Z CLI info [debug-utility]   

========================browserstack.yml checks========================
2026-03-09T06:50:58.661Z CLI info [debug-utility]   Validating browserstack.yml configuration
2026-03-09T06:50:58.661Z CLI info [debug-utility]   browserstack.yml configuration validation completed
2026-03-09T06:50:58.661Z CLI info [debug-utility]   

========================Project configuration checks========================
2026-03-09T06:50:59.820Z CLI info [debug-utility]   Detecting Node.js version used in the project
2026-03-09T06:50:59.945Z CLI info [debug-utility]   Node.js version detection failed
2026-03-09T06:50:59.945Z CLI error [debug-utility]          Error occurred while detecting Node.js version: Command failed: C:\Program Files\nodejs\node.exe -v
'C:\Program' is not recognized as an internal or external command,
operable program or batch file.

2026-03-09T06:50:59.945Z CLI info [debug-utility]   Verifying installation of BrowserStack SDK
2026-03-09T06:50:59.945Z CLI info [debug-utility]   BrowserStack SDK is installed
2026-03-09T06:50:59.945Z CLI info [debug-utility]          Detected BrowserStack SDK version: 1.50.1
2026-03-09T06:50:59.945Z CLI info [debug-utility]   Detecting frameworks used in the project
2026-03-09T06:50:59.945Z CLI info [debug-utility]   Framework detection completed
2026-03-09T06:50:59.945Z CLI info [debug-utility]          Detected frameworks with versions: {"@playwright/test":"1.58.2","@cucumber/cucumber":"11.3.0"}
2026-03-09T06:50:59.946Z CLI info [debug-utility]   

========================Version compatibility checks========================
2026-03-09T06:50:59.946Z CLI info [debug-utility]   Skipping version compatibility check due to incompatible setup detection.
2026-03-09T06:50:59.946Z CLI debug [debug-utility]   Sending data to EDS: {"event_type":"sdk_events","data":{"testhub_uuid":"","created_day":"2026-03-09T06:50:59.946 UTC","event_name":"SDK_DEBUG_UTILITY_REPORT","user_data":"kjavedirfan_eZBoq7","host_info":"{\"hostname\":\"pe2vdfqaper-018\",\"platform\":\"win32\",\"type\":\"Windows_NT\",\"version\":\"Windows 10 Enterprise\",\"arch\":\"x64\"}","event_json":{"cliArgs":"C:\\Users\\KSuvarna\\.browserstack\\cli\\binary-win-x64.exe C:\\snapshot\\browserstack-binary\\cli\\dist\\index.js sdk","cliVersion":"1.24.2","results":{"system_check":{"metadata":{},"status":true,"messages":[]},"parse_yml":{"metadata":{},"status":true,"messages":[]},"connectivity_check":{"metadata":{"proxySettings":""},"status":true,"messages":[]},"validate_yml":{"metadata":{},"status":true,"messages":[]},"parse_project_config":{"metadata":{"configFilePath":"C:\\Users\\KSuvarna\\Desktop\\follet-test-steps\\package.json"},"status":false,"messages":["Error occurred while detecting Node.js version: Command failed: C:\\Program Files\\nodejs\\node.exe -v\n'C:\\Program' is not recognized as an internal or external command,\r\noperable program or batch file.\r\n"]},"version_compatibility":{"metadata":{},"status":false,"messages":["skipped"]}},"projectDirectory":"C:\\Users\\KSuvarna\\Desktop\\follet-test-steps","bstackconfigFilePath":"C:\\Users\\KSuvarna\\Desktop\\follet-test-steps\\browserstack.yml","projectConfigFilePath":null,"userProxyConfig":null,"sdkVersion":"1.50.1","language":"node","languageVersion":null,"frameworks":{"@playwright/test":"1.58.2","@cucumber/cucumber":"11.3.0"}}}}
2026-03-09T06:50:59.977Z CLI debug [debug-utility]   Data sent successfully to https://eds.browserstack.com with response 200
2026-03-09T07:12:41.406Z CLI info [debug-utility]   Starting debug utility in non-interactive mode with options: {"projectDirectory":"C:\\Users\\KSuvarna\\Desktop\\follet-test-steps","language":"node","username":"kjavedirfan_eZBoq7","key":"wMYFrmsNHB7QEs1RBFu8","bstackconfigFilePath":"C:\\Users\\KSuvarna\\Desktop\\follet-test-steps\\browserstack.yml"}
2026-03-09T07:12:41.406Z CLI info [debug-utility]   ======================system permissions checks======================
2026-03-09T07:12:41.407Z CLI info [debug-utility]   Checking write permissions for directory: C:\Users\KSuvarna\Desktop\follet-test-steps
2026-03-09T07:12:41.407Z CLI info [debug-utility]   Write permissions check completed for directory: C:\Users\KSuvarna\Desktop\follet-test-steps
2026-03-09T07:12:41.408Z CLI info [debug-utility]   Checking write permissions for directory: C:\Users\KSuvarna\.browserstack
2026-03-09T07:12:41.408Z CLI info [debug-utility]   Write permissions check completed for directory: C:\Users\KSuvarna\.browserstack
2026-03-09T07:12:41.408Z CLI info [debug-utility]   

========================Detecting browserstack.yml========================
2026-03-09T07:12:41.411Z CLI info [debug-utility]   

========================connectivity checks========================
2026-03-09T07:12:41.411Z CLI info [debug-utility]   No proxy settings detected.
2026-03-09T07:12:41.411Z CLI info [debug-utility]   -------------------------------------------------
2026-03-09T07:12:41.411Z CLI info [debug-utility]   Host: api.browserstack.com
2026-03-09T07:12:41.411Z CLI info [debug-utility]   Checking connectivity to: https://api.browserstack.com/robots.txt without Proxy
2026-03-09T07:12:41.512Z CLI info [debug-utility]   Connectivity check completed for URL without Proxy: https://api.browserstack.com/robots.txt
2026-03-09T07:12:41.512Z CLI info [debug-utility]   -------------------------------------------------
2026-03-09T07:12:41.512Z CLI info [debug-utility]   Host: api-cloud.browserstack.com
2026-03-09T07:12:41.512Z CLI info [debug-utility]   Checking connectivity to: https://api-cloud.browserstack.com without Proxy
2026-03-09T07:12:41.705Z CLI info [debug-utility]   Connectivity check completed for URL without Proxy: https://api-cloud.browserstack.com
2026-03-09T07:12:41.705Z CLI info [debug-utility]   -------------------------------------------------
2026-03-09T07:12:41.705Z CLI info [debug-utility]   Host: www.browserstack.com
2026-03-09T07:12:41.705Z CLI info [debug-utility]   Checking connectivity to: https://www.browserstack.com/robots.txt without Proxy
2026-03-09T07:12:41.855Z CLI info [debug-utility]   Connectivity check completed for URL without Proxy: https://www.browserstack.com/robots.txt
2026-03-09T07:12:41.855Z CLI info [debug-utility]   -------------------------------------------------
2026-03-09T07:12:41.855Z CLI info [debug-utility]   Host: automate.browserstack.com
2026-03-09T07:12:41.855Z CLI info [debug-utility]   Checking connectivity to: https://automate.browserstack.com/robots.txt without Proxy
2026-03-09T07:12:41.989Z CLI info [debug-utility]   Connectivity check completed for URL without Proxy: https://automate.browserstack.com/robots.txt
2026-03-09T07:12:41.989Z CLI info [debug-utility]   -------------------------------------------------
2026-03-09T07:12:41.989Z CLI info [debug-utility]   Host: app-automate.browserstack.com
2026-03-09T07:12:41.989Z CLI info [debug-utility]   Checking connectivity to: https://app-automate.browserstack.com/robots.txt without Proxy
2026-03-09T07:12:42.125Z CLI info [debug-utility]   Connectivity check completed for URL without Proxy: https://app-automate.browserstack.com/robots.txt
2026-03-09T07:12:42.125Z CLI info [debug-utility]   -------------------------------------------------
2026-03-09T07:12:42.125Z CLI info [debug-utility]   Host: hub.browserstack.com
2026-03-09T07:12:42.125Z CLI info [debug-utility]   Checking connectivity to: https://hub.browserstack.com/wd/hub without Proxy
2026-03-09T07:12:42.160Z CLI info [debug-utility]   Connectivity check completed for URL without Proxy: https://hub.browserstack.com/wd/hub
2026-03-09T07:12:42.160Z CLI info [debug-utility]   -------------------------------------------------
2026-03-09T07:12:42.160Z CLI info [debug-utility]   Host: hub.browserstack.com
2026-03-09T07:12:42.160Z CLI info [debug-utility]   Checking connectivity to: http://hub.browserstack.com/wd/hub without Proxy
2026-03-09T07:12:42.182Z CLI info [debug-utility]   Connectivity check completed for URL without Proxy: http://hub.browserstack.com/wd/hub
2026-03-09T07:12:42.182Z CLI info [debug-utility]   -------------------------------------------------
2026-03-09T07:12:42.182Z CLI info [debug-utility]   Host: cdp.browserstack.com
2026-03-09T07:12:42.182Z CLI info [debug-utility]   Checking connectivity to: https://cdp.browserstack.com without Proxy
2026-03-09T07:12:42.314Z CLI info [debug-utility]   Connectivity check completed for URL without Proxy: https://cdp.browserstack.com
2026-03-09T07:12:42.314Z CLI info [debug-utility]   -------------------------------------------------
2026-03-09T07:12:42.314Z CLI info [debug-utility]   Host: upload-observability.browserstack.com
2026-03-09T07:12:42.314Z CLI info [debug-utility]   Checking connectivity to: https://upload-observability.browserstack.com without Proxy
2026-03-09T07:12:42.427Z CLI info [debug-utility]   Connectivity check completed for URL without Proxy: https://upload-observability.browserstack.com
2026-03-09T07:12:42.427Z CLI info [debug-utility]   -------------------------------------------------
2026-03-09T07:12:42.427Z CLI info [debug-utility]   Host: collector-observability.browserstack.com
2026-03-09T07:12:42.427Z CLI info [debug-utility]   Checking connectivity to: https://collector-observability.browserstack.com without Proxy
2026-03-09T07:12:42.546Z CLI info [debug-utility]   Connectivity check completed for URL without Proxy: https://collector-observability.browserstack.com
2026-03-09T07:12:42.546Z CLI info [debug-utility]   -------------------------------------------------
2026-03-09T07:12:42.546Z CLI info [debug-utility]   Host: eds.browserstack.com
2026-03-09T07:12:42.546Z CLI info [debug-utility]   Checking connectivity to: https://eds.browserstack.com without Proxy
2026-03-09T07:12:42.662Z CLI info [debug-utility]   Connectivity check completed for URL without Proxy: https://eds.browserstack.com
2026-03-09T07:12:42.662Z CLI info [debug-utility]   -------------------------------------------------
2026-03-09T07:12:42.662Z CLI info [debug-utility]   Host: sdk.browserstack.com
2026-03-09T07:12:42.662Z CLI info [debug-utility]   Checking connectivity to: https://sdk.browserstack.com without Proxy
2026-03-09T07:12:42.795Z CLI info [debug-utility]   Connectivity check completed for URL without Proxy: https://sdk.browserstack.com
2026-03-09T07:12:42.795Z CLI info [debug-utility]   
Connectivity check results summary:
2026-03-09T07:12:42.795Z CLI info [debug-utility]   All connectivity checks passed
2026-03-09T07:12:42.795Z CLI info [debug-utility]   

========================browserstack.yml checks========================
2026-03-09T07:12:42.795Z CLI info [debug-utility]   Validating browserstack.yml configuration
2026-03-09T07:12:42.795Z CLI info [debug-utility]   browserstack.yml configuration validation completed
2026-03-09T07:12:42.795Z CLI info [debug-utility]   

========================Project configuration checks========================
2026-03-09T07:12:43.954Z CLI info [debug-utility]   Detecting Node.js version used in the project
2026-03-09T07:12:44.101Z CLI info [debug-utility]   Node.js version detection failed
2026-03-09T07:12:44.101Z CLI error [debug-utility]          Error occurred while detecting Node.js version: Command failed: C:\Program Files\nodejs\node.exe -v
'C:\Program' is not recognized as an internal or external command,
operable program or batch file.

2026-03-09T07:12:44.101Z CLI info [debug-utility]   Verifying installation of BrowserStack SDK
2026-03-09T07:12:44.101Z CLI info [debug-utility]   BrowserStack SDK is installed
2026-03-09T07:12:44.101Z CLI info [debug-utility]          Detected BrowserStack SDK version: 1.50.1
2026-03-09T07:12:44.101Z CLI info [debug-utility]   Detecting frameworks used in the project
2026-03-09T07:12:44.101Z CLI info [debug-utility]   Framework detection completed
2026-03-09T07:12:44.102Z CLI info [debug-utility]          Detected frameworks with versions: {"@playwright/test":"1.58.2","@cucumber/cucumber":"11.3.0"}
2026-03-09T07:12:44.102Z CLI info [debug-utility]   

========================Version compatibility checks========================
2026-03-09T07:12:44.102Z CLI info [debug-utility]   Skipping version compatibility check due to incompatible setup detection.
2026-03-09T07:12:44.102Z CLI debug [debug-utility]   Sending data to EDS: {"event_type":"sdk_events","data":{"testhub_uuid":"","created_day":"2026-03-09T07:12:44.102 UTC","event_name":"SDK_DEBUG_UTILITY_REPORT","user_data":"kjavedirfan_eZBoq7","host_info":"{\"hostname\":\"pe2vdfqaper-018\",\"platform\":\"win32\",\"type\":\"Windows_NT\",\"version\":\"Windows 10 Enterprise\",\"arch\":\"x64\"}","event_json":{"cliArgs":"C:\\Users\\KSuvarna\\.browserstack\\cli\\binary-win-x64.exe C:\\snapshot\\browserstack-binary\\cli\\dist\\index.js sdk","cliVersion":"1.24.2","results":{"system_check":{"metadata":{},"status":true,"messages":[]},"parse_yml":{"metadata":{},"status":true,"messages":[]},"connectivity_check":{"metadata":{"proxySettings":""},"status":true,"messages":[]},"validate_yml":{"metadata":{},"status":true,"messages":[]},"parse_project_config":{"metadata":{"configFilePath":"C:\\Users\\KSuvarna\\Desktop\\follet-test-steps\\package.json"},"status":false,"messages":["Error occurred while detecting Node.js version: Command failed: C:\\Program Files\\nodejs\\node.exe -v\n'C:\\Program' is not recognized as an internal or external command,\r\noperable program or batch file.\r\n"]},"version_compatibility":{"metadata":{},"status":false,"messages":["skipped"]}},"projectDirectory":"C:\\Users\\KSuvarna\\Desktop\\follet-test-steps","bstackconfigFilePath":"C:\\Users\\KSuvarna\\Desktop\\follet-test-steps\\browserstack.yml","projectConfigFilePath":null,"userProxyConfig":null,"sdkVersion":"1.50.1","language":"node","languageVersion":null,"frameworks":{"@playwright/test":"1.58.2","@cucumber/cucumber":"11.3.0"}}}}
2026-03-09T07:12:44.137Z CLI debug [debug-utility]   Data sent successfully to https://eds.browserstack.com with response 200
2026-03-09T07:19:02.751Z CLI info [debug-utility]   Starting debug utility in non-interactive mode with options: {"projectDirectory":"C:\\Users\\KSuvarna\\Desktop\\follet-test-steps","language":"node","username":"kjavedirfan_eZBoq7","key":"wMYFrmsNHB7QEs1RBFu8","bstackconfigFilePath":"C:\\Users\\KSuvarna\\Desktop\\follet-test-steps\\browserstack.yml"}
2026-03-09T07:19:02.751Z CLI info [debug-utility]   ======================system permissions checks======================
2026-03-09T07:19:02.778Z CLI info [debug-utility]   Checking write permissions for directory: C:\Users\KSuvarna\Desktop\follet-test-steps
2026-03-09T07:19:02.791Z CLI info [debug-utility]   Write permissions check completed for directory: C:\Users\KSuvarna\Desktop\follet-test-steps
2026-03-09T07:19:02.792Z CLI info [debug-utility]   Checking write permissions for directory: C:\Users\KSuvarna\.browserstack
2026-03-09T07:19:02.792Z CLI info [debug-utility]   Write permissions check completed for directory: C:\Users\KSuvarna\.browserstack
2026-03-09T07:19:02.792Z CLI info [debug-utility]   

========================Detecting browserstack.yml========================
2026-03-09T07:19:02.798Z CLI info [debug-utility]   

========================connectivity checks========================
2026-03-09T07:19:02.799Z CLI info [debug-utility]   No proxy settings detected.
2026-03-09T07:19:02.799Z CLI info [debug-utility]   -------------------------------------------------
2026-03-09T07:19:02.799Z CLI info [debug-utility]   Host: api.browserstack.com
2026-03-09T07:19:02.799Z CLI info [debug-utility]   Checking connectivity to: https://api.browserstack.com/robots.txt without Proxy
2026-03-09T07:19:03.006Z CLI info [debug-utility]   Connectivity check completed for URL without Proxy: https://api.browserstack.com/robots.txt
2026-03-09T07:19:03.006Z CLI info [debug-utility]   -------------------------------------------------
2026-03-09T07:19:03.007Z CLI info [debug-utility]   Host: api-cloud.browserstack.com
2026-03-09T07:19:03.007Z CLI info [debug-utility]   Checking connectivity to: https://api-cloud.browserstack.com without Proxy
2026-03-09T07:19:03.193Z CLI info [debug-utility]   Connectivity check completed for URL without Proxy: https://api-cloud.browserstack.com
2026-03-09T07:19:03.193Z CLI info [debug-utility]   -------------------------------------------------
2026-03-09T07:19:03.193Z CLI info [debug-utility]   Host: www.browserstack.com
2026-03-09T07:19:03.193Z CLI info [debug-utility]   Checking connectivity to: https://www.browserstack.com/robots.txt without Proxy
2026-03-09T07:19:03.343Z CLI info [debug-utility]   Connectivity check completed for URL without Proxy: https://www.browserstack.com/robots.txt
2026-03-09T07:19:03.343Z CLI info [debug-utility]   -------------------------------------------------
2026-03-09T07:19:03.343Z CLI info [debug-utility]   Host: automate.browserstack.com
2026-03-09T07:19:03.343Z CLI info [debug-utility]   Checking connectivity to: https://automate.browserstack.com/robots.txt without Proxy
2026-03-09T07:19:03.511Z CLI info [debug-utility]   Connectivity check completed for URL without Proxy: https://automate.browserstack.com/robots.txt
2026-03-09T07:19:03.511Z CLI info [debug-utility]   -------------------------------------------------
2026-03-09T07:19:03.512Z CLI info [debug-utility]   Host: app-automate.browserstack.com
2026-03-09T07:19:03.512Z CLI info [debug-utility]   Checking connectivity to: https://app-automate.browserstack.com/robots.txt without Proxy
2026-03-09T07:19:03.667Z CLI info [debug-utility]   Connectivity check completed for URL without Proxy: https://app-automate.browserstack.com/robots.txt
2026-03-09T07:19:03.667Z CLI info [debug-utility]   -------------------------------------------------
2026-03-09T07:19:03.667Z CLI info [debug-utility]   Host: hub.browserstack.com
2026-03-09T07:19:03.667Z CLI info [debug-utility]   Checking connectivity to: https://hub.browserstack.com/wd/hub without Proxy
2026-03-09T07:19:03.701Z CLI info [debug-utility]   Connectivity check completed for URL without Proxy: https://hub.browserstack.com/wd/hub
2026-03-09T07:19:03.701Z CLI info [debug-utility]   -------------------------------------------------
2026-03-09T07:19:03.701Z CLI info [debug-utility]   Host: hub.browserstack.com
2026-03-09T07:19:03.701Z CLI info [debug-utility]   Checking connectivity to: http://hub.browserstack.com/wd/hub without Proxy
2026-03-09T07:19:03.728Z CLI info [debug-utility]   Connectivity check completed for URL without Proxy: http://hub.browserstack.com/wd/hub
2026-03-09T07:19:03.728Z CLI info [debug-utility]   -------------------------------------------------
2026-03-09T07:19:03.728Z CLI info [debug-utility]   Host: cdp.browserstack.com
2026-03-09T07:19:03.728Z CLI info [debug-utility]   Checking connectivity to: https://cdp.browserstack.com without Proxy
2026-03-09T07:19:03.846Z CLI info [debug-utility]   Connectivity check completed for URL without Proxy: https://cdp.browserstack.com
2026-03-09T07:19:03.846Z CLI info [debug-utility]   -------------------------------------------------
2026-03-09T07:19:03.847Z CLI info [debug-utility]   Host: upload-observability.browserstack.com
2026-03-09T07:19:03.847Z CLI info [debug-utility]   Checking connectivity to: https://upload-observability.browserstack.com without Proxy
2026-03-09T07:19:03.976Z CLI info [debug-utility]   Connectivity check completed for URL without Proxy: https://upload-observability.browserstack.com
2026-03-09T07:19:03.976Z CLI info [debug-utility]   -------------------------------------------------
2026-03-09T07:19:03.976Z CLI info [debug-utility]   Host: collector-observability.browserstack.com
2026-03-09T07:19:03.976Z CLI info [debug-utility]   Checking connectivity to: https://collector-observability.browserstack.com without Proxy
2026-03-09T07:19:04.174Z CLI info [debug-utility]   Connectivity check completed for URL without Proxy: https://collector-observability.browserstack.com
2026-03-09T07:19:04.174Z CLI info [debug-utility]   -------------------------------------------------
2026-03-09T07:19:04.174Z CLI info [debug-utility]   Host: eds.browserstack.com
2026-03-09T07:19:04.174Z CLI info [debug-utility]   Checking connectivity to: https://eds.browserstack.com without Proxy
2026-03-09T07:19:04.280Z CLI info [debug-utility]   Connectivity check completed for URL without Proxy: https://eds.browserstack.com
2026-03-09T07:19:04.280Z CLI info [debug-utility]   -------------------------------------------------
2026-03-09T07:19:04.280Z CLI info [debug-utility]   Host: sdk.browserstack.com
2026-03-09T07:19:04.280Z CLI info [debug-utility]   Checking connectivity to: https://sdk.browserstack.com without Proxy
2026-03-09T07:19:04.402Z CLI info [debug-utility]   Connectivity check completed for URL without Proxy: https://sdk.browserstack.com
2026-03-09T07:19:04.402Z CLI info [debug-utility]   
Connectivity check results summary:
2026-03-09T07:19:04.402Z CLI info [debug-utility]   All connectivity checks passed
2026-03-09T07:19:04.402Z CLI info [debug-utility]   

========================browserstack.yml checks========================
2026-03-09T07:19:04.402Z CLI info [debug-utility]   Validating browserstack.yml configuration
2026-03-09T07:19:04.403Z CLI info [debug-utility]   browserstack.yml configuration validation completed
2026-03-09T07:19:04.403Z CLI info [debug-utility]   

========================Project configuration checks========================
2026-03-09T07:19:05.579Z CLI info [debug-utility]   Detecting Node.js version used in the project
2026-03-09T07:19:05.704Z CLI info [debug-utility]   Node.js version detection failed
2026-03-09T07:19:05.704Z CLI error [debug-utility]          Error occurred while detecting Node.js version: Command failed: C:\Program Files\nodejs\node.exe -v
'C:\Program' is not recognized as an internal or external command,
operable program or batch file.

2026-03-09T07:19:05.704Z CLI info [debug-utility]   Verifying installation of BrowserStack SDK
2026-03-09T07:19:05.704Z CLI info [debug-utility]   BrowserStack SDK is installed
2026-03-09T07:19:05.704Z CLI info [debug-utility]          Detected BrowserStack SDK version: 1.50.1
2026-03-09T07:19:05.704Z CLI info [debug-utility]   Detecting frameworks used in the project
2026-03-09T07:19:05.704Z CLI info [debug-utility]   Framework detection completed
2026-03-09T07:19:05.705Z CLI info [debug-utility]          Detected frameworks with versions: {"@playwright/test":"1.58.2","@cucumber/cucumber":"11.3.0"}
2026-03-09T07:19:05.705Z CLI info [debug-utility]   

========================Version compatibility checks========================
2026-03-09T07:19:05.705Z CLI info [debug-utility]   Skipping version compatibility check due to incompatible setup detection.
2026-03-09T07:19:05.705Z CLI debug [debug-utility]   Sending data to EDS: {"event_type":"sdk_events","data":{"testhub_uuid":"","created_day":"2026-03-09T07:19:05.705 UTC","event_name":"SDK_DEBUG_UTILITY_REPORT","user_data":"kjavedirfan_eZBoq7","host_info":"{\"hostname\":\"pe2vdfqaper-018\",\"platform\":\"win32\",\"type\":\"Windows_NT\",\"version\":\"Windows 10 Enterprise\",\"arch\":\"x64\"}","event_json":{"cliArgs":"C:\\Users\\KSuvarna\\.browserstack\\cli\\binary-win-x64.exe C:\\snapshot\\browserstack-binary\\cli\\dist\\index.js sdk","cliVersion":"1.24.2","results":{"system_check":{"metadata":{},"status":true,"messages":[]},"parse_yml":{"metadata":{},"status":true,"messages":[]},"connectivity_check":{"metadata":{"proxySettings":""},"status":true,"messages":[]},"validate_yml":{"metadata":{},"status":true,"messages":[]},"parse_project_config":{"metadata":{"configFilePath":"C:\\Users\\KSuvarna\\Desktop\\follet-test-steps\\package.json"},"status":false,"messages":["Error occurred while detecting Node.js version: Command failed: C:\\Program Files\\nodejs\\node.exe -v\n'C:\\Program' is not recognized as an internal or external command,\r\noperable program or batch file.\r\n"]},"version_compatibility":{"metadata":{},"status":false,"messages":["skipped"]}},"projectDirectory":"C:\\Users\\KSuvarna\\Desktop\\follet-test-steps","bstackconfigFilePath":"C:\\Users\\KSuvarna\\Desktop\\follet-test-steps\\browserstack.yml","projectConfigFilePath":null,"userProxyConfig":null,"sdkVersion":"1.50.1","language":"node","languageVersion":null,"frameworks":{"@playwright/test":"1.58.2","@cucumber/cucumber":"11.3.0"}}}}
2026-03-09T07:19:05.737Z CLI debug [debug-utility]   Data sent successfully to https://eds.browserstack.com with response 200
2026-03-09T07:29:52.275Z CLI info [debug-utility]   Starting debug utility in non-interactive mode with options: {"projectDirectory":"C:\\Users\\KSuvarna\\Desktop\\follet-test-steps","language":"node","username":"kjavedirfan_eZBoq7","key":"wMYFrmsNHB7QEs1RBFu8","bstackconfigFilePath":"C:\\Users\\KSuvarna\\Desktop\\follet-test-steps\\browserstack.yml"}
2026-03-09T07:29:52.275Z CLI info [debug-utility]   ======================system permissions checks======================
2026-03-09T07:29:52.277Z CLI info [debug-utility]   Checking write permissions for directory: C:\Users\KSuvarna\Desktop\follet-test-steps
2026-03-09T07:29:52.278Z CLI info [debug-utility]   Write permissions check completed for directory: C:\Users\KSuvarna\Desktop\follet-test-steps
2026-03-09T07:29:52.278Z CLI info [debug-utility]   Checking write permissions for directory: C:\Users\KSuvarna\.browserstack
2026-03-09T07:29:52.278Z CLI info [debug-utility]   Write permissions check completed for directory: C:\Users\KSuvarna\.browserstack
2026-03-09T07:29:52.278Z CLI info [debug-utility]   

========================Detecting browserstack.yml========================
2026-03-09T07:29:52.281Z CLI info [debug-utility]   

========================connectivity checks========================
2026-03-09T07:29:52.282Z CLI info [debug-utility]   No proxy settings detected.
2026-03-09T07:29:52.282Z CLI info [debug-utility]   -------------------------------------------------
2026-03-09T07:29:52.282Z CLI info [debug-utility]   Host: api.browserstack.com
2026-03-09T07:29:52.282Z CLI info [debug-utility]   Checking connectivity to: https://api.browserstack.com/robots.txt without Proxy
2026-03-09T07:29:52.380Z CLI info [debug-utility]   Connectivity check completed for URL without Proxy: https://api.browserstack.com/robots.txt
2026-03-09T07:29:52.380Z CLI info [debug-utility]   -------------------------------------------------
2026-03-09T07:29:52.380Z CLI info [debug-utility]   Host: api-cloud.browserstack.com
2026-03-09T07:29:52.380Z CLI info [debug-utility]   Checking connectivity to: https://api-cloud.browserstack.com without Proxy
2026-03-09T07:29:52.581Z CLI info [debug-utility]   Connectivity check completed for URL without Proxy: https://api-cloud.browserstack.com
2026-03-09T07:29:52.581Z CLI info [debug-utility]   -------------------------------------------------
2026-03-09T07:29:52.581Z CLI info [debug-utility]   Host: www.browserstack.com
2026-03-09T07:29:52.581Z CLI info [debug-utility]   Checking connectivity to: https://www.browserstack.com/robots.txt without Proxy
2026-03-09T07:29:52.720Z CLI info [debug-utility]   Connectivity check completed for URL without Proxy: https://www.browserstack.com/robots.txt
2026-03-09T07:29:52.720Z CLI info [debug-utility]   -------------------------------------------------
2026-03-09T07:29:52.720Z CLI info [debug-utility]   Host: automate.browserstack.com
2026-03-09T07:29:52.720Z CLI info [debug-utility]   Checking connectivity to: https://automate.browserstack.com/robots.txt without Proxy
2026-03-09T07:29:52.870Z CLI info [debug-utility]   Connectivity check completed for URL without Proxy: https://automate.browserstack.com/robots.txt
2026-03-09T07:29:52.870Z CLI info [debug-utility]   -------------------------------------------------
2026-03-09T07:29:52.870Z CLI info [debug-utility]   Host: app-automate.browserstack.com
2026-03-09T07:29:52.870Z CLI info [debug-utility]   Checking connectivity to: https://app-automate.browserstack.com/robots.txt without Proxy
2026-03-09T07:29:53.029Z CLI info [debug-utility]   Connectivity check completed for URL without Proxy: https://app-automate.browserstack.com/robots.txt
2026-03-09T07:29:53.029Z CLI info [debug-utility]   -------------------------------------------------
2026-03-09T07:29:53.029Z CLI info [debug-utility]   Host: hub.browserstack.com
2026-03-09T07:29:53.029Z CLI info [debug-utility]   Checking connectivity to: https://hub.browserstack.com/wd/hub without Proxy
2026-03-09T07:29:53.072Z CLI info [debug-utility]   Connectivity check completed for URL without Proxy: https://hub.browserstack.com/wd/hub
2026-03-09T07:29:53.072Z CLI info [debug-utility]   -------------------------------------------------
2026-03-09T07:29:53.072Z CLI info [debug-utility]   Host: hub.browserstack.com
2026-03-09T07:29:53.073Z CLI info [debug-utility]   Checking connectivity to: http://hub.browserstack.com/wd/hub without Proxy
2026-03-09T07:29:53.095Z CLI info [debug-utility]   Connectivity check completed for URL without Proxy: http://hub.browserstack.com/wd/hub
2026-03-09T07:29:53.095Z CLI info [debug-utility]   -------------------------------------------------
2026-03-09T07:29:53.095Z CLI info [debug-utility]   Host: cdp.browserstack.com
2026-03-09T07:29:53.095Z CLI info [debug-utility]   Checking connectivity to: https://cdp.browserstack.com without Proxy
2026-03-09T07:29:53.235Z CLI info [debug-utility]   Connectivity check completed for URL without Proxy: https://cdp.browserstack.com
2026-03-09T07:29:53.235Z CLI info [debug-utility]   -------------------------------------------------
2026-03-09T07:29:53.235Z CLI info [debug-utility]   Host: upload-observability.browserstack.com
2026-03-09T07:29:53.235Z CLI info [debug-utility]   Checking connectivity to: https://upload-observability.browserstack.com without Proxy
2026-03-09T07:29:53.344Z CLI info [debug-utility]   Connectivity check completed for URL without Proxy: https://upload-observability.browserstack.com
2026-03-09T07:29:53.344Z CLI info [debug-utility]   -------------------------------------------------
2026-03-09T07:29:53.344Z CLI info [debug-utility]   Host: collector-observability.browserstack.com
2026-03-09T07:29:53.344Z CLI info [debug-utility]   Checking connectivity to: https://collector-observability.browserstack.com without Proxy
2026-03-09T07:29:53.440Z CLI info [debug-utility]   Connectivity check completed for URL without Proxy: https://collector-observability.browserstack.com
2026-03-09T07:29:53.441Z CLI info [debug-utility]   -------------------------------------------------
2026-03-09T07:29:53.441Z CLI info [debug-utility]   Host: eds.browserstack.com
2026-03-09T07:29:53.441Z CLI info [debug-utility]   Checking connectivity to: https://eds.browserstack.com without Proxy
2026-03-09T07:29:53.547Z CLI info [debug-utility]   Connectivity check completed for URL without Proxy: https://eds.browserstack.com
2026-03-09T07:29:53.547Z CLI info [debug-utility]   -------------------------------------------------
2026-03-09T07:29:53.547Z CLI info [debug-utility]   Host: sdk.browserstack.com
2026-03-09T07:29:53.547Z CLI info [debug-utility]   Checking connectivity to: https://sdk.browserstack.com without Proxy
2026-03-09T07:29:53.672Z CLI info [debug-utility]   Connectivity check completed for URL without Proxy: https://sdk.browserstack.com
2026-03-09T07:29:53.672Z CLI info [debug-utility]   
Connectivity check results summary:
2026-03-09T07:29:53.673Z CLI info [debug-utility]   All connectivity checks passed
2026-03-09T07:29:53.673Z CLI info [debug-utility]   

========================browserstack.yml checks========================
2026-03-09T07:29:53.673Z CLI info [debug-utility]   Validating browserstack.yml configuration
2026-03-09T07:29:53.673Z CLI info [debug-utility]   browserstack.yml configuration validation completed
2026-03-09T07:29:53.673Z CLI info [debug-utility]   

========================Project configuration checks========================
2026-03-09T07:29:54.830Z CLI info [debug-utility]   Detecting Node.js version used in the project
2026-03-09T07:29:54.952Z CLI info [debug-utility]   Node.js version detection failed
2026-03-09T07:29:54.952Z CLI error [debug-utility]          Error occurred while detecting Node.js version: Command failed: C:\Program Files\nodejs\node.exe -v
'C:\Program' is not recognized as an internal or external command,
operable program or batch file.

2026-03-09T07:29:54.952Z CLI info [debug-utility]   Verifying installation of BrowserStack SDK
2026-03-09T07:29:54.952Z CLI info [debug-utility]   BrowserStack SDK is installed
2026-03-09T07:29:54.953Z CLI info [debug-utility]          Detected BrowserStack SDK version: 1.50.1
2026-03-09T07:29:54.953Z CLI info [debug-utility]   Detecting frameworks used in the project
2026-03-09T07:29:54.953Z CLI info [debug-utility]   Framework detection completed
2026-03-09T07:29:54.953Z CLI info [debug-utility]          Detected frameworks with versions: {"@playwright/test":"1.58.2","@cucumber/cucumber":"11.3.0"}
2026-03-09T07:29:54.953Z CLI info [debug-utility]   

========================Version compatibility checks========================
2026-03-09T07:29:54.953Z CLI info [debug-utility]   Skipping version compatibility check due to incompatible setup detection.
2026-03-09T07:29:54.953Z CLI debug [debug-utility]   Sending data to EDS: {"event_type":"sdk_events","data":{"testhub_uuid":"","created_day":"2026-03-09T07:29:54.953 UTC","event_name":"SDK_DEBUG_UTILITY_REPORT","user_data":"kjavedirfan_eZBoq7","host_info":"{\"hostname\":\"pe2vdfqaper-018\",\"platform\":\"win32\",\"type\":\"Windows_NT\",\"version\":\"Windows 10 Enterprise\",\"arch\":\"x64\"}","event_json":{"cliArgs":"C:\\Users\\KSuvarna\\.browserstack\\cli\\binary-win-x64.exe C:\\snapshot\\browserstack-binary\\cli\\dist\\index.js sdk","cliVersion":"1.24.2","results":{"system_check":{"metadata":{},"status":true,"messages":[]},"parse_yml":{"metadata":{},"status":true,"messages":[]},"connectivity_check":{"metadata":{"proxySettings":""},"status":true,"messages":[]},"validate_yml":{"metadata":{},"status":true,"messages":[]},"parse_project_config":{"metadata":{"configFilePath":"C:\\Users\\KSuvarna\\Desktop\\follet-test-steps\\package.json"},"status":false,"messages":["Error occurred while detecting Node.js version: Command failed: C:\\Program Files\\nodejs\\node.exe -v\n'C:\\Program' is not recognized as an internal or external command,\r\noperable program or batch file.\r\n"]},"version_compatibility":{"metadata":{},"status":false,"messages":["skipped"]}},"projectDirectory":"C:\\Users\\KSuvarna\\Desktop\\follet-test-steps","bstackconfigFilePath":"C:\\Users\\KSuvarna\\Desktop\\follet-test-steps\\browserstack.yml","projectConfigFilePath":null,"userProxyConfig":null,"sdkVersion":"1.50.1","language":"node","languageVersion":null,"frameworks":{"@playwright/test":"1.58.2","@cucumber/cucumber":"11.3.0"}}}}
2026-03-09T07:29:54.989Z CLI debug [debug-utility]   Data sent successfully to https://eds.browserstack.com with response 200
2026-03-09T07:31:01.863Z CLI info [debug-utility]   Starting debug utility in non-interactive mode with options: {"projectDirectory":"C:\\Users\\KSuvarna\\Desktop\\follet-test-steps","language":"node","username":"kjavedirfan_eZBoq7","key":"wMYFrmsNHB7QEs1RBFu8","bstackconfigFilePath":"C:\\Users\\KSuvarna\\Desktop\\follet-test-steps\\browserstack.yml"}
2026-03-09T07:31:01.864Z CLI info [debug-utility]   ======================system permissions checks======================
2026-03-09T07:31:01.865Z CLI info [debug-utility]   Checking write permissions for directory: C:\Users\KSuvarna\Desktop\follet-test-steps
2026-03-09T07:31:01.865Z CLI info [debug-utility]   Write permissions check completed for directory: C:\Users\KSuvarna\Desktop\follet-test-steps
2026-03-09T07:31:01.865Z CLI info [debug-utility]   Checking write permissions for directory: C:\Users\KSuvarna\.browserstack
2026-03-09T07:31:01.866Z CLI info [debug-utility]   Write permissions check completed for directory: C:\Users\KSuvarna\.browserstack
2026-03-09T07:31:01.866Z CLI info [debug-utility]   

========================Detecting browserstack.yml========================
2026-03-09T07:31:01.870Z CLI info [debug-utility]   

========================connectivity checks========================
2026-03-09T07:31:01.870Z CLI info [debug-utility]   No proxy settings detected.
2026-03-09T07:31:01.870Z CLI info [debug-utility]   -------------------------------------------------
2026-03-09T07:31:01.870Z CLI info [debug-utility]   Host: api.browserstack.com
2026-03-09T07:31:01.870Z CLI info [debug-utility]   Checking connectivity to: https://api.browserstack.com/robots.txt without Proxy
2026-03-09T07:31:01.990Z CLI info [debug-utility]   Connectivity check completed for URL without Proxy: https://api.browserstack.com/robots.txt
2026-03-09T07:31:01.990Z CLI info [debug-utility]   -------------------------------------------------
2026-03-09T07:31:01.991Z CLI info [debug-utility]   Host: api-cloud.browserstack.com
2026-03-09T07:31:01.991Z CLI info [debug-utility]   Checking connectivity to: https://api-cloud.browserstack.com without Proxy
2026-03-09T07:31:02.226Z CLI info [debug-utility]   Connectivity check completed for URL without Proxy: https://api-cloud.browserstack.com
2026-03-09T07:31:02.226Z CLI info [debug-utility]   -------------------------------------------------
2026-03-09T07:31:02.226Z CLI info [debug-utility]   Host: www.browserstack.com
2026-03-09T07:31:02.226Z CLI info [debug-utility]   Checking connectivity to: https://www.browserstack.com/robots.txt without Proxy
2026-03-09T07:31:02.282Z CLI info [debug-utility]   Connectivity check completed for URL without Proxy: https://www.browserstack.com/robots.txt
2026-03-09T07:31:02.282Z CLI info [debug-utility]   -------------------------------------------------
2026-03-09T07:31:02.282Z CLI info [debug-utility]   Host: automate.browserstack.com
2026-03-09T07:31:02.283Z CLI info [debug-utility]   Checking connectivity to: https://automate.browserstack.com/robots.txt without Proxy
2026-03-09T07:31:02.445Z CLI info [debug-utility]   Connectivity check completed for URL without Proxy: https://automate.browserstack.com/robots.txt
2026-03-09T07:31:02.446Z CLI info [debug-utility]   -------------------------------------------------
2026-03-09T07:31:02.446Z CLI info [debug-utility]   Host: app-automate.browserstack.com
2026-03-09T07:31:02.446Z CLI info [debug-utility]   Checking connectivity to: https://app-automate.browserstack.com/robots.txt without Proxy
2026-03-09T07:31:02.613Z CLI info [debug-utility]   Connectivity check completed for URL without Proxy: https://app-automate.browserstack.com/robots.txt
2026-03-09T07:31:02.613Z CLI info [debug-utility]   -------------------------------------------------
2026-03-09T07:31:02.613Z CLI info [debug-utility]   Host: hub.browserstack.com
2026-03-09T07:31:02.613Z CLI info [debug-utility]   Checking connectivity to: https://hub.browserstack.com/wd/hub without Proxy
2026-03-09T07:31:02.675Z CLI info [debug-utility]   Connectivity check completed for URL without Proxy: https://hub.browserstack.com/wd/hub
2026-03-09T07:31:02.676Z CLI info [debug-utility]   -------------------------------------------------
2026-03-09T07:31:02.676Z CLI info [debug-utility]   Host: hub.browserstack.com
2026-03-09T07:31:02.676Z CLI info [debug-utility]   Checking connectivity to: http://hub.browserstack.com/wd/hub without Proxy
2026-03-09T07:31:02.697Z CLI info [debug-utility]   Connectivity check completed for URL without Proxy: http://hub.browserstack.com/wd/hub
2026-03-09T07:31:02.697Z CLI info [debug-utility]   -------------------------------------------------
2026-03-09T07:31:02.697Z CLI info [debug-utility]   Host: cdp.browserstack.com
2026-03-09T07:31:02.697Z CLI info [debug-utility]   Checking connectivity to: https://cdp.browserstack.com without Proxy
2026-03-09T07:31:02.831Z CLI info [debug-utility]   Connectivity check completed for URL without Proxy: https://cdp.browserstack.com
2026-03-09T07:31:02.832Z CLI info [debug-utility]   -------------------------------------------------
2026-03-09T07:31:02.832Z CLI info [debug-utility]   Host: upload-observability.browserstack.com
2026-03-09T07:31:02.832Z CLI info [debug-utility]   Checking connectivity to: https://upload-observability.browserstack.com without Proxy
2026-03-09T07:31:03.149Z CLI info [debug-utility]   Connectivity check completed for URL without Proxy: https://upload-observability.browserstack.com
2026-03-09T07:31:03.149Z CLI info [debug-utility]   -------------------------------------------------
2026-03-09T07:31:03.149Z CLI info [debug-utility]   Host: collector-observability.browserstack.com
2026-03-09T07:31:03.149Z CLI info [debug-utility]   Checking connectivity to: https://collector-observability.browserstack.com without Proxy
2026-03-09T07:31:03.245Z CLI info [debug-utility]   Connectivity check completed for URL without Proxy: https://collector-observability.browserstack.com
2026-03-09T07:31:03.246Z CLI info [debug-utility]   -------------------------------------------------
2026-03-09T07:31:03.246Z CLI info [debug-utility]   Host: eds.browserstack.com
2026-03-09T07:31:03.246Z CLI info [debug-utility]   Checking connectivity to: https://eds.browserstack.com without Proxy
2026-03-09T07:31:03.290Z CLI info [debug-utility]   Connectivity check completed for URL without Proxy: https://eds.browserstack.com
2026-03-09T07:31:03.290Z CLI info [debug-utility]   -------------------------------------------------
2026-03-09T07:31:03.290Z CLI info [debug-utility]   Host: sdk.browserstack.com
2026-03-09T07:31:03.290Z CLI info [debug-utility]   Checking connectivity to: https://sdk.browserstack.com without Proxy
2026-03-09T07:31:03.448Z CLI info [debug-utility]   Connectivity check completed for URL without Proxy: https://sdk.browserstack.com
2026-03-09T07:31:03.449Z CLI info [debug-utility]   
Connectivity check results summary:
2026-03-09T07:31:03.449Z CLI info [debug-utility]   All connectivity checks passed
2026-03-09T07:31:03.449Z CLI info [debug-utility]   

========================browserstack.yml checks========================
2026-03-09T07:31:03.449Z CLI info [debug-utility]   Validating browserstack.yml configuration
2026-03-09T07:31:03.449Z CLI info [debug-utility]   browserstack.yml configuration validation completed
2026-03-09T07:31:03.449Z CLI info [debug-utility]   

========================Project configuration checks========================
2026-03-09T07:31:04.608Z CLI info [debug-utility]   Detecting Node.js version used in the project
2026-03-09T07:31:04.730Z CLI info [debug-utility]   Node.js version detection failed
2026-03-09T07:31:04.730Z CLI error [debug-utility]          Error occurred while detecting Node.js version: Command failed: C:\Program Files\nodejs\node.exe -v
'C:\Program' is not recognized as an internal or external command,
operable program or batch file.

2026-03-09T07:31:04.730Z CLI info [debug-utility]   Verifying installation of BrowserStack SDK
2026-03-09T07:31:04.730Z CLI info [debug-utility]   BrowserStack SDK is installed
2026-03-09T07:31:04.731Z CLI info [debug-utility]          Detected BrowserStack SDK version: 1.50.1
2026-03-09T07:31:04.731Z CLI info [debug-utility]   Detecting frameworks used in the project
2026-03-09T07:31:04.731Z CLI info [debug-utility]   Framework detection completed
2026-03-09T07:31:04.731Z CLI info [debug-utility]          Detected frameworks with versions: {"@playwright/test":"1.58.2","@cucumber/cucumber":"11.3.0"}
2026-03-09T07:31:04.731Z CLI info [debug-utility]   

========================Version compatibility checks========================
2026-03-09T07:31:04.731Z CLI info [debug-utility]   Skipping version compatibility check due to incompatible setup detection.
2026-03-09T07:31:04.731Z CLI debug [debug-utility]   Sending data to EDS: {"event_type":"sdk_events","data":{"testhub_uuid":"","created_day":"2026-03-09T07:31:04.731 UTC","event_name":"SDK_DEBUG_UTILITY_REPORT","user_data":"kjavedirfan_eZBoq7","host_info":"{\"hostname\":\"pe2vdfqaper-018\",\"platform\":\"win32\",\"type\":\"Windows_NT\",\"version\":\"Windows 10 Enterprise\",\"arch\":\"x64\"}","event_json":{"cliArgs":"C:\\Users\\KSuvarna\\.browserstack\\cli\\binary-win-x64.exe C:\\snapshot\\browserstack-binary\\cli\\dist\\index.js sdk","cliVersion":"1.24.2","results":{"system_check":{"metadata":{},"status":true,"messages":[]},"parse_yml":{"metadata":{},"status":true,"messages":[]},"connectivity_check":{"metadata":{"proxySettings":""},"status":true,"messages":[]},"validate_yml":{"metadata":{},"status":true,"messages":[]},"parse_project_config":{"metadata":{"configFilePath":"C:\\Users\\KSuvarna\\Desktop\\follet-test-steps\\package.json"},"status":false,"messages":["Error occurred while detecting Node.js version: Command failed: C:\\Program Files\\nodejs\\node.exe -v\n'C:\\Program' is not recognized as an internal or external command,\r\noperable program or batch file.\r\n"]},"version_compatibility":{"metadata":{},"status":false,"messages":["skipped"]}},"projectDirectory":"C:\\Users\\KSuvarna\\Desktop\\follet-test-steps","bstackconfigFilePath":"C:\\Users\\KSuvarna\\Desktop\\follet-test-steps\\browserstack.yml","projectConfigFilePath":null,"userProxyConfig":null,"sdkVersion":"1.50.1","language":"node","languageVersion":null,"frameworks":{"@playwright/test":"1.58.2","@cucumber/cucumber":"11.3.0"}}}}
2026-03-09T07:31:04.763Z CLI debug [debug-utility]   Data sent successfully to https://eds.browserstack.com with response 200
2026-03-09T08:12:38.961Z CLI info [debug-utility]   Starting debug utility in non-interactive mode with options: {"projectDirectory":"C:\\Users\\KSuvarna\\Desktop\\follet-test-steps","language":"node","username":"kjavedirfan_eZBoq7","key":"wMYFrmsNHB7QEs1RBFu8","bstackconfigFilePath":"C:\\Users\\KSuvarna\\Desktop\\follet-test-steps\\browserstack.yml"}
2026-03-09T08:12:38.961Z CLI info [debug-utility]   ======================system permissions checks======================
2026-03-09T08:12:38.963Z CLI info [debug-utility]   Checking write permissions for directory: C:\Users\KSuvarna\Desktop\follet-test-steps
2026-03-09T08:12:38.964Z CLI info [debug-utility]   Write permissions check completed for directory: C:\Users\KSuvarna\Desktop\follet-test-steps
2026-03-09T08:12:38.964Z CLI info [debug-utility]   Checking write permissions for directory: C:\Users\KSuvarna\.browserstack
2026-03-09T08:12:38.964Z CLI info [debug-utility]   Write permissions check completed for directory: C:\Users\KSuvarna\.browserstack
2026-03-09T08:12:38.964Z CLI info [debug-utility]   

========================Detecting browserstack.yml========================
2026-03-09T08:12:38.967Z CLI info [debug-utility]   

========================connectivity checks========================
2026-03-09T08:12:38.967Z CLI info [debug-utility]   No proxy settings detected.
2026-03-09T08:12:38.968Z CLI info [debug-utility]   -------------------------------------------------
2026-03-09T08:12:38.968Z CLI info [debug-utility]   Host: api.browserstack.com
2026-03-09T08:12:38.968Z CLI info [debug-utility]   Checking connectivity to: https://api.browserstack.com/robots.txt without Proxy
2026-03-09T08:12:39.060Z CLI info [debug-utility]   Connectivity check completed for URL without Proxy: https://api.browserstack.com/robots.txt
2026-03-09T08:12:39.060Z CLI info [debug-utility]   -------------------------------------------------
2026-03-09T08:12:39.060Z CLI info [debug-utility]   Host: api-cloud.browserstack.com
2026-03-09T08:12:39.061Z CLI info [debug-utility]   Checking connectivity to: https://api-cloud.browserstack.com without Proxy
2026-03-09T08:12:39.248Z CLI info [debug-utility]   Connectivity check completed for URL without Proxy: https://api-cloud.browserstack.com
2026-03-09T08:12:39.248Z CLI info [debug-utility]   -------------------------------------------------
2026-03-09T08:12:39.248Z CLI info [debug-utility]   Host: www.browserstack.com
2026-03-09T08:12:39.248Z CLI info [debug-utility]   Checking connectivity to: https://www.browserstack.com/robots.txt without Proxy
2026-03-09T08:12:39.402Z CLI info [debug-utility]   Connectivity check completed for URL without Proxy: https://www.browserstack.com/robots.txt
2026-03-09T08:12:39.402Z CLI info [debug-utility]   -------------------------------------------------
2026-03-09T08:12:39.402Z CLI info [debug-utility]   Host: automate.browserstack.com
2026-03-09T08:12:39.402Z CLI info [debug-utility]   Checking connectivity to: https://automate.browserstack.com/robots.txt without Proxy
2026-03-09T08:12:39.538Z CLI info [debug-utility]   Connectivity check completed for URL without Proxy: https://automate.browserstack.com/robots.txt
2026-03-09T08:12:39.538Z CLI info [debug-utility]   -------------------------------------------------
2026-03-09T08:12:39.539Z CLI info [debug-utility]   Host: app-automate.browserstack.com
2026-03-09T08:12:39.539Z CLI info [debug-utility]   Checking connectivity to: https://app-automate.browserstack.com/robots.txt without Proxy
2026-03-09T08:12:39.704Z CLI info [debug-utility]   Connectivity check completed for URL without Proxy: https://app-automate.browserstack.com/robots.txt
2026-03-09T08:12:39.704Z CLI info [debug-utility]   -------------------------------------------------
2026-03-09T08:12:39.704Z CLI info [debug-utility]   Host: hub.browserstack.com
2026-03-09T08:12:39.704Z CLI info [debug-utility]   Checking connectivity to: https://hub.browserstack.com/wd/hub without Proxy
2026-03-09T08:12:39.754Z CLI info [debug-utility]   Connectivity check completed for URL without Proxy: https://hub.browserstack.com/wd/hub
2026-03-09T08:12:39.754Z CLI info [debug-utility]   -------------------------------------------------
2026-03-09T08:12:39.754Z CLI info [debug-utility]   Host: hub.browserstack.com
2026-03-09T08:12:39.754Z CLI info [debug-utility]   Checking connectivity to: http://hub.browserstack.com/wd/hub without Proxy
2026-03-09T08:12:39.776Z CLI info [debug-utility]   Connectivity check completed for URL without Proxy: http://hub.browserstack.com/wd/hub
2026-03-09T08:12:39.776Z CLI info [debug-utility]   -------------------------------------------------
2026-03-09T08:12:39.776Z CLI info [debug-utility]   Host: cdp.browserstack.com
2026-03-09T08:12:39.776Z CLI info [debug-utility]   Checking connectivity to: https://cdp.browserstack.com without Proxy
2026-03-09T08:12:39.920Z CLI info [debug-utility]   Connectivity check completed for URL without Proxy: https://cdp.browserstack.com
2026-03-09T08:12:39.920Z CLI info [debug-utility]   -------------------------------------------------
2026-03-09T08:12:39.920Z CLI info [debug-utility]   Host: upload-observability.browserstack.com
2026-03-09T08:12:39.920Z CLI info [debug-utility]   Checking connectivity to: https://upload-observability.browserstack.com without Proxy
2026-03-09T08:12:40.024Z CLI info [debug-utility]   Connectivity check completed for URL without Proxy: https://upload-observability.browserstack.com
2026-03-09T08:12:40.025Z CLI info [debug-utility]   -------------------------------------------------
2026-03-09T08:12:40.025Z CLI info [debug-utility]   Host: collector-observability.browserstack.com
2026-03-09T08:12:40.025Z CLI info [debug-utility]   Checking connectivity to: https://collector-observability.browserstack.com without Proxy
2026-03-09T08:12:40.122Z CLI info [debug-utility]   Connectivity check completed for URL without Proxy: https://collector-observability.browserstack.com
2026-03-09T08:12:40.122Z CLI info [debug-utility]   -------------------------------------------------
2026-03-09T08:12:40.122Z CLI info [debug-utility]   Host: eds.browserstack.com
2026-03-09T08:12:40.122Z CLI info [debug-utility]   Checking connectivity to: https://eds.browserstack.com without Proxy
2026-03-09T08:12:40.229Z CLI info [debug-utility]   Connectivity check completed for URL without Proxy: https://eds.browserstack.com
2026-03-09T08:12:40.230Z CLI info [debug-utility]   -------------------------------------------------
2026-03-09T08:12:40.230Z CLI info [debug-utility]   Host: sdk.browserstack.com
2026-03-09T08:12:40.230Z CLI info [debug-utility]   Checking connectivity to: https://sdk.browserstack.com without Proxy
2026-03-09T08:12:40.351Z CLI info [debug-utility]   Connectivity check completed for URL without Proxy: https://sdk.browserstack.com
2026-03-09T08:12:40.352Z CLI info [debug-utility]   
Connectivity check results summary:
2026-03-09T08:12:40.352Z CLI info [debug-utility]   All connectivity checks passed
2026-03-09T08:12:40.352Z CLI info [debug-utility]   

========================browserstack.yml checks========================
2026-03-09T08:12:40.352Z CLI info [debug-utility]   Validating browserstack.yml configuration
2026-03-09T08:12:40.352Z CLI info [debug-utility]   browserstack.yml configuration validation completed
2026-03-09T08:12:40.352Z CLI info [debug-utility]   

========================Project configuration checks========================
2026-03-09T08:12:41.825Z CLI info [debug-utility]   Detecting Node.js version used in the project
2026-03-09T08:12:41.964Z CLI info [debug-utility]   Node.js version detection failed
2026-03-09T08:12:41.964Z CLI error [debug-utility]          Error occurred while detecting Node.js version: Command failed: C:\Program Files\nodejs\node.exe -v
'C:\Program' is not recognized as an internal or external command,
operable program or batch file.

2026-03-09T08:12:41.964Z CLI info [debug-utility]   Verifying installation of BrowserStack SDK
2026-03-09T08:12:41.964Z CLI info [debug-utility]   BrowserStack SDK is installed
2026-03-09T08:12:41.964Z CLI info [debug-utility]          Detected BrowserStack SDK version: 1.50.1
2026-03-09T08:12:41.965Z CLI info [debug-utility]   Detecting frameworks used in the project
2026-03-09T08:12:41.965Z CLI info [debug-utility]   Framework detection completed
2026-03-09T08:12:41.965Z CLI info [debug-utility]          Detected frameworks with versions: {"@playwright/test":"1.58.2","@cucumber/cucumber":"11.3.0"}
2026-03-09T08:12:41.965Z CLI info [debug-utility]   

========================Version compatibility checks========================
2026-03-09T08:12:41.965Z CLI info [debug-utility]   Skipping version compatibility check due to incompatible setup detection.
2026-03-09T08:12:41.965Z CLI debug [debug-utility]   Sending data to EDS: {"event_type":"sdk_events","data":{"testhub_uuid":"","created_day":"2026-03-09T08:12:41.965 UTC","event_name":"SDK_DEBUG_UTILITY_REPORT","user_data":"kjavedirfan_eZBoq7","host_info":"{\"hostname\":\"pe2vdfqaper-018\",\"platform\":\"win32\",\"type\":\"Windows_NT\",\"version\":\"Windows 10 Enterprise\",\"arch\":\"x64\"}","event_json":{"cliArgs":"C:\\Users\\KSuvarna\\.browserstack\\cli\\binary-win-x64.exe C:\\snapshot\\browserstack-binary\\cli\\dist\\index.js sdk","cliVersion":"1.24.2","results":{"system_check":{"metadata":{},"status":true,"messages":[]},"parse_yml":{"metadata":{},"status":true,"messages":[]},"connectivity_check":{"metadata":{"proxySettings":""},"status":true,"messages":[]},"validate_yml":{"metadata":{},"status":true,"messages":[]},"parse_project_config":{"metadata":{"configFilePath":"C:\\Users\\KSuvarna\\Desktop\\follet-test-steps\\package.json"},"status":false,"messages":["Error occurred while detecting Node.js version: Command failed: C:\\Program Files\\nodejs\\node.exe -v\n'C:\\Program' is not recognized as an internal or external command,\r\noperable program or batch file.\r\n"]},"version_compatibility":{"metadata":{},"status":false,"messages":["skipped"]}},"projectDirectory":"C:\\Users\\KSuvarna\\Desktop\\follet-test-steps","bstackconfigFilePath":"C:\\Users\\KSuvarna\\Desktop\\follet-test-steps\\browserstack.yml","projectConfigFilePath":null,"userProxyConfig":null,"sdkVersion":"1.50.1","language":"node","languageVersion":null,"frameworks":{"@playwright/test":"1.58.2","@cucumber/cucumber":"11.3.0"}}}}
2026-03-09T08:12:41.998Z CLI debug [debug-utility]   Data sent successfully to https://eds.browserstack.com with response 200
2026-03-09T08:15:42.471Z CLI info [debug-utility]   Starting debug utility in non-interactive mode with options: {"projectDirectory":"C:\\Users\\KSuvarna\\Desktop\\follet-test-steps","language":"node","username":"kjavedirfan_eZBoq7","key":"wMYFrmsNHB7QEs1RBFu8","bstackconfigFilePath":"C:\\Users\\KSuvarna\\Desktop\\follet-test-steps\\browserstack.yml"}
2026-03-09T08:15:42.471Z CLI info [debug-utility]   ======================system permissions checks======================
2026-03-09T08:15:42.472Z CLI info [debug-utility]   Checking write permissions for directory: C:\Users\KSuvarna\Desktop\follet-test-steps
2026-03-09T08:15:42.473Z CLI info [debug-utility]   Write permissions check completed for directory: C:\Users\KSuvarna\Desktop\follet-test-steps
2026-03-09T08:15:42.473Z CLI info [debug-utility]   Checking write permissions for directory: C:\Users\KSuvarna\.browserstack
2026-03-09T08:15:42.473Z CLI info [debug-utility]   Write permissions check completed for directory: C:\Users\KSuvarna\.browserstack
2026-03-09T08:15:42.473Z CLI info [debug-utility]   

========================Detecting browserstack.yml========================
2026-03-09T08:15:42.477Z CLI info [debug-utility]   

========================connectivity checks========================
2026-03-09T08:15:42.477Z CLI info [debug-utility]   No proxy settings detected.
2026-03-09T08:15:42.477Z CLI info [debug-utility]   -------------------------------------------------
2026-03-09T08:15:42.477Z CLI info [debug-utility]   Host: api.browserstack.com
2026-03-09T08:15:42.477Z CLI info [debug-utility]   Checking connectivity to: https://api.browserstack.com/robots.txt without Proxy
2026-03-09T08:15:42.560Z CLI info [debug-utility]   Connectivity check completed for URL without Proxy: https://api.browserstack.com/robots.txt
2026-03-09T08:15:42.560Z CLI info [debug-utility]   -------------------------------------------------
2026-03-09T08:15:42.560Z CLI info [debug-utility]   Host: api-cloud.browserstack.com
2026-03-09T08:15:42.560Z CLI info [debug-utility]   Checking connectivity to: https://api-cloud.browserstack.com without Proxy
2026-03-09T08:15:42.737Z CLI info [debug-utility]   Connectivity check completed for URL without Proxy: https://api-cloud.browserstack.com
2026-03-09T08:15:42.737Z CLI info [debug-utility]   -------------------------------------------------
2026-03-09T08:15:42.737Z CLI info [debug-utility]   Host: www.browserstack.com
2026-03-09T08:15:42.737Z CLI info [debug-utility]   Checking connectivity to: https://www.browserstack.com/robots.txt without Proxy
2026-03-09T08:15:42.781Z CLI info [debug-utility]   Connectivity check completed for URL without Proxy: https://www.browserstack.com/robots.txt
2026-03-09T08:15:42.781Z CLI info [debug-utility]   -------------------------------------------------
2026-03-09T08:15:42.781Z CLI info [debug-utility]   Host: automate.browserstack.com
2026-03-09T08:15:42.781Z CLI info [debug-utility]   Checking connectivity to: https://automate.browserstack.com/robots.txt without Proxy
2026-03-09T08:15:42.906Z CLI info [debug-utility]   Connectivity check completed for URL without Proxy: https://automate.browserstack.com/robots.txt
2026-03-09T08:15:42.906Z CLI info [debug-utility]   -------------------------------------------------
2026-03-09T08:15:42.906Z CLI info [debug-utility]   Host: app-automate.browserstack.com
2026-03-09T08:15:42.906Z CLI info [debug-utility]   Checking connectivity to: https://app-automate.browserstack.com/robots.txt without Proxy
2026-03-09T08:15:43.045Z CLI info [debug-utility]   Connectivity check completed for URL without Proxy: https://app-automate.browserstack.com/robots.txt
2026-03-09T08:15:43.045Z CLI info [debug-utility]   -------------------------------------------------
2026-03-09T08:15:43.046Z CLI info [debug-utility]   Host: hub.browserstack.com
2026-03-09T08:15:43.046Z CLI info [debug-utility]   Checking connectivity to: https://hub.browserstack.com/wd/hub without Proxy
2026-03-09T08:15:43.130Z CLI info [debug-utility]   Connectivity check completed for URL without Proxy: https://hub.browserstack.com/wd/hub
2026-03-09T08:15:43.130Z CLI info [debug-utility]   -------------------------------------------------
2026-03-09T08:15:43.130Z CLI info [debug-utility]   Host: hub.browserstack.com
2026-03-09T08:15:43.130Z CLI info [debug-utility]   Checking connectivity to: http://hub.browserstack.com/wd/hub without Proxy
2026-03-09T08:15:43.151Z CLI info [debug-utility]   Connectivity check completed for URL without Proxy: http://hub.browserstack.com/wd/hub
2026-03-09T08:15:43.151Z CLI info [debug-utility]   -------------------------------------------------
2026-03-09T08:15:43.151Z CLI info [debug-utility]   Host: cdp.browserstack.com
2026-03-09T08:15:43.151Z CLI info [debug-utility]   Checking connectivity to: https://cdp.browserstack.com without Proxy
2026-03-09T08:15:43.243Z CLI info [debug-utility]   Connectivity check completed for URL without Proxy: https://cdp.browserstack.com
2026-03-09T08:15:43.244Z CLI info [debug-utility]   -------------------------------------------------
2026-03-09T08:15:43.244Z CLI info [debug-utility]   Host: upload-observability.browserstack.com
2026-03-09T08:15:43.244Z CLI info [debug-utility]   Checking connectivity to: https://upload-observability.browserstack.com without Proxy
2026-03-09T08:15:43.347Z CLI info [debug-utility]   Connectivity check completed for URL without Proxy: https://upload-observability.browserstack.com
2026-03-09T08:15:43.347Z CLI info [debug-utility]   -------------------------------------------------
2026-03-09T08:15:43.347Z CLI info [debug-utility]   Host: collector-observability.browserstack.com
2026-03-09T08:15:43.347Z CLI info [debug-utility]   Checking connectivity to: https://collector-observability.browserstack.com without Proxy
2026-03-09T08:15:43.424Z CLI info [debug-utility]   Connectivity check completed for URL without Proxy: https://collector-observability.browserstack.com
2026-03-09T08:15:43.424Z CLI info [debug-utility]   -------------------------------------------------
2026-03-09T08:15:43.424Z CLI info [debug-utility]   Host: eds.browserstack.com
2026-03-09T08:15:43.424Z CLI info [debug-utility]   Checking connectivity to: https://eds.browserstack.com without Proxy
2026-03-09T08:15:43.461Z CLI info [debug-utility]   Connectivity check completed for URL without Proxy: https://eds.browserstack.com
2026-03-09T08:15:43.461Z CLI info [debug-utility]   -------------------------------------------------
2026-03-09T08:15:43.461Z CLI info [debug-utility]   Host: sdk.browserstack.com
2026-03-09T08:15:43.461Z CLI info [debug-utility]   Checking connectivity to: https://sdk.browserstack.com without Proxy
2026-03-09T08:15:43.581Z CLI info [debug-utility]   Connectivity check completed for URL without Proxy: https://sdk.browserstack.com
2026-03-09T08:15:43.581Z CLI info [debug-utility]   
Connectivity check results summary:
2026-03-09T08:15:43.581Z CLI info [debug-utility]   All connectivity checks passed
2026-03-09T08:15:43.581Z CLI info [debug-utility]   

========================browserstack.yml checks========================
2026-03-09T08:15:43.582Z CLI info [debug-utility]   Validating browserstack.yml configuration
2026-03-09T08:15:43.582Z CLI info [debug-utility]   browserstack.yml configuration validation completed
2026-03-09T08:15:43.582Z CLI info [debug-utility]   

========================Project configuration checks========================
2026-03-09T08:15:44.895Z CLI info [debug-utility]   Detecting Node.js version used in the project
2026-03-09T08:15:45.015Z CLI info [debug-utility]   Node.js version detection failed
2026-03-09T08:15:45.015Z CLI error [debug-utility]          Error occurred while detecting Node.js version: Command failed: C:\Program Files\nodejs\node.exe -v
'C:\Program' is not recognized as an internal or external command,
operable program or batch file.

2026-03-09T08:15:45.015Z CLI info [debug-utility]   Verifying installation of BrowserStack SDK
2026-03-09T08:15:45.015Z CLI info [debug-utility]   BrowserStack SDK is installed
2026-03-09T08:15:45.015Z CLI info [debug-utility]          Detected BrowserStack SDK version: 1.50.1
2026-03-09T08:15:45.015Z CLI info [debug-utility]   Detecting frameworks used in the project
2026-03-09T08:15:45.016Z CLI info [debug-utility]   Framework detection completed
2026-03-09T08:15:45.016Z CLI info [debug-utility]          Detected frameworks with versions: {"@playwright/test":"1.58.2","@cucumber/cucumber":"11.3.0"}
2026-03-09T08:15:45.016Z CLI info [debug-utility]   

========================Version compatibility checks========================
2026-03-09T08:15:45.016Z CLI info [debug-utility]   Skipping version compatibility check due to incompatible setup detection.
2026-03-09T08:15:45.016Z CLI debug [debug-utility]   Sending data to EDS: {"event_type":"sdk_events","data":{"testhub_uuid":"","created_day":"2026-03-09T08:15:45.016 UTC","event_name":"SDK_DEBUG_UTILITY_REPORT","user_data":"kjavedirfan_eZBoq7","host_info":"{\"hostname\":\"pe2vdfqaper-018\",\"platform\":\"win32\",\"type\":\"Windows_NT\",\"version\":\"Windows 10 Enterprise\",\"arch\":\"x64\"}","event_json":{"cliArgs":"C:\\Users\\KSuvarna\\.browserstack\\cli\\binary-win-x64.exe C:\\snapshot\\browserstack-binary\\cli\\dist\\index.js sdk","cliVersion":"1.24.2","results":{"system_check":{"metadata":{},"status":true,"messages":[]},"parse_yml":{"metadata":{},"status":true,"messages":[]},"connectivity_check":{"metadata":{"proxySettings":""},"status":true,"messages":[]},"validate_yml":{"metadata":{},"status":true,"messages":[]},"parse_project_config":{"metadata":{"configFilePath":"C:\\Users\\KSuvarna\\Desktop\\follet-test-steps\\package.json"},"status":false,"messages":["Error occurred while detecting Node.js version: Command failed: C:\\Program Files\\nodejs\\node.exe -v\n'C:\\Program' is not recognized as an internal or external command,\r\noperable program or batch file.\r\n"]},"version_compatibility":{"metadata":{},"status":false,"messages":["skipped"]}},"projectDirectory":"C:\\Users\\KSuvarna\\Desktop\\follet-test-steps","bstackconfigFilePath":"C:\\Users\\KSuvarna\\Desktop\\follet-test-steps\\browserstack.yml","projectConfigFilePath":null,"userProxyConfig":null,"sdkVersion":"1.50.1","language":"node","languageVersion":null,"frameworks":{"@playwright/test":"1.58.2","@cucumber/cucumber":"11.3.0"}}}}
2026-03-09T08:15:45.052Z CLI debug [debug-utility]   Data sent successfully to https://eds.browserstack.com with response 200
2026-03-09T08:20:08.815Z CLI info [debug-utility]   Starting debug utility in non-interactive mode with options: {"projectDirectory":"C:\\Users\\KSuvarna\\Desktop\\follet-test-steps","language":"node","username":"kjavedirfan_eZBoq7","key":"wMYFrmsNHB7QEs1RBFu8","bstackconfigFilePath":"C:\\Users\\KSuvarna\\Desktop\\follet-test-steps\\browserstack.yml"}
2026-03-09T08:20:08.815Z CLI info [debug-utility]   ======================system permissions checks======================
2026-03-09T08:20:08.816Z CLI info [debug-utility]   Checking write permissions for directory: C:\Users\KSuvarna\Desktop\follet-test-steps
2026-03-09T08:20:08.817Z CLI info [debug-utility]   Write permissions check completed for directory: C:\Users\KSuvarna\Desktop\follet-test-steps
2026-03-09T08:20:08.817Z CLI info [debug-utility]   Checking write permissions for directory: C:\Users\KSuvarna\.browserstack
2026-03-09T08:20:08.817Z CLI info [debug-utility]   Write permissions check completed for directory: C:\Users\KSuvarna\.browserstack
2026-03-09T08:20:08.817Z CLI info [debug-utility]   

========================Detecting browserstack.yml========================
2026-03-09T08:20:08.820Z CLI info [debug-utility]   

========================connectivity checks========================
2026-03-09T08:20:08.820Z CLI info [debug-utility]   No proxy settings detected.
2026-03-09T08:20:08.820Z CLI info [debug-utility]   -------------------------------------------------
2026-03-09T08:20:08.820Z CLI info [debug-utility]   Host: api.browserstack.com
2026-03-09T08:20:08.820Z CLI info [debug-utility]   Checking connectivity to: https://api.browserstack.com/robots.txt without Proxy
2026-03-09T08:20:08.922Z CLI info [debug-utility]   Connectivity check completed for URL without Proxy: https://api.browserstack.com/robots.txt
2026-03-09T08:20:08.922Z CLI info [debug-utility]   -------------------------------------------------
2026-03-09T08:20:08.923Z CLI info [debug-utility]   Host: api-cloud.browserstack.com
2026-03-09T08:20:08.923Z CLI info [debug-utility]   Checking connectivity to: https://api-cloud.browserstack.com without Proxy
2026-03-09T08:20:09.114Z CLI info [debug-utility]   Connectivity check completed for URL without Proxy: https://api-cloud.browserstack.com
2026-03-09T08:20:09.114Z CLI info [debug-utility]   -------------------------------------------------
2026-03-09T08:20:09.114Z CLI info [debug-utility]   Host: www.browserstack.com
2026-03-09T08:20:09.114Z CLI info [debug-utility]   Checking connectivity to: https://www.browserstack.com/robots.txt without Proxy
2026-03-09T08:20:09.247Z CLI info [debug-utility]   Connectivity check completed for URL without Proxy: https://www.browserstack.com/robots.txt
2026-03-09T08:20:09.247Z CLI info [debug-utility]   -------------------------------------------------
2026-03-09T08:20:09.248Z CLI info [debug-utility]   Host: automate.browserstack.com
2026-03-09T08:20:09.248Z CLI info [debug-utility]   Checking connectivity to: https://automate.browserstack.com/robots.txt without Proxy
2026-03-09T08:20:09.379Z CLI info [debug-utility]   Connectivity check completed for URL without Proxy: https://automate.browserstack.com/robots.txt
2026-03-09T08:20:09.379Z CLI info [debug-utility]   -------------------------------------------------
2026-03-09T08:20:09.380Z CLI info [debug-utility]   Host: app-automate.browserstack.com
2026-03-09T08:20:09.380Z CLI info [debug-utility]   Checking connectivity to: https://app-automate.browserstack.com/robots.txt without Proxy
2026-03-09T08:20:09.529Z CLI info [debug-utility]   Connectivity check completed for URL without Proxy: https://app-automate.browserstack.com/robots.txt
2026-03-09T08:20:09.529Z CLI info [debug-utility]   -------------------------------------------------
2026-03-09T08:20:09.529Z CLI info [debug-utility]   Host: hub.browserstack.com
2026-03-09T08:20:09.529Z CLI info [debug-utility]   Checking connectivity to: https://hub.browserstack.com/wd/hub without Proxy
2026-03-09T08:20:09.576Z CLI info [debug-utility]   Connectivity check completed for URL without Proxy: https://hub.browserstack.com/wd/hub
2026-03-09T08:20:09.576Z CLI info [debug-utility]   -------------------------------------------------
2026-03-09T08:20:09.576Z CLI info [debug-utility]   Host: hub.browserstack.com
2026-03-09T08:20:09.576Z CLI info [debug-utility]   Checking connectivity to: http://hub.browserstack.com/wd/hub without Proxy
2026-03-09T08:20:09.607Z CLI info [debug-utility]   Connectivity check completed for URL without Proxy: http://hub.browserstack.com/wd/hub
2026-03-09T08:20:09.607Z CLI info [debug-utility]   -------------------------------------------------
2026-03-09T08:20:09.607Z CLI info [debug-utility]   Host: cdp.browserstack.com
2026-03-09T08:20:09.607Z CLI info [debug-utility]   Checking connectivity to: https://cdp.browserstack.com without Proxy
2026-03-09T08:20:09.742Z CLI info [debug-utility]   Connectivity check completed for URL without Proxy: https://cdp.browserstack.com
2026-03-09T08:20:09.742Z CLI info [debug-utility]   -------------------------------------------------
2026-03-09T08:20:09.742Z CLI info [debug-utility]   Host: upload-observability.browserstack.com
2026-03-09T08:20:09.742Z CLI info [debug-utility]   Checking connectivity to: https://upload-observability.browserstack.com without Proxy
2026-03-09T08:20:10.053Z CLI info [debug-utility]   Connectivity check completed for URL without Proxy: https://upload-observability.browserstack.com
2026-03-09T08:20:10.053Z CLI info [debug-utility]   -------------------------------------------------
2026-03-09T08:20:10.053Z CLI info [debug-utility]   Host: collector-observability.browserstack.com
2026-03-09T08:20:10.053Z CLI info [debug-utility]   Checking connectivity to: https://collector-observability.browserstack.com without Proxy
2026-03-09T08:20:10.158Z CLI info [debug-utility]   Connectivity check completed for URL without Proxy: https://collector-observability.browserstack.com
2026-03-09T08:20:10.158Z CLI info [debug-utility]   -------------------------------------------------
2026-03-09T08:20:10.158Z CLI info [debug-utility]   Host: eds.browserstack.com
2026-03-09T08:20:10.159Z CLI info [debug-utility]   Checking connectivity to: https://eds.browserstack.com without Proxy
2026-03-09T08:20:10.269Z CLI info [debug-utility]   Connectivity check completed for URL without Proxy: https://eds.browserstack.com
2026-03-09T08:20:10.270Z CLI info [debug-utility]   -------------------------------------------------
2026-03-09T08:20:10.270Z CLI info [debug-utility]   Host: sdk.browserstack.com
2026-03-09T08:20:10.270Z CLI info [debug-utility]   Checking connectivity to: https://sdk.browserstack.com without Proxy
2026-03-09T08:20:10.399Z CLI info [debug-utility]   Connectivity check completed for URL without Proxy: https://sdk.browserstack.com
2026-03-09T08:20:10.399Z CLI info [debug-utility]   
Connectivity check results summary:
2026-03-09T08:20:10.399Z CLI info [debug-utility]   All connectivity checks passed
2026-03-09T08:20:10.399Z CLI info [debug-utility]   

========================browserstack.yml checks========================
2026-03-09T08:20:10.399Z CLI info [debug-utility]   Validating browserstack.yml configuration
2026-03-09T08:20:10.399Z CLI info [debug-utility]   browserstack.yml configuration validation completed
2026-03-09T08:20:10.400Z CLI info [debug-utility]   

========================Project configuration checks========================
2026-03-09T08:20:11.826Z CLI info [debug-utility]   Detecting Node.js version used in the project
2026-03-09T08:20:11.957Z CLI info [debug-utility]   Node.js version detection failed
2026-03-09T08:20:11.957Z CLI error [debug-utility]          Error occurred while detecting Node.js version: Command failed: C:\Program Files\nodejs\node.exe -v
'C:\Program' is not recognized as an internal or external command,
operable program or batch file.

2026-03-09T08:20:11.957Z CLI info [debug-utility]   Verifying installation of BrowserStack SDK
2026-03-09T08:20:11.957Z CLI info [debug-utility]   BrowserStack SDK is installed
2026-03-09T08:20:11.957Z CLI info [debug-utility]          Detected BrowserStack SDK version: 1.50.1
2026-03-09T08:20:11.957Z CLI info [debug-utility]   Detecting frameworks used in the project
2026-03-09T08:20:11.957Z CLI info [debug-utility]   Framework detection completed
2026-03-09T08:20:11.957Z CLI info [debug-utility]          Detected frameworks with versions: {"@playwright/test":"1.58.2","@cucumber/cucumber":"11.3.0"}
2026-03-09T08:20:11.957Z CLI info [debug-utility]   

========================Version compatibility checks========================
2026-03-09T08:20:11.957Z CLI info [debug-utility]   Skipping version compatibility check due to incompatible setup detection.
2026-03-09T08:20:11.958Z CLI debug [debug-utility]   Sending data to EDS: {"event_type":"sdk_events","data":{"testhub_uuid":"","created_day":"2026-03-09T08:20:11.958 UTC","event_name":"SDK_DEBUG_UTILITY_REPORT","user_data":"kjavedirfan_eZBoq7","host_info":"{\"hostname\":\"pe2vdfqaper-018\",\"platform\":\"win32\",\"type\":\"Windows_NT\",\"version\":\"Windows 10 Enterprise\",\"arch\":\"x64\"}","event_json":{"cliArgs":"C:\\Users\\KSuvarna\\.browserstack\\cli\\binary-win-x64.exe C:\\snapshot\\browserstack-binary\\cli\\dist\\index.js sdk","cliVersion":"1.24.2","results":{"system_check":{"metadata":{},"status":true,"messages":[]},"parse_yml":{"metadata":{},"status":true,"messages":[]},"connectivity_check":{"metadata":{"proxySettings":""},"status":true,"messages":[]},"validate_yml":{"metadata":{},"status":true,"messages":[]},"parse_project_config":{"metadata":{"configFilePath":"C:\\Users\\KSuvarna\\Desktop\\follet-test-steps\\package.json"},"status":false,"messages":["Error occurred while detecting Node.js version: Command failed: C:\\Program Files\\nodejs\\node.exe -v\n'C:\\Program' is not recognized as an internal or external command,\r\noperable program or batch file.\r\n"]},"version_compatibility":{"metadata":{},"status":false,"messages":["skipped"]}},"projectDirectory":"C:\\Users\\KSuvarna\\Desktop\\follet-test-steps","bstackconfigFilePath":"C:\\Users\\KSuvarna\\Desktop\\follet-test-steps\\browserstack.yml","projectConfigFilePath":null,"userProxyConfig":null,"sdkVersion":"1.50.1","language":"node","languageVersion":null,"frameworks":{"@playwright/test":"1.58.2","@cucumber/cucumber":"11.3.0"}}}}
2026-03-09T08:20:11.992Z CLI debug [debug-utility]   Data sent successfully to https://eds.browserstack.com with response 200
2026-03-09T08:28:25.646Z CLI info [debug-utility]   Starting debug utility in non-interactive mode with options: {"projectDirectory":"C:\\Users\\KSuvarna\\Desktop\\follet-test-steps","language":"node","username":"kjavedirfan_eZBoq7","key":"wMYFrmsNHB7QEs1RBFu8","bstackconfigFilePath":"C:\\Users\\KSuvarna\\Desktop\\follet-test-steps\\browserstack.yml"}
2026-03-09T08:28:25.647Z CLI info [debug-utility]   ======================system permissions checks======================
2026-03-09T08:28:25.650Z CLI info [debug-utility]   Checking write permissions for directory: C:\Users\KSuvarna\Desktop\follet-test-steps
2026-03-09T08:28:25.650Z CLI info [debug-utility]   Write permissions check completed for directory: C:\Users\KSuvarna\Desktop\follet-test-steps
2026-03-09T08:28:25.651Z CLI info [debug-utility]   Checking write permissions for directory: C:\Users\KSuvarna\.browserstack
2026-03-09T08:28:25.651Z CLI info [debug-utility]   Write permissions check completed for directory: C:\Users\KSuvarna\.browserstack
2026-03-09T08:28:25.651Z CLI info [debug-utility]   

========================Detecting browserstack.yml========================
2026-03-09T08:28:25.654Z CLI info [debug-utility]   

========================connectivity checks========================
2026-03-09T08:28:25.654Z CLI info [debug-utility]   No proxy settings detected.
2026-03-09T08:28:25.655Z CLI info [debug-utility]   -------------------------------------------------
2026-03-09T08:28:25.655Z CLI info [debug-utility]   Host: api.browserstack.com
2026-03-09T08:28:25.655Z CLI info [debug-utility]   Checking connectivity to: https://api.browserstack.com/robots.txt without Proxy
2026-03-09T08:28:25.769Z CLI info [debug-utility]   Connectivity check completed for URL without Proxy: https://api.browserstack.com/robots.txt
2026-03-09T08:28:25.769Z CLI info [debug-utility]   -------------------------------------------------
2026-03-09T08:28:25.769Z CLI info [debug-utility]   Host: api-cloud.browserstack.com
2026-03-09T08:28:25.769Z CLI info [debug-utility]   Checking connectivity to: https://api-cloud.browserstack.com without Proxy
2026-03-09T08:28:25.944Z CLI info [debug-utility]   Connectivity check completed for URL without Proxy: https://api-cloud.browserstack.com
2026-03-09T08:28:25.944Z CLI info [debug-utility]   -------------------------------------------------
2026-03-09T08:28:25.945Z CLI info [debug-utility]   Host: www.browserstack.com
2026-03-09T08:28:25.945Z CLI info [debug-utility]   Checking connectivity to: https://www.browserstack.com/robots.txt without Proxy
2026-03-09T08:28:26.077Z CLI info [debug-utility]   Connectivity check completed for URL without Proxy: https://www.browserstack.com/robots.txt
2026-03-09T08:28:26.077Z CLI info [debug-utility]   -------------------------------------------------
2026-03-09T08:28:26.077Z CLI info [debug-utility]   Host: automate.browserstack.com
2026-03-09T08:28:26.077Z CLI info [debug-utility]   Checking connectivity to: https://automate.browserstack.com/robots.txt without Proxy
2026-03-09T08:28:26.221Z CLI info [debug-utility]   Connectivity check completed for URL without Proxy: https://automate.browserstack.com/robots.txt
2026-03-09T08:28:26.221Z CLI info [debug-utility]   -------------------------------------------------
2026-03-09T08:28:26.222Z CLI info [debug-utility]   Host: app-automate.browserstack.com
2026-03-09T08:28:26.222Z CLI info [debug-utility]   Checking connectivity to: https://app-automate.browserstack.com/robots.txt without Proxy
2026-03-09T08:28:26.371Z CLI info [debug-utility]   Connectivity check completed for URL without Proxy: https://app-automate.browserstack.com/robots.txt
2026-03-09T08:28:26.371Z CLI info [debug-utility]   -------------------------------------------------
2026-03-09T08:28:26.371Z CLI info [debug-utility]   Host: hub.browserstack.com
2026-03-09T08:28:26.371Z CLI info [debug-utility]   Checking connectivity to: https://hub.browserstack.com/wd/hub without Proxy
2026-03-09T08:28:26.416Z CLI info [debug-utility]   Connectivity check completed for URL without Proxy: https://hub.browserstack.com/wd/hub
2026-03-09T08:28:26.417Z CLI info [debug-utility]   -------------------------------------------------
2026-03-09T08:28:26.417Z CLI info [debug-utility]   Host: hub.browserstack.com
2026-03-09T08:28:26.417Z CLI info [debug-utility]   Checking connectivity to: http://hub.browserstack.com/wd/hub without Proxy
2026-03-09T08:28:26.450Z CLI info [debug-utility]   Connectivity check completed for URL without Proxy: http://hub.browserstack.com/wd/hub
2026-03-09T08:28:26.451Z CLI info [debug-utility]   -------------------------------------------------
2026-03-09T08:28:26.451Z CLI info [debug-utility]   Host: cdp.browserstack.com
2026-03-09T08:28:26.451Z CLI info [debug-utility]   Checking connectivity to: https://cdp.browserstack.com without Proxy
2026-03-09T08:28:26.573Z CLI info [debug-utility]   Connectivity check completed for URL without Proxy: https://cdp.browserstack.com
2026-03-09T08:28:26.573Z CLI info [debug-utility]   -------------------------------------------------
2026-03-09T08:28:26.573Z CLI info [debug-utility]   Host: upload-observability.browserstack.com
2026-03-09T08:28:26.573Z CLI info [debug-utility]   Checking connectivity to: https://upload-observability.browserstack.com without Proxy
2026-03-09T08:28:26.686Z CLI info [debug-utility]   Connectivity check completed for URL without Proxy: https://upload-observability.browserstack.com
2026-03-09T08:28:26.686Z CLI info [debug-utility]   -------------------------------------------------
2026-03-09T08:28:26.686Z CLI info [debug-utility]   Host: collector-observability.browserstack.com
2026-03-09T08:28:26.686Z CLI info [debug-utility]   Checking connectivity to: https://collector-observability.browserstack.com without Proxy
2026-03-09T08:28:26.795Z CLI info [debug-utility]   Connectivity check completed for URL without Proxy: https://collector-observability.browserstack.com
2026-03-09T08:28:26.795Z CLI info [debug-utility]   -------------------------------------------------
2026-03-09T08:28:26.795Z CLI info [debug-utility]   Host: eds.browserstack.com
2026-03-09T08:28:26.795Z CLI info [debug-utility]   Checking connectivity to: https://eds.browserstack.com without Proxy
2026-03-09T08:28:26.903Z CLI info [debug-utility]   Connectivity check completed for URL without Proxy: https://eds.browserstack.com
2026-03-09T08:28:26.903Z CLI info [debug-utility]   -------------------------------------------------
2026-03-09T08:28:26.903Z CLI info [debug-utility]   Host: sdk.browserstack.com
2026-03-09T08:28:26.903Z CLI info [debug-utility]   Checking connectivity to: https://sdk.browserstack.com without Proxy
2026-03-09T08:28:27.021Z CLI info [debug-utility]   Connectivity check completed for URL without Proxy: https://sdk.browserstack.com
2026-03-09T08:28:27.022Z CLI info [debug-utility]   
Connectivity check results summary:
2026-03-09T08:28:27.022Z CLI info [debug-utility]   All connectivity checks passed
2026-03-09T08:28:27.022Z CLI info [debug-utility]   

========================browserstack.yml checks========================
2026-03-09T08:28:27.022Z CLI info [debug-utility]   Validating browserstack.yml configuration
2026-03-09T08:28:27.023Z CLI info [debug-utility]   browserstack.yml configuration validation completed
2026-03-09T08:28:27.023Z CLI info [debug-utility]   

========================Project configuration checks========================
2026-03-09T08:28:28.555Z CLI info [debug-utility]   Detecting Node.js version used in the project
2026-03-09T08:28:28.748Z CLI info [debug-utility]   Node.js version detection failed
2026-03-09T08:28:28.748Z CLI error [debug-utility]          Error occurred while detecting Node.js version: Command failed: C:\Program Files\nodejs\node.exe -v
'C:\Program' is not recognized as an internal or external command,
operable program or batch file.

2026-03-09T08:28:28.749Z CLI info [debug-utility]   Verifying installation of BrowserStack SDK
2026-03-09T08:28:28.749Z CLI info [debug-utility]   BrowserStack SDK is installed
2026-03-09T08:28:28.749Z CLI info [debug-utility]          Detected BrowserStack SDK version: 1.50.1
2026-03-09T08:28:28.749Z CLI info [debug-utility]   Detecting frameworks used in the project
2026-03-09T08:28:28.749Z CLI info [debug-utility]   Framework detection completed
2026-03-09T08:28:28.749Z CLI info [debug-utility]          Detected frameworks with versions: {"@playwright/test":"1.58.2","@cucumber/cucumber":"11.3.0"}
2026-03-09T08:28:28.749Z CLI info [debug-utility]   

========================Version compatibility checks========================
2026-03-09T08:28:28.749Z CLI info [debug-utility]   Skipping version compatibility check due to incompatible setup detection.
2026-03-09T08:28:28.750Z CLI debug [debug-utility]   Sending data to EDS: {"event_type":"sdk_events","data":{"testhub_uuid":"","created_day":"2026-03-09T08:28:28.749 UTC","event_name":"SDK_DEBUG_UTILITY_REPORT","user_data":"kjavedirfan_eZBoq7","host_info":"{\"hostname\":\"pe2vdfqaper-018\",\"platform\":\"win32\",\"type\":\"Windows_NT\",\"version\":\"Windows 10 Enterprise\",\"arch\":\"x64\"}","event_json":{"cliArgs":"C:\\Users\\KSuvarna\\.browserstack\\cli\\binary-win-x64.exe C:\\snapshot\\browserstack-binary\\cli\\dist\\index.js sdk","cliVersion":"1.24.2","results":{"system_check":{"metadata":{},"status":true,"messages":[]},"parse_yml":{"metadata":{},"status":true,"messages":[]},"connectivity_check":{"metadata":{"proxySettings":""},"status":true,"messages":[]},"validate_yml":{"metadata":{},"status":true,"messages":[]},"parse_project_config":{"metadata":{"configFilePath":"C:\\Users\\KSuvarna\\Desktop\\follet-test-steps\\package.json"},"status":false,"messages":["Error occurred while detecting Node.js version: Command failed: C:\\Program Files\\nodejs\\node.exe -v\n'C:\\Program' is not recognized as an internal or external command,\r\noperable program or batch file.\r\n"]},"version_compatibility":{"metadata":{},"status":false,"messages":["skipped"]}},"projectDirectory":"C:\\Users\\KSuvarna\\Desktop\\follet-test-steps","bstackconfigFilePath":"C:\\Users\\KSuvarna\\Desktop\\follet-test-steps\\browserstack.yml","projectConfigFilePath":null,"userProxyConfig":null,"sdkVersion":"1.50.1","language":"node","languageVersion":null,"frameworks":{"@playwright/test":"1.58.2","@cucumber/cucumber":"11.3.0"}}}}
2026-03-09T08:28:28.786Z CLI debug [debug-utility]   Data sent successfully to https://eds.browserstack.com with response 200
2026-03-09T08:44:55.438Z CLI info [debug-utility]   Starting debug utility in non-interactive mode with options: {"projectDirectory":"C:\\Users\\KSuvarna\\Desktop\\follet-test-steps","language":"node","username":"kjavedirfan_eZBoq7","key":"wMYFrmsNHB7QEs1RBFu8","bstackconfigFilePath":"C:\\Users\\KSuvarna\\Desktop\\follet-test-steps\\browserstack.yml"}
2026-03-09T08:44:55.438Z CLI info [debug-utility]   ======================system permissions checks======================
2026-03-09T08:44:55.441Z CLI info [debug-utility]   Checking write permissions for directory: C:\Users\KSuvarna\Desktop\follet-test-steps
2026-03-09T08:44:55.442Z CLI info [debug-utility]   Write permissions check completed for directory: C:\Users\KSuvarna\Desktop\follet-test-steps
2026-03-09T08:44:55.442Z CLI info [debug-utility]   Checking write permissions for directory: C:\Users\KSuvarna\.browserstack
2026-03-09T08:44:55.442Z CLI info [debug-utility]   Write permissions check completed for directory: C:\Users\KSuvarna\.browserstack
2026-03-09T08:44:55.442Z CLI info [debug-utility]   

========================Detecting browserstack.yml========================
2026-03-09T08:44:55.445Z CLI info [debug-utility]   

========================connectivity checks========================
2026-03-09T08:44:55.446Z CLI info [debug-utility]   No proxy settings detected.
2026-03-09T08:44:55.446Z CLI info [debug-utility]   -------------------------------------------------
2026-03-09T08:44:55.446Z CLI info [debug-utility]   Host: api.browserstack.com
2026-03-09T08:44:55.446Z CLI info [debug-utility]   Checking connectivity to: https://api.browserstack.com/robots.txt without Proxy
2026-03-09T08:44:55.578Z CLI info [debug-utility]   Connectivity check completed for URL without Proxy: https://api.browserstack.com/robots.txt
2026-03-09T08:44:55.578Z CLI info [debug-utility]   -------------------------------------------------
2026-03-09T08:44:55.579Z CLI info [debug-utility]   Host: api-cloud.browserstack.com
2026-03-09T08:44:55.579Z CLI info [debug-utility]   Checking connectivity to: https://api-cloud.browserstack.com without Proxy
2026-03-09T08:44:55.770Z CLI info [debug-utility]   Connectivity check completed for URL without Proxy: https://api-cloud.browserstack.com
2026-03-09T08:44:55.770Z CLI info [debug-utility]   -------------------------------------------------
2026-03-09T08:44:55.770Z CLI info [debug-utility]   Host: www.browserstack.com
2026-03-09T08:44:55.770Z CLI info [debug-utility]   Checking connectivity to: https://www.browserstack.com/robots.txt without Proxy
2026-03-09T08:44:55.900Z CLI info [debug-utility]   Connectivity check completed for URL without Proxy: https://www.browserstack.com/robots.txt
2026-03-09T08:44:55.900Z CLI info [debug-utility]   -------------------------------------------------
2026-03-09T08:44:55.900Z CLI info [debug-utility]   Host: automate.browserstack.com
2026-03-09T08:44:55.900Z CLI info [debug-utility]   Checking connectivity to: https://automate.browserstack.com/robots.txt without Proxy
2026-03-09T08:44:56.037Z CLI info [debug-utility]   Connectivity check completed for URL without Proxy: https://automate.browserstack.com/robots.txt
2026-03-09T08:44:56.037Z CLI info [debug-utility]   -------------------------------------------------
2026-03-09T08:44:56.037Z CLI info [debug-utility]   Host: app-automate.browserstack.com
2026-03-09T08:44:56.037Z CLI info [debug-utility]   Checking connectivity to: https://app-automate.browserstack.com/robots.txt without Proxy
2026-03-09T08:44:56.181Z CLI info [debug-utility]   Connectivity check completed for URL without Proxy: https://app-automate.browserstack.com/robots.txt
2026-03-09T08:44:56.182Z CLI info [debug-utility]   -------------------------------------------------
2026-03-09T08:44:56.182Z CLI info [debug-utility]   Host: hub.browserstack.com
2026-03-09T08:44:56.182Z CLI info [debug-utility]   Checking connectivity to: https://hub.browserstack.com/wd/hub without Proxy
2026-03-09T08:44:56.225Z CLI info [debug-utility]   Connectivity check completed for URL without Proxy: https://hub.browserstack.com/wd/hub
2026-03-09T08:44:56.225Z CLI info [debug-utility]   -------------------------------------------------
2026-03-09T08:44:56.225Z CLI info [debug-utility]   Host: hub.browserstack.com
2026-03-09T08:44:56.225Z CLI info [debug-utility]   Checking connectivity to: http://hub.browserstack.com/wd/hub without Proxy
2026-03-09T08:44:56.250Z CLI info [debug-utility]   Connectivity check completed for URL without Proxy: http://hub.browserstack.com/wd/hub
2026-03-09T08:44:56.250Z CLI info [debug-utility]   -------------------------------------------------
2026-03-09T08:44:56.251Z CLI info [debug-utility]   Host: cdp.browserstack.com
2026-03-09T08:44:56.251Z CLI info [debug-utility]   Checking connectivity to: https://cdp.browserstack.com without Proxy
2026-03-09T08:44:56.371Z CLI info [debug-utility]   Connectivity check completed for URL without Proxy: https://cdp.browserstack.com
2026-03-09T08:44:56.372Z CLI info [debug-utility]   -------------------------------------------------
2026-03-09T08:44:56.372Z CLI info [debug-utility]   Host: upload-observability.browserstack.com
2026-03-09T08:44:56.372Z CLI info [debug-utility]   Checking connectivity to: https://upload-observability.browserstack.com without Proxy
2026-03-09T08:44:56.477Z CLI info [debug-utility]   Connectivity check completed for URL without Proxy: https://upload-observability.browserstack.com
2026-03-09T08:44:56.477Z CLI info [debug-utility]   -------------------------------------------------
2026-03-09T08:44:56.477Z CLI info [debug-utility]   Host: collector-observability.browserstack.com
2026-03-09T08:44:56.477Z CLI info [debug-utility]   Checking connectivity to: https://collector-observability.browserstack.com without Proxy
2026-03-09T08:44:56.596Z CLI info [debug-utility]   Connectivity check completed for URL without Proxy: https://collector-observability.browserstack.com
2026-03-09T08:44:56.597Z CLI info [debug-utility]   -------------------------------------------------
2026-03-09T08:44:56.597Z CLI info [debug-utility]   Host: eds.browserstack.com
2026-03-09T08:44:56.597Z CLI info [debug-utility]   Checking connectivity to: https://eds.browserstack.com without Proxy
2026-03-09T08:44:56.710Z CLI info [debug-utility]   Connectivity check completed for URL without Proxy: https://eds.browserstack.com
2026-03-09T08:44:56.710Z CLI info [debug-utility]   -------------------------------------------------
2026-03-09T08:44:56.711Z CLI info [debug-utility]   Host: sdk.browserstack.com
2026-03-09T08:44:56.711Z CLI info [debug-utility]   Checking connectivity to: https://sdk.browserstack.com without Proxy
2026-03-09T08:44:56.820Z CLI info [debug-utility]   Connectivity check completed for URL without Proxy: https://sdk.browserstack.com
2026-03-09T08:44:56.820Z CLI info [debug-utility]   
Connectivity check results summary:
2026-03-09T08:44:56.820Z CLI info [debug-utility]   All connectivity checks passed
2026-03-09T08:44:56.820Z CLI info [debug-utility]   

========================browserstack.yml checks========================
2026-03-09T08:44:56.820Z CLI info [debug-utility]   Validating browserstack.yml configuration
2026-03-09T08:44:56.821Z CLI info [debug-utility]   browserstack.yml configuration validation completed
2026-03-09T08:44:56.821Z CLI info [debug-utility]   

========================Project configuration checks========================
2026-03-09T08:44:58.143Z CLI info [debug-utility]   Detecting Node.js version used in the project
2026-03-09T08:44:58.285Z CLI info [debug-utility]   Node.js version detection failed
2026-03-09T08:44:58.285Z CLI error [debug-utility]          Error occurred while detecting Node.js version: Command failed: C:\Program Files\nodejs\node.exe -v
'C:\Program' is not recognized as an internal or external command,
operable program or batch file.

2026-03-09T08:44:58.285Z CLI info [debug-utility]   Verifying installation of BrowserStack SDK
2026-03-09T08:44:58.285Z CLI info [debug-utility]   BrowserStack SDK is installed
2026-03-09T08:44:58.285Z CLI info [debug-utility]          Detected BrowserStack SDK version: 1.50.1
2026-03-09T08:44:58.286Z CLI info [debug-utility]   Detecting frameworks used in the project
2026-03-09T08:44:58.286Z CLI info [debug-utility]   Framework detection completed
2026-03-09T08:44:58.286Z CLI info [debug-utility]          Detected frameworks with versions: {"@playwright/test":"1.58.2","@cucumber/cucumber":"11.3.0"}
2026-03-09T08:44:58.286Z CLI info [debug-utility]   

========================Version compatibility checks========================
2026-03-09T08:44:58.286Z CLI info [debug-utility]   Skipping version compatibility check due to incompatible setup detection.
2026-03-09T08:44:58.286Z CLI debug [debug-utility]   Sending data to EDS: {"event_type":"sdk_events","data":{"testhub_uuid":"","created_day":"2026-03-09T08:44:58.286 UTC","event_name":"SDK_DEBUG_UTILITY_REPORT","user_data":"kjavedirfan_eZBoq7","host_info":"{\"hostname\":\"pe2vdfqaper-018\",\"platform\":\"win32\",\"type\":\"Windows_NT\",\"version\":\"Windows 10 Enterprise\",\"arch\":\"x64\"}","event_json":{"cliArgs":"C:\\Users\\KSuvarna\\.browserstack\\cli\\binary-win-x64.exe C:\\snapshot\\browserstack-binary\\cli\\dist\\index.js sdk","cliVersion":"1.24.2","results":{"system_check":{"metadata":{},"status":true,"messages":[]},"parse_yml":{"metadata":{},"status":true,"messages":[]},"connectivity_check":{"metadata":{"proxySettings":""},"status":true,"messages":[]},"validate_yml":{"metadata":{},"status":true,"messages":[]},"parse_project_config":{"metadata":{"configFilePath":"C:\\Users\\KSuvarna\\Desktop\\follet-test-steps\\package.json"},"status":false,"messages":["Error occurred while detecting Node.js version: Command failed: C:\\Program Files\\nodejs\\node.exe -v\n'C:\\Program' is not recognized as an internal or external command,\r\noperable program or batch file.\r\n"]},"version_compatibility":{"metadata":{},"status":false,"messages":["skipped"]}},"projectDirectory":"C:\\Users\\KSuvarna\\Desktop\\follet-test-steps","bstackconfigFilePath":"C:\\Users\\KSuvarna\\Desktop\\follet-test-steps\\browserstack.yml","projectConfigFilePath":null,"userProxyConfig":null,"sdkVersion":"1.50.1","language":"node","languageVersion":null,"frameworks":{"@playwright/test":"1.58.2","@cucumber/cucumber":"11.3.0"}}}}
2026-03-09T08:44:58.323Z CLI debug [debug-utility]   Data sent successfully to https://eds.browserstack.com with response 200
2026-03-09T08:48:29.577Z CLI info [debug-utility]   Starting debug utility in non-interactive mode with options: {"projectDirectory":"C:\\Users\\KSuvarna\\Desktop\\follet-test-steps","language":"node","username":"kjavedirfan_eZBoq7","key":"wMYFrmsNHB7QEs1RBFu8","bstackconfigFilePath":"C:\\Users\\KSuvarna\\Desktop\\follet-test-steps\\browserstack.yml"}
2026-03-09T08:48:29.577Z CLI info [debug-utility]   ======================system permissions checks======================
2026-03-09T08:48:29.578Z CLI info [debug-utility]   Checking write permissions for directory: C:\Users\KSuvarna\Desktop\follet-test-steps
2026-03-09T08:48:29.578Z CLI info [debug-utility]   Write permissions check completed for directory: C:\Users\KSuvarna\Desktop\follet-test-steps
2026-03-09T08:48:29.579Z CLI info [debug-utility]   Checking write permissions for directory: C:\Users\KSuvarna\.browserstack
2026-03-09T08:48:29.579Z CLI info [debug-utility]   Write permissions check completed for directory: C:\Users\KSuvarna\.browserstack
2026-03-09T08:48:29.579Z CLI info [debug-utility]   

========================Detecting browserstack.yml========================
2026-03-09T08:48:29.582Z CLI info [debug-utility]   

========================connectivity checks========================
2026-03-09T08:48:29.582Z CLI info [debug-utility]   No proxy settings detected.
2026-03-09T08:48:29.582Z CLI info [debug-utility]   -------------------------------------------------
2026-03-09T08:48:29.582Z CLI info [debug-utility]   Host: api.browserstack.com
2026-03-09T08:48:29.582Z CLI info [debug-utility]   Checking connectivity to: https://api.browserstack.com/robots.txt without Proxy
2026-03-09T08:48:29.671Z CLI info [debug-utility]   Connectivity check completed for URL without Proxy: https://api.browserstack.com/robots.txt
2026-03-09T08:48:29.671Z CLI info [debug-utility]   -------------------------------------------------
2026-03-09T08:48:29.672Z CLI info [debug-utility]   Host: api-cloud.browserstack.com
2026-03-09T08:48:29.672Z CLI info [debug-utility]   Checking connectivity to: https://api-cloud.browserstack.com without Proxy
2026-03-09T08:48:29.848Z CLI info [debug-utility]   Connectivity check completed for URL without Proxy: https://api-cloud.browserstack.com
2026-03-09T08:48:29.848Z CLI info [debug-utility]   -------------------------------------------------
2026-03-09T08:48:29.848Z CLI info [debug-utility]   Host: www.browserstack.com
2026-03-09T08:48:29.848Z CLI info [debug-utility]   Checking connectivity to: https://www.browserstack.com/robots.txt without Proxy
2026-03-09T08:48:29.906Z CLI info [debug-utility]   Connectivity check completed for URL without Proxy: https://www.browserstack.com/robots.txt
2026-03-09T08:48:29.906Z CLI info [debug-utility]   -------------------------------------------------
2026-03-09T08:48:29.906Z CLI info [debug-utility]   Host: automate.browserstack.com
2026-03-09T08:48:29.906Z CLI info [debug-utility]   Checking connectivity to: https://automate.browserstack.com/robots.txt without Proxy
2026-03-09T08:48:30.026Z CLI info [debug-utility]   Connectivity check completed for URL without Proxy: https://automate.browserstack.com/robots.txt
2026-03-09T08:48:30.026Z CLI info [debug-utility]   -------------------------------------------------
2026-03-09T08:48:30.026Z CLI info [debug-utility]   Host: app-automate.browserstack.com
2026-03-09T08:48:30.026Z CLI info [debug-utility]   Checking connectivity to: https://app-automate.browserstack.com/robots.txt without Proxy
2026-03-09T08:48:30.149Z CLI info [debug-utility]   Connectivity check completed for URL without Proxy: https://app-automate.browserstack.com/robots.txt
2026-03-09T08:48:30.150Z CLI info [debug-utility]   -------------------------------------------------
2026-03-09T08:48:30.150Z CLI info [debug-utility]   Host: hub.browserstack.com
2026-03-09T08:48:30.150Z CLI info [debug-utility]   Checking connectivity to: https://hub.browserstack.com/wd/hub without Proxy
2026-03-09T08:48:30.204Z CLI info [debug-utility]   Connectivity check completed for URL without Proxy: https://hub.browserstack.com/wd/hub
2026-03-09T08:48:30.204Z CLI info [debug-utility]   -------------------------------------------------
2026-03-09T08:48:30.204Z CLI info [debug-utility]   Host: hub.browserstack.com
2026-03-09T08:48:30.204Z CLI info [debug-utility]   Checking connectivity to: http://hub.browserstack.com/wd/hub without Proxy
2026-03-09T08:48:30.228Z CLI info [debug-utility]   Connectivity check completed for URL without Proxy: http://hub.browserstack.com/wd/hub
2026-03-09T08:48:30.228Z CLI info [debug-utility]   -------------------------------------------------
2026-03-09T08:48:30.228Z CLI info [debug-utility]   Host: cdp.browserstack.com
2026-03-09T08:48:30.228Z CLI info [debug-utility]   Checking connectivity to: https://cdp.browserstack.com without Proxy
2026-03-09T08:48:30.309Z CLI info [debug-utility]   Connectivity check completed for URL without Proxy: https://cdp.browserstack.com
2026-03-09T08:48:30.309Z CLI info [debug-utility]   -------------------------------------------------
2026-03-09T08:48:30.309Z CLI info [debug-utility]   Host: upload-observability.browserstack.com
2026-03-09T08:48:30.309Z CLI info [debug-utility]   Checking connectivity to: https://upload-observability.browserstack.com without Proxy
2026-03-09T08:48:30.433Z CLI info [debug-utility]   Connectivity check completed for URL without Proxy: https://upload-observability.browserstack.com
2026-03-09T08:48:30.433Z CLI info [debug-utility]   -------------------------------------------------
2026-03-09T08:48:30.433Z CLI info [debug-utility]   Host: collector-observability.browserstack.com
2026-03-09T08:48:30.433Z CLI info [debug-utility]   Checking connectivity to: https://collector-observability.browserstack.com without Proxy
2026-03-09T08:48:30.660Z CLI info [debug-utility]   Connectivity check completed for URL without Proxy: https://collector-observability.browserstack.com
2026-03-09T08:48:30.660Z CLI info [debug-utility]   -------------------------------------------------
2026-03-09T08:48:30.660Z CLI info [debug-utility]   Host: eds.browserstack.com
2026-03-09T08:48:30.660Z CLI info [debug-utility]   Checking connectivity to: https://eds.browserstack.com without Proxy
2026-03-09T08:48:30.696Z CLI info [debug-utility]   Connectivity check completed for URL without Proxy: https://eds.browserstack.com
2026-03-09T08:48:30.696Z CLI info [debug-utility]   -------------------------------------------------
2026-03-09T08:48:30.696Z CLI info [debug-utility]   Host: sdk.browserstack.com
2026-03-09T08:48:30.696Z CLI info [debug-utility]   Checking connectivity to: https://sdk.browserstack.com without Proxy
2026-03-09T08:48:30.836Z CLI info [debug-utility]   Connectivity check completed for URL without Proxy: https://sdk.browserstack.com
2026-03-09T08:48:30.836Z CLI info [debug-utility]   
Connectivity check results summary:
2026-03-09T08:48:30.836Z CLI info [debug-utility]   All connectivity checks passed
2026-03-09T08:48:30.836Z CLI info [debug-utility]   

========================browserstack.yml checks========================
2026-03-09T08:48:30.836Z CLI info [debug-utility]   Validating browserstack.yml configuration
2026-03-09T08:48:30.837Z CLI info [debug-utility]   browserstack.yml configuration validation completed
2026-03-09T08:48:30.837Z CLI info [debug-utility]   

========================Project configuration checks========================
2026-03-09T08:48:32.153Z CLI info [debug-utility]   Detecting Node.js version used in the project
2026-03-09T08:48:32.347Z CLI info [debug-utility]   Node.js version detection failed
2026-03-09T08:48:32.347Z CLI error [debug-utility]          Error occurred while detecting Node.js version: Command failed: C:\Program Files\nodejs\node.exe -v
'C:\Program' is not recognized as an internal or external command,
operable program or batch file.

2026-03-09T08:48:32.347Z CLI info [debug-utility]   Verifying installation of BrowserStack SDK
2026-03-09T08:48:32.347Z CLI info [debug-utility]   BrowserStack SDK is installed
2026-03-09T08:48:32.347Z CLI info [debug-utility]          Detected BrowserStack SDK version: 1.50.1
2026-03-09T08:48:32.347Z CLI info [debug-utility]   Detecting frameworks used in the project
2026-03-09T08:48:32.347Z CLI info [debug-utility]   Framework detection completed
2026-03-09T08:48:32.348Z CLI info [debug-utility]          Detected frameworks with versions: {"@playwright/test":"1.58.2","@cucumber/cucumber":"11.3.0"}
2026-03-09T08:48:32.348Z CLI info [debug-utility]   

========================Version compatibility checks========================
2026-03-09T08:48:32.348Z CLI info [debug-utility]   Skipping version compatibility check due to incompatible setup detection.
2026-03-09T08:48:32.348Z CLI debug [debug-utility]   Sending data to EDS: {"event_type":"sdk_events","data":{"testhub_uuid":"","created_day":"2026-03-09T08:48:32.348 UTC","event_name":"SDK_DEBUG_UTILITY_REPORT","user_data":"kjavedirfan_eZBoq7","host_info":"{\"hostname\":\"pe2vdfqaper-018\",\"platform\":\"win32\",\"type\":\"Windows_NT\",\"version\":\"Windows 10 Enterprise\",\"arch\":\"x64\"}","event_json":{"cliArgs":"C:\\Users\\KSuvarna\\.browserstack\\cli\\binary-win-x64.exe C:\\snapshot\\browserstack-binary\\cli\\dist\\index.js sdk","cliVersion":"1.24.2","results":{"system_check":{"metadata":{},"status":true,"messages":[]},"parse_yml":{"metadata":{},"status":true,"messages":[]},"connectivity_check":{"metadata":{"proxySettings":""},"status":true,"messages":[]},"validate_yml":{"metadata":{},"status":true,"messages":[]},"parse_project_config":{"metadata":{"configFilePath":"C:\\Users\\KSuvarna\\Desktop\\follet-test-steps\\package.json"},"status":false,"messages":["Error occurred while detecting Node.js version: Command failed: C:\\Program Files\\nodejs\\node.exe -v\n'C:\\Program' is not recognized as an internal or external command,\r\noperable program or batch file.\r\n"]},"version_compatibility":{"metadata":{},"status":false,"messages":["skipped"]}},"projectDirectory":"C:\\Users\\KSuvarna\\Desktop\\follet-test-steps","bstackconfigFilePath":"C:\\Users\\KSuvarna\\Desktop\\follet-test-steps\\browserstack.yml","projectConfigFilePath":null,"userProxyConfig":null,"sdkVersion":"1.50.1","language":"node","languageVersion":null,"frameworks":{"@playwright/test":"1.58.2","@cucumber/cucumber":"11.3.0"}}}}
2026-03-09T08:48:32.384Z CLI debug [debug-utility]   Data sent successfully to https://eds.browserstack.com with response 200
2026-03-09T08:57:18.275Z CLI info [debug-utility]   Starting debug utility in non-interactive mode with options: {"projectDirectory":"C:\\Users\\KSuvarna\\Desktop\\follet-test-steps","language":"node","username":"kjavedirfan_eZBoq7","key":"wMYFrmsNHB7QEs1RBFu8","bstackconfigFilePath":"C:\\Users\\KSuvarna\\Desktop\\follet-test-steps\\browserstack.yml"}
2026-03-09T08:57:18.276Z CLI info [debug-utility]   ======================system permissions checks======================
2026-03-09T08:57:18.277Z CLI info [debug-utility]   Checking write permissions for directory: C:\Users\KSuvarna\Desktop\follet-test-steps
2026-03-09T08:57:18.277Z CLI info [debug-utility]   Write permissions check completed for directory: C:\Users\KSuvarna\Desktop\follet-test-steps
2026-03-09T08:57:18.277Z CLI info [debug-utility]   Checking write permissions for directory: C:\Users\KSuvarna\.browserstack
2026-03-09T08:57:18.277Z CLI info [debug-utility]   Write permissions check completed for directory: C:\Users\KSuvarna\.browserstack
2026-03-09T08:57:18.278Z CLI info [debug-utility]   

========================Detecting browserstack.yml========================
2026-03-09T08:57:18.280Z CLI info [debug-utility]   

========================connectivity checks========================
2026-03-09T08:57:18.281Z CLI info [debug-utility]   No proxy settings detected.
2026-03-09T08:57:18.281Z CLI info [debug-utility]   -------------------------------------------------
2026-03-09T08:57:18.281Z CLI info [debug-utility]   Host: api.browserstack.com
2026-03-09T08:57:18.281Z CLI info [debug-utility]   Checking connectivity to: https://api.browserstack.com/robots.txt without Proxy
2026-03-09T08:57:18.380Z CLI info [debug-utility]   Connectivity check completed for URL without Proxy: https://api.browserstack.com/robots.txt
2026-03-09T08:57:18.380Z CLI info [debug-utility]   -------------------------------------------------
2026-03-09T08:57:18.381Z CLI info [debug-utility]   Host: api-cloud.browserstack.com
2026-03-09T08:57:18.381Z CLI info [debug-utility]   Checking connectivity to: https://api-cloud.browserstack.com without Proxy
2026-03-09T08:57:18.562Z CLI info [debug-utility]   Connectivity check completed for URL without Proxy: https://api-cloud.browserstack.com
2026-03-09T08:57:18.563Z CLI info [debug-utility]   -------------------------------------------------
2026-03-09T08:57:18.563Z CLI info [debug-utility]   Host: www.browserstack.com
2026-03-09T08:57:18.563Z CLI info [debug-utility]   Checking connectivity to: https://www.browserstack.com/robots.txt without Proxy
2026-03-09T08:57:18.705Z CLI info [debug-utility]   Connectivity check completed for URL without Proxy: https://www.browserstack.com/robots.txt
2026-03-09T08:57:18.705Z CLI info [debug-utility]   -------------------------------------------------
2026-03-09T08:57:18.706Z CLI info [debug-utility]   Host: automate.browserstack.com
2026-03-09T08:57:18.706Z CLI info [debug-utility]   Checking connectivity to: https://automate.browserstack.com/robots.txt without Proxy
2026-03-09T08:57:18.843Z CLI info [debug-utility]   Connectivity check completed for URL without Proxy: https://automate.browserstack.com/robots.txt
2026-03-09T08:57:18.843Z CLI info [debug-utility]   -------------------------------------------------
2026-03-09T08:57:18.843Z CLI info [debug-utility]   Host: app-automate.browserstack.com
2026-03-09T08:57:18.843Z CLI info [debug-utility]   Checking connectivity to: https://app-automate.browserstack.com/robots.txt without Proxy
2026-03-09T08:57:18.983Z CLI info [debug-utility]   Connectivity check completed for URL without Proxy: https://app-automate.browserstack.com/robots.txt
2026-03-09T08:57:18.983Z CLI info [debug-utility]   -------------------------------------------------
2026-03-09T08:57:18.983Z CLI info [debug-utility]   Host: hub.browserstack.com
2026-03-09T08:57:18.983Z CLI info [debug-utility]   Checking connectivity to: https://hub.browserstack.com/wd/hub without Proxy
2026-03-09T08:57:19.036Z CLI info [debug-utility]   Connectivity check completed for URL without Proxy: https://hub.browserstack.com/wd/hub
2026-03-09T08:57:19.037Z CLI info [debug-utility]   -------------------------------------------------
2026-03-09T08:57:19.037Z CLI info [debug-utility]   Host: hub.browserstack.com
2026-03-09T08:57:19.037Z CLI info [debug-utility]   Checking connectivity to: http://hub.browserstack.com/wd/hub without Proxy
2026-03-09T08:57:19.068Z CLI info [debug-utility]   Connectivity check completed for URL without Proxy: http://hub.browserstack.com/wd/hub
2026-03-09T08:57:19.068Z CLI info [debug-utility]   -------------------------------------------------
2026-03-09T08:57:19.068Z CLI info [debug-utility]   Host: cdp.browserstack.com
2026-03-09T08:57:19.068Z CLI info [debug-utility]   Checking connectivity to: https://cdp.browserstack.com without Proxy
2026-03-09T08:57:19.223Z CLI info [debug-utility]   Connectivity check completed for URL without Proxy: https://cdp.browserstack.com
2026-03-09T08:57:19.223Z CLI info [debug-utility]   -------------------------------------------------
2026-03-09T08:57:19.223Z CLI info [debug-utility]   Host: upload-observability.browserstack.com
2026-03-09T08:57:19.223Z CLI info [debug-utility]   Checking connectivity to: https://upload-observability.browserstack.com without Proxy
2026-03-09T08:57:19.324Z CLI info [debug-utility]   Connectivity check completed for URL without Proxy: https://upload-observability.browserstack.com
2026-03-09T08:57:19.324Z CLI info [debug-utility]   -------------------------------------------------
2026-03-09T08:57:19.324Z CLI info [debug-utility]   Host: collector-observability.browserstack.com
2026-03-09T08:57:19.324Z CLI info [debug-utility]   Checking connectivity to: https://collector-observability.browserstack.com without Proxy
2026-03-09T08:57:19.425Z CLI info [debug-utility]   Connectivity check completed for URL without Proxy: https://collector-observability.browserstack.com
2026-03-09T08:57:19.425Z CLI info [debug-utility]   -------------------------------------------------
2026-03-09T08:57:19.425Z CLI info [debug-utility]   Host: eds.browserstack.com
2026-03-09T08:57:19.425Z CLI info [debug-utility]   Checking connectivity to: https://eds.browserstack.com without Proxy
2026-03-09T08:57:19.532Z CLI info [debug-utility]   Connectivity check completed for URL without Proxy: https://eds.browserstack.com
2026-03-09T08:57:19.533Z CLI info [debug-utility]   -------------------------------------------------
2026-03-09T08:57:19.533Z CLI info [debug-utility]   Host: sdk.browserstack.com
2026-03-09T08:57:19.533Z CLI info [debug-utility]   Checking connectivity to: https://sdk.browserstack.com without Proxy
2026-03-09T08:57:19.656Z CLI info [debug-utility]   Connectivity check completed for URL without Proxy: https://sdk.browserstack.com
2026-03-09T08:57:19.656Z CLI info [debug-utility]   
Connectivity check results summary:
2026-03-09T08:57:19.656Z CLI info [debug-utility]   All connectivity checks passed
2026-03-09T08:57:19.656Z CLI info [debug-utility]   

========================browserstack.yml checks========================
2026-03-09T08:57:19.656Z CLI info [debug-utility]   Validating browserstack.yml configuration
2026-03-09T08:57:19.657Z CLI info [debug-utility]   browserstack.yml configuration validation completed
2026-03-09T08:57:19.657Z CLI info [debug-utility]   

========================Project configuration checks========================
2026-03-09T08:57:20.855Z CLI info [debug-utility]   Detecting Node.js version used in the project
2026-03-09T08:57:21.002Z CLI info [debug-utility]   Node.js version detection failed
2026-03-09T08:57:21.002Z CLI error [debug-utility]          Error occurred while detecting Node.js version: Command failed: C:\Program Files\nodejs\node.exe -v
'C:\Program' is not recognized as an internal or external command,
operable program or batch file.

2026-03-09T08:57:21.003Z CLI info [debug-utility]   Verifying installation of BrowserStack SDK
2026-03-09T08:57:21.003Z CLI info [debug-utility]   BrowserStack SDK is installed
2026-03-09T08:57:21.003Z CLI info [debug-utility]          Detected BrowserStack SDK version: 1.50.1
2026-03-09T08:57:21.003Z CLI info [debug-utility]   Detecting frameworks used in the project
2026-03-09T08:57:21.003Z CLI info [debug-utility]   Framework detection completed
2026-03-09T08:57:21.003Z CLI info [debug-utility]          Detected frameworks with versions: {"@playwright/test":"1.58.2","@cucumber/cucumber":"11.3.0"}
2026-03-09T08:57:21.003Z CLI info [debug-utility]   

========================Version compatibility checks========================
2026-03-09T08:57:21.003Z CLI info [debug-utility]   Skipping version compatibility check due to incompatible setup detection.
2026-03-09T08:57:21.004Z CLI debug [debug-utility]   Sending data to EDS: {"event_type":"sdk_events","data":{"testhub_uuid":"","created_day":"2026-03-09T08:57:21.003 UTC","event_name":"SDK_DEBUG_UTILITY_REPORT","user_data":"kjavedirfan_eZBoq7","host_info":"{\"hostname\":\"pe2vdfqaper-018\",\"platform\":\"win32\",\"type\":\"Windows_NT\",\"version\":\"Windows 10 Enterprise\",\"arch\":\"x64\"}","event_json":{"cliArgs":"C:\\Users\\KSuvarna\\.browserstack\\cli\\binary-win-x64.exe C:\\snapshot\\browserstack-binary\\cli\\dist\\index.js sdk","cliVersion":"1.24.2","results":{"system_check":{"metadata":{},"status":true,"messages":[]},"parse_yml":{"metadata":{},"status":true,"messages":[]},"connectivity_check":{"metadata":{"proxySettings":""},"status":true,"messages":[]},"validate_yml":{"metadata":{},"status":true,"messages":[]},"parse_project_config":{"metadata":{"configFilePath":"C:\\Users\\KSuvarna\\Desktop\\follet-test-steps\\package.json"},"status":false,"messages":["Error occurred while detecting Node.js version: Command failed: C:\\Program Files\\nodejs\\node.exe -v\n'C:\\Program' is not recognized as an internal or external command,\r\noperable program or batch file.\r\n"]},"version_compatibility":{"metadata":{},"status":false,"messages":["skipped"]}},"projectDirectory":"C:\\Users\\KSuvarna\\Desktop\\follet-test-steps","bstackconfigFilePath":"C:\\Users\\KSuvarna\\Desktop\\follet-test-steps\\browserstack.yml","projectConfigFilePath":null,"userProxyConfig":null,"sdkVersion":"1.50.1","language":"node","languageVersion":null,"frameworks":{"@playwright/test":"1.58.2","@cucumber/cucumber":"11.3.0"}}}}
2026-03-09T08:57:21.038Z CLI debug [debug-utility]   Data sent successfully to https://eds.browserstack.com with response 200
2026-03-09T08:58:40.081Z CLI info [debug-utility]   Starting debug utility in non-interactive mode with options: {"projectDirectory":"C:\\Users\\KSuvarna\\Desktop\\follet-test-steps","language":"node","username":"kjavedirfan_eZBoq7","key":"wMYFrmsNHB7QEs1RBFu8","bstackconfigFilePath":"C:\\Users\\KSuvarna\\Desktop\\follet-test-steps\\browserstack.yml"}
2026-03-09T08:58:40.082Z CLI info [debug-utility]   ======================system permissions checks======================
2026-03-09T08:58:40.084Z CLI info [debug-utility]   Checking write permissions for directory: C:\Users\KSuvarna\Desktop\follet-test-steps
2026-03-09T08:58:40.085Z CLI info [debug-utility]   Write permissions check completed for directory: C:\Users\KSuvarna\Desktop\follet-test-steps
2026-03-09T08:58:40.085Z CLI info [debug-utility]   Checking write permissions for directory: C:\Users\KSuvarna\.browserstack
2026-03-09T08:58:40.085Z CLI info [debug-utility]   Write permissions check completed for directory: C:\Users\KSuvarna\.browserstack
2026-03-09T08:58:40.085Z CLI info [debug-utility]   

========================Detecting browserstack.yml========================
2026-03-09T08:58:40.090Z CLI info [debug-utility]   

========================connectivity checks========================
2026-03-09T08:58:40.090Z CLI info [debug-utility]   No proxy settings detected.
2026-03-09T08:58:40.090Z CLI info [debug-utility]   -------------------------------------------------
2026-03-09T08:58:40.090Z CLI info [debug-utility]   Host: api.browserstack.com
2026-03-09T08:58:40.090Z CLI info [debug-utility]   Checking connectivity to: https://api.browserstack.com/robots.txt without Proxy
2026-03-09T08:58:40.186Z CLI info [debug-utility]   Connectivity check completed for URL without Proxy: https://api.browserstack.com/robots.txt
2026-03-09T08:58:40.186Z CLI info [debug-utility]   -------------------------------------------------
2026-03-09T08:58:40.187Z CLI info [debug-utility]   Host: api-cloud.browserstack.com
2026-03-09T08:58:40.187Z CLI info [debug-utility]   Checking connectivity to: https://api-cloud.browserstack.com without Proxy
2026-03-09T08:58:40.369Z CLI info [debug-utility]   Connectivity check completed for URL without Proxy: https://api-cloud.browserstack.com
2026-03-09T08:58:40.369Z CLI info [debug-utility]   -------------------------------------------------
2026-03-09T08:58:40.369Z CLI info [debug-utility]   Host: www.browserstack.com
2026-03-09T08:58:40.369Z CLI info [debug-utility]   Checking connectivity to: https://www.browserstack.com/robots.txt without Proxy
2026-03-09T08:58:40.423Z CLI info [debug-utility]   Connectivity check completed for URL without Proxy: https://www.browserstack.com/robots.txt
2026-03-09T08:58:40.423Z CLI info [debug-utility]   -------------------------------------------------
2026-03-09T08:58:40.423Z CLI info [debug-utility]   Host: automate.browserstack.com
2026-03-09T08:58:40.423Z CLI info [debug-utility]   Checking connectivity to: https://automate.browserstack.com/robots.txt without Proxy
2026-03-09T08:58:40.590Z CLI info [debug-utility]   Connectivity check completed for URL without Proxy: https://automate.browserstack.com/robots.txt
2026-03-09T08:58:40.590Z CLI info [debug-utility]   -------------------------------------------------
2026-03-09T08:58:40.590Z CLI info [debug-utility]   Host: app-automate.browserstack.com
2026-03-09T08:58:40.590Z CLI info [debug-utility]   Checking connectivity to: https://app-automate.browserstack.com/robots.txt without Proxy
2026-03-09T08:58:40.718Z CLI info [debug-utility]   Connectivity check completed for URL without Proxy: https://app-automate.browserstack.com/robots.txt
2026-03-09T08:58:40.719Z CLI info [debug-utility]   -------------------------------------------------
2026-03-09T08:58:40.719Z CLI info [debug-utility]   Host: hub.browserstack.com
2026-03-09T08:58:40.719Z CLI info [debug-utility]   Checking connectivity to: https://hub.browserstack.com/wd/hub without Proxy
2026-03-09T08:58:40.763Z CLI info [debug-utility]   Connectivity check completed for URL without Proxy: https://hub.browserstack.com/wd/hub
2026-03-09T08:58:40.763Z CLI info [debug-utility]   -------------------------------------------------
2026-03-09T08:58:40.763Z CLI info [debug-utility]   Host: hub.browserstack.com
2026-03-09T08:58:40.763Z CLI info [debug-utility]   Checking connectivity to: http://hub.browserstack.com/wd/hub without Proxy
2026-03-09T08:58:40.797Z CLI info [debug-utility]   Connectivity check completed for URL without Proxy: http://hub.browserstack.com/wd/hub
2026-03-09T08:58:40.797Z CLI info [debug-utility]   -------------------------------------------------
2026-03-09T08:58:40.797Z CLI info [debug-utility]   Host: cdp.browserstack.com
2026-03-09T08:58:40.797Z CLI info [debug-utility]   Checking connectivity to: https://cdp.browserstack.com without Proxy
2026-03-09T08:58:40.874Z CLI info [debug-utility]   Connectivity check completed for URL without Proxy: https://cdp.browserstack.com
2026-03-09T08:58:40.875Z CLI info [debug-utility]   -------------------------------------------------
2026-03-09T08:58:40.875Z CLI info [debug-utility]   Host: upload-observability.browserstack.com
2026-03-09T08:58:40.875Z CLI info [debug-utility]   Checking connectivity to: https://upload-observability.browserstack.com without Proxy
2026-03-09T08:58:40.974Z CLI info [debug-utility]   Connectivity check completed for URL without Proxy: https://upload-observability.browserstack.com
2026-03-09T08:58:40.974Z CLI info [debug-utility]   -------------------------------------------------
2026-03-09T08:58:40.974Z CLI info [debug-utility]   Host: collector-observability.browserstack.com
2026-03-09T08:58:40.974Z CLI info [debug-utility]   Checking connectivity to: https://collector-observability.browserstack.com without Proxy
2026-03-09T08:58:41.157Z CLI info [debug-utility]   Connectivity check completed for URL without Proxy: https://collector-observability.browserstack.com
2026-03-09T08:58:41.157Z CLI info [debug-utility]   -------------------------------------------------
2026-03-09T08:58:41.157Z CLI info [debug-utility]   Host: eds.browserstack.com
2026-03-09T08:58:41.157Z CLI info [debug-utility]   Checking connectivity to: https://eds.browserstack.com without Proxy
2026-03-09T08:58:41.195Z CLI info [debug-utility]   Connectivity check completed for URL without Proxy: https://eds.browserstack.com
2026-03-09T08:58:41.195Z CLI info [debug-utility]   -------------------------------------------------
2026-03-09T08:58:41.195Z CLI info [debug-utility]   Host: sdk.browserstack.com
2026-03-09T08:58:41.196Z CLI info [debug-utility]   Checking connectivity to: https://sdk.browserstack.com without Proxy
2026-03-09T08:58:41.305Z CLI info [debug-utility]   Connectivity check completed for URL without Proxy: https://sdk.browserstack.com
2026-03-09T08:58:41.306Z CLI info [debug-utility]   
Connectivity check results summary:
2026-03-09T08:58:41.306Z CLI info [debug-utility]   All connectivity checks passed
2026-03-09T08:58:41.306Z CLI info [debug-utility]   

========================browserstack.yml checks========================
2026-03-09T08:58:41.306Z CLI info [debug-utility]   Validating browserstack.yml configuration
2026-03-09T08:58:41.306Z CLI info [debug-utility]   browserstack.yml configuration validation completed
2026-03-09T08:58:41.307Z CLI info [debug-utility]   

========================Project configuration checks========================
2026-03-09T08:58:42.503Z CLI info [debug-utility]   Detecting Node.js version used in the project
2026-03-09T08:58:42.628Z CLI info [debug-utility]   Node.js version detection failed
2026-03-09T08:58:42.628Z CLI error [debug-utility]          Error occurred while detecting Node.js version: Command failed: C:\Program Files\nodejs\node.exe -v
'C:\Program' is not recognized as an internal or external command,
operable program or batch file.

2026-03-09T08:58:42.628Z CLI info [debug-utility]   Verifying installation of BrowserStack SDK
2026-03-09T08:58:42.628Z CLI info [debug-utility]   BrowserStack SDK is installed
2026-03-09T08:58:42.628Z CLI info [debug-utility]          Detected BrowserStack SDK version: 1.50.1
2026-03-09T08:58:42.628Z CLI info [debug-utility]   Detecting frameworks used in the project
2026-03-09T08:58:42.629Z CLI info [debug-utility]   Framework detection completed
2026-03-09T08:58:42.629Z CLI info [debug-utility]          Detected frameworks with versions: {"@playwright/test":"1.58.2","@cucumber/cucumber":"11.3.0"}
2026-03-09T08:58:42.629Z CLI info [debug-utility]   

========================Version compatibility checks========================
2026-03-09T08:58:42.629Z CLI info [debug-utility]   Skipping version compatibility check due to incompatible setup detection.
2026-03-09T08:58:42.629Z CLI debug [debug-utility]   Sending data to EDS: {"event_type":"sdk_events","data":{"testhub_uuid":"","created_day":"2026-03-09T08:58:42.629 UTC","event_name":"SDK_DEBUG_UTILITY_REPORT","user_data":"kjavedirfan_eZBoq7","host_info":"{\"hostname\":\"pe2vdfqaper-018\",\"platform\":\"win32\",\"type\":\"Windows_NT\",\"version\":\"Windows 10 Enterprise\",\"arch\":\"x64\"}","event_json":{"cliArgs":"C:\\Users\\KSuvarna\\.browserstack\\cli\\binary-win-x64.exe C:\\snapshot\\browserstack-binary\\cli\\dist\\index.js sdk","cliVersion":"1.24.2","results":{"system_check":{"metadata":{},"status":true,"messages":[]},"parse_yml":{"metadata":{},"status":true,"messages":[]},"connectivity_check":{"metadata":{"proxySettings":""},"status":true,"messages":[]},"validate_yml":{"metadata":{},"status":true,"messages":[]},"parse_project_config":{"metadata":{"configFilePath":"C:\\Users\\KSuvarna\\Desktop\\follet-test-steps\\package.json"},"status":false,"messages":["Error occurred while detecting Node.js version: Command failed: C:\\Program Files\\nodejs\\node.exe -v\n'C:\\Program' is not recognized as an internal or external command,\r\noperable program or batch file.\r\n"]},"version_compatibility":{"metadata":{},"status":false,"messages":["skipped"]}},"projectDirectory":"C:\\Users\\KSuvarna\\Desktop\\follet-test-steps","bstackconfigFilePath":"C:\\Users\\KSuvarna\\Desktop\\follet-test-steps\\browserstack.yml","projectConfigFilePath":null,"userProxyConfig":null,"sdkVersion":"1.50.1","language":"node","languageVersion":null,"frameworks":{"@playwright/test":"1.58.2","@cucumber/cucumber":"11.3.0"}}}}
2026-03-09T08:58:42.662Z CLI debug [debug-utility]   Data sent successfully to https://eds.browserstack.com with response 200
2026-03-09T09:02:55.242Z CLI info [debug-utility]   Starting debug utility in non-interactive mode with options: {"projectDirectory":"C:\\Users\\KSuvarna\\Desktop\\follet-test-steps","language":"node","username":"kjavedirfan_eZBoq7","key":"wMYFrmsNHB7QEs1RBFu8","bstackconfigFilePath":"C:\\Users\\KSuvarna\\Desktop\\follet-test-steps\\browserstack.yml"}
2026-03-09T09:02:55.242Z CLI info [debug-utility]   ======================system permissions checks======================
2026-03-09T09:02:55.244Z CLI info [debug-utility]   Checking write permissions for directory: C:\Users\KSuvarna\Desktop\follet-test-steps
2026-03-09T09:02:55.244Z CLI info [debug-utility]   Write permissions check completed for directory: C:\Users\KSuvarna\Desktop\follet-test-steps
2026-03-09T09:02:55.245Z CLI info [debug-utility]   Checking write permissions for directory: C:\Users\KSuvarna\.browserstack
2026-03-09T09:02:55.245Z CLI info [debug-utility]   Write permissions check completed for directory: C:\Users\KSuvarna\.browserstack
2026-03-09T09:02:55.245Z CLI info [debug-utility]   

========================Detecting browserstack.yml========================
2026-03-09T09:02:55.248Z CLI info [debug-utility]   

========================connectivity checks========================
2026-03-09T09:02:55.248Z CLI info [debug-utility]   No proxy settings detected.
2026-03-09T09:02:55.248Z CLI info [debug-utility]   -------------------------------------------------
2026-03-09T09:02:55.248Z CLI info [debug-utility]   Host: api.browserstack.com
2026-03-09T09:02:55.248Z CLI info [debug-utility]   Checking connectivity to: https://api.browserstack.com/robots.txt without Proxy
2026-03-09T09:02:55.353Z CLI info [debug-utility]   Connectivity check completed for URL without Proxy: https://api.browserstack.com/robots.txt
2026-03-09T09:02:55.353Z CLI info [debug-utility]   -------------------------------------------------
2026-03-09T09:02:55.354Z CLI info [debug-utility]   Host: api-cloud.browserstack.com
2026-03-09T09:02:55.354Z CLI info [debug-utility]   Checking connectivity to: https://api-cloud.browserstack.com without Proxy
2026-03-09T09:02:55.541Z CLI info [debug-utility]   Connectivity check completed for URL without Proxy: https://api-cloud.browserstack.com
2026-03-09T09:02:55.541Z CLI info [debug-utility]   -------------------------------------------------
2026-03-09T09:02:55.541Z CLI info [debug-utility]   Host: www.browserstack.com
2026-03-09T09:02:55.541Z CLI info [debug-utility]   Checking connectivity to: https://www.browserstack.com/robots.txt without Proxy
2026-03-09T09:02:55.666Z CLI info [debug-utility]   Connectivity check completed for URL without Proxy: https://www.browserstack.com/robots.txt
2026-03-09T09:02:55.667Z CLI info [debug-utility]   -------------------------------------------------
2026-03-09T09:02:55.667Z CLI info [debug-utility]   Host: automate.browserstack.com
2026-03-09T09:02:55.667Z CLI info [debug-utility]   Checking connectivity to: https://automate.browserstack.com/robots.txt without Proxy
2026-03-09T09:02:55.804Z CLI info [debug-utility]   Connectivity check completed for URL without Proxy: https://automate.browserstack.com/robots.txt
2026-03-09T09:02:55.804Z CLI info [debug-utility]   -------------------------------------------------
2026-03-09T09:02:55.804Z CLI info [debug-utility]   Host: app-automate.browserstack.com
2026-03-09T09:02:55.805Z CLI info [debug-utility]   Checking connectivity to: https://app-automate.browserstack.com/robots.txt without Proxy
2026-03-09T09:02:55.942Z CLI info [debug-utility]   Connectivity check completed for URL without Proxy: https://app-automate.browserstack.com/robots.txt
2026-03-09T09:02:55.943Z CLI info [debug-utility]   -------------------------------------------------
2026-03-09T09:02:55.943Z CLI info [debug-utility]   Host: hub.browserstack.com
2026-03-09T09:02:55.943Z CLI info [debug-utility]   Checking connectivity to: https://hub.browserstack.com/wd/hub without Proxy
2026-03-09T09:02:55.986Z CLI info [debug-utility]   Connectivity check completed for URL without Proxy: https://hub.browserstack.com/wd/hub
2026-03-09T09:02:55.987Z CLI info [debug-utility]   -------------------------------------------------
2026-03-09T09:02:55.987Z CLI info [debug-utility]   Host: hub.browserstack.com
2026-03-09T09:02:55.987Z CLI info [debug-utility]   Checking connectivity to: http://hub.browserstack.com/wd/hub without Proxy
2026-03-09T09:02:56.008Z CLI info [debug-utility]   Connectivity check completed for URL without Proxy: http://hub.browserstack.com/wd/hub
2026-03-09T09:02:56.008Z CLI info [debug-utility]   -------------------------------------------------
2026-03-09T09:02:56.009Z CLI info [debug-utility]   Host: cdp.browserstack.com
2026-03-09T09:02:56.009Z CLI info [debug-utility]   Checking connectivity to: https://cdp.browserstack.com without Proxy
2026-03-09T09:02:56.139Z CLI info [debug-utility]   Connectivity check completed for URL without Proxy: https://cdp.browserstack.com
2026-03-09T09:02:56.139Z CLI info [debug-utility]   -------------------------------------------------
2026-03-09T09:02:56.139Z CLI info [debug-utility]   Host: upload-observability.browserstack.com
2026-03-09T09:02:56.139Z CLI info [debug-utility]   Checking connectivity to: https://upload-observability.browserstack.com without Proxy
2026-03-09T09:02:56.245Z CLI info [debug-utility]   Connectivity check completed for URL without Proxy: https://upload-observability.browserstack.com
2026-03-09T09:02:56.245Z CLI info [debug-utility]   -------------------------------------------------
2026-03-09T09:02:56.245Z CLI info [debug-utility]   Host: collector-observability.browserstack.com
2026-03-09T09:02:56.245Z CLI info [debug-utility]   Checking connectivity to: https://collector-observability.browserstack.com without Proxy
2026-03-09T09:02:56.378Z CLI info [debug-utility]   Connectivity check completed for URL without Proxy: https://collector-observability.browserstack.com
2026-03-09T09:02:56.378Z CLI info [debug-utility]   -------------------------------------------------
2026-03-09T09:02:56.378Z CLI info [debug-utility]   Host: eds.browserstack.com
2026-03-09T09:02:56.378Z CLI info [debug-utility]   Checking connectivity to: https://eds.browserstack.com without Proxy
2026-03-09T09:02:56.489Z CLI info [debug-utility]   Connectivity check completed for URL without Proxy: https://eds.browserstack.com
2026-03-09T09:02:56.490Z CLI info [debug-utility]   -------------------------------------------------
2026-03-09T09:02:56.490Z CLI info [debug-utility]   Host: sdk.browserstack.com
2026-03-09T09:02:56.490Z CLI info [debug-utility]   Checking connectivity to: https://sdk.browserstack.com without Proxy
2026-03-09T09:02:56.608Z CLI info [debug-utility]   Connectivity check completed for URL without Proxy: https://sdk.browserstack.com
2026-03-09T09:02:56.608Z CLI info [debug-utility]   
Connectivity check results summary:
2026-03-09T09:02:56.608Z CLI info [debug-utility]   All connectivity checks passed
2026-03-09T09:02:56.608Z CLI info [debug-utility]   

========================browserstack.yml checks========================
2026-03-09T09:02:56.608Z CLI info [debug-utility]   Validating browserstack.yml configuration
2026-03-09T09:02:56.609Z CLI info [debug-utility]   browserstack.yml configuration validation completed
2026-03-09T09:02:56.609Z CLI info [debug-utility]   

========================Project configuration checks========================
2026-03-09T09:02:57.833Z CLI info [debug-utility]   Detecting Node.js version used in the project
2026-03-09T09:02:57.981Z CLI info [debug-utility]   Node.js version detection failed
2026-03-09T09:02:57.982Z CLI error [debug-utility]          Error occurred while detecting Node.js version: Command failed: C:\Program Files\nodejs\node.exe -v
'C:\Program' is not recognized as an internal or external command,
operable program or batch file.

2026-03-09T09:02:57.982Z CLI info [debug-utility]   Verifying installation of BrowserStack SDK
2026-03-09T09:02:57.982Z CLI info [debug-utility]   BrowserStack SDK is installed
2026-03-09T09:02:57.982Z CLI info [debug-utility]          Detected BrowserStack SDK version: 1.50.1
2026-03-09T09:02:57.982Z CLI info [debug-utility]   Detecting frameworks used in the project
2026-03-09T09:02:57.982Z CLI info [debug-utility]   Framework detection completed
2026-03-09T09:02:57.982Z CLI info [debug-utility]          Detected frameworks with versions: {"@playwright/test":"1.58.2","@cucumber/cucumber":"11.3.0"}
2026-03-09T09:02:57.982Z CLI info [debug-utility]   

========================Version compatibility checks========================
2026-03-09T09:02:57.982Z CLI info [debug-utility]   Skipping version compatibility check due to incompatible setup detection.
2026-03-09T09:02:57.983Z CLI debug [debug-utility]   Sending data to EDS: {"event_type":"sdk_events","data":{"testhub_uuid":"","created_day":"2026-03-09T09:02:57.982 UTC","event_name":"SDK_DEBUG_UTILITY_REPORT","user_data":"kjavedirfan_eZBoq7","host_info":"{\"hostname\":\"pe2vdfqaper-018\",\"platform\":\"win32\",\"type\":\"Windows_NT\",\"version\":\"Windows 10 Enterprise\",\"arch\":\"x64\"}","event_json":{"cliArgs":"C:\\Users\\KSuvarna\\.browserstack\\cli\\binary-win-x64.exe C:\\snapshot\\browserstack-binary\\cli\\dist\\index.js sdk","cliVersion":"1.24.2","results":{"system_check":{"metadata":{},"status":true,"messages":[]},"parse_yml":{"metadata":{},"status":true,"messages":[]},"connectivity_check":{"metadata":{"proxySettings":""},"status":true,"messages":[]},"validate_yml":{"metadata":{},"status":true,"messages":[]},"parse_project_config":{"metadata":{"configFilePath":"C:\\Users\\KSuvarna\\Desktop\\follet-test-steps\\package.json"},"status":false,"messages":["Error occurred while detecting Node.js version: Command failed: C:\\Program Files\\nodejs\\node.exe -v\n'C:\\Program' is not recognized as an internal or external command,\r\noperable program or batch file.\r\n"]},"version_compatibility":{"metadata":{},"status":false,"messages":["skipped"]}},"projectDirectory":"C:\\Users\\KSuvarna\\Desktop\\follet-test-steps","bstackconfigFilePath":"C:\\Users\\KSuvarna\\Desktop\\follet-test-steps\\browserstack.yml","projectConfigFilePath":null,"userProxyConfig":null,"sdkVersion":"1.50.1","language":"node","languageVersion":null,"frameworks":{"@playwright/test":"1.58.2","@cucumber/cucumber":"11.3.0"}}}}
2026-03-09T09:02:58.014Z CLI debug [debug-utility]   Data sent successfully to https://eds.browserstack.com with response 200
2026-03-09T09:06:37.189Z CLI info [debug-utility]   Starting debug utility in non-interactive mode with options: {"projectDirectory":"C:\\Users\\KSuvarna\\Desktop\\follet-test-steps","language":"node","username":"kjavedirfan_eZBoq7","key":"wMYFrmsNHB7QEs1RBFu8","bstackconfigFilePath":"C:\\Users\\KSuvarna\\Desktop\\follet-test-steps\\browserstack.yml"}
2026-03-09T09:06:37.189Z CLI info [debug-utility]   ======================system permissions checks======================
2026-03-09T09:06:37.192Z CLI info [debug-utility]   Checking write permissions for directory: C:\Users\KSuvarna\Desktop\follet-test-steps
2026-03-09T09:06:37.192Z CLI info [debug-utility]   Write permissions check completed for directory: C:\Users\KSuvarna\Desktop\follet-test-steps
2026-03-09T09:06:37.193Z CLI info [debug-utility]   Checking write permissions for directory: C:\Users\KSuvarna\.browserstack
2026-03-09T09:06:37.193Z CLI info [debug-utility]   Write permissions check completed for directory: C:\Users\KSuvarna\.browserstack
2026-03-09T09:06:37.193Z CLI info [debug-utility]   

========================Detecting browserstack.yml========================
2026-03-09T09:06:37.196Z CLI info [debug-utility]   

========================connectivity checks========================
2026-03-09T09:06:37.196Z CLI info [debug-utility]   No proxy settings detected.
2026-03-09T09:06:37.196Z CLI info [debug-utility]   -------------------------------------------------
2026-03-09T09:06:37.196Z CLI info [debug-utility]   Host: api.browserstack.com
2026-03-09T09:06:37.196Z CLI info [debug-utility]   Checking connectivity to: https://api.browserstack.com/robots.txt without Proxy
2026-03-09T09:06:37.283Z CLI info [debug-utility]   Connectivity check completed for URL without Proxy: https://api.browserstack.com/robots.txt
2026-03-09T09:06:37.283Z CLI info [debug-utility]   -------------------------------------------------
2026-03-09T09:06:37.283Z CLI info [debug-utility]   Host: api-cloud.browserstack.com
2026-03-09T09:06:37.283Z CLI info [debug-utility]   Checking connectivity to: https://api-cloud.browserstack.com without Proxy
2026-03-09T09:06:37.476Z CLI info [debug-utility]   Connectivity check completed for URL without Proxy: https://api-cloud.browserstack.com
2026-03-09T09:06:37.476Z CLI info [debug-utility]   -------------------------------------------------
2026-03-09T09:06:37.476Z CLI info [debug-utility]   Host: www.browserstack.com
2026-03-09T09:06:37.476Z CLI info [debug-utility]   Checking connectivity to: https://www.browserstack.com/robots.txt without Proxy
2026-03-09T09:06:37.526Z CLI info [debug-utility]   Connectivity check completed for URL without Proxy: https://www.browserstack.com/robots.txt
2026-03-09T09:06:37.527Z CLI info [debug-utility]   -------------------------------------------------
2026-03-09T09:06:37.527Z CLI info [debug-utility]   Host: automate.browserstack.com
2026-03-09T09:06:37.527Z CLI info [debug-utility]   Checking connectivity to: https://automate.browserstack.com/robots.txt without Proxy
2026-03-09T09:06:37.649Z CLI info [debug-utility]   Connectivity check completed for URL without Proxy: https://automate.browserstack.com/robots.txt
2026-03-09T09:06:37.649Z CLI info [debug-utility]   -------------------------------------------------
2026-03-09T09:06:37.649Z CLI info [debug-utility]   Host: app-automate.browserstack.com
2026-03-09T09:06:37.649Z CLI info [debug-utility]   Checking connectivity to: https://app-automate.browserstack.com/robots.txt without Proxy
2026-03-09T09:06:37.782Z CLI info [debug-utility]   Connectivity check completed for URL without Proxy: https://app-automate.browserstack.com/robots.txt
2026-03-09T09:06:37.782Z CLI info [debug-utility]   -------------------------------------------------
2026-03-09T09:06:37.782Z CLI info [debug-utility]   Host: hub.browserstack.com
2026-03-09T09:06:37.782Z CLI info [debug-utility]   Checking connectivity to: https://hub.browserstack.com/wd/hub without Proxy
2026-03-09T09:06:37.819Z CLI info [debug-utility]   Connectivity check completed for URL without Proxy: https://hub.browserstack.com/wd/hub
2026-03-09T09:06:37.819Z CLI info [debug-utility]   -------------------------------------------------
2026-03-09T09:06:37.819Z CLI info [debug-utility]   Host: hub.browserstack.com
2026-03-09T09:06:37.819Z CLI info [debug-utility]   Checking connectivity to: http://hub.browserstack.com/wd/hub without Proxy
2026-03-09T09:06:37.863Z CLI info [debug-utility]   Connectivity check completed for URL without Proxy: http://hub.browserstack.com/wd/hub
2026-03-09T09:06:37.864Z CLI info [debug-utility]   -------------------------------------------------
2026-03-09T09:06:37.864Z CLI info [debug-utility]   Host: cdp.browserstack.com
2026-03-09T09:06:37.864Z CLI info [debug-utility]   Checking connectivity to: https://cdp.browserstack.com without Proxy
2026-03-09T09:06:37.991Z CLI info [debug-utility]   Connectivity check completed for URL without Proxy: https://cdp.browserstack.com
2026-03-09T09:06:37.991Z CLI info [debug-utility]   -------------------------------------------------
2026-03-09T09:06:37.991Z CLI info [debug-utility]   Host: upload-observability.browserstack.com
2026-03-09T09:06:37.991Z CLI info [debug-utility]   Checking connectivity to: https://upload-observability.browserstack.com without Proxy
2026-03-09T09:06:38.173Z CLI info [debug-utility]   Connectivity check completed for URL without Proxy: https://upload-observability.browserstack.com
2026-03-09T09:06:38.173Z CLI info [debug-utility]   -------------------------------------------------
2026-03-09T09:06:38.174Z CLI info [debug-utility]   Host: collector-observability.browserstack.com
2026-03-09T09:06:38.174Z CLI info [debug-utility]   Checking connectivity to: https://collector-observability.browserstack.com without Proxy
2026-03-09T09:06:38.251Z CLI info [debug-utility]   Connectivity check completed for URL without Proxy: https://collector-observability.browserstack.com
2026-03-09T09:06:38.251Z CLI info [debug-utility]   -------------------------------------------------
2026-03-09T09:06:38.251Z CLI info [debug-utility]   Host: eds.browserstack.com
2026-03-09T09:06:38.251Z CLI info [debug-utility]   Checking connectivity to: https://eds.browserstack.com without Proxy
2026-03-09T09:06:38.287Z CLI info [debug-utility]   Connectivity check completed for URL without Proxy: https://eds.browserstack.com
2026-03-09T09:06:38.287Z CLI info [debug-utility]   -------------------------------------------------
2026-03-09T09:06:38.288Z CLI info [debug-utility]   Host: sdk.browserstack.com
2026-03-09T09:06:38.288Z CLI info [debug-utility]   Checking connectivity to: https://sdk.browserstack.com without Proxy
2026-03-09T09:06:38.417Z CLI info [debug-utility]   Connectivity check completed for URL without Proxy: https://sdk.browserstack.com
2026-03-09T09:06:38.417Z CLI info [debug-utility]   
Connectivity check results summary:
2026-03-09T09:06:38.417Z CLI info [debug-utility]   All connectivity checks passed
2026-03-09T09:06:38.417Z CLI info [debug-utility]   

========================browserstack.yml checks========================
2026-03-09T09:06:38.417Z CLI info [debug-utility]   Validating browserstack.yml configuration
2026-03-09T09:06:38.417Z CLI info [debug-utility]   browserstack.yml configuration validation completed
2026-03-09T09:06:38.417Z CLI info [debug-utility]   

========================Project configuration checks========================
2026-03-09T09:06:39.640Z CLI info [debug-utility]   Detecting Node.js version used in the project
2026-03-09T09:06:39.773Z CLI info [debug-utility]   Node.js version detection failed
2026-03-09T09:06:39.773Z CLI error [debug-utility]          Error occurred while detecting Node.js version: Command failed: C:\Program Files\nodejs\node.exe -v
'C:\Program' is not recognized as an internal or external command,
operable program or batch file.

2026-03-09T09:06:39.773Z CLI info [debug-utility]   Verifying installation of BrowserStack SDK
2026-03-09T09:06:39.773Z CLI info [debug-utility]   BrowserStack SDK is installed
2026-03-09T09:06:39.773Z CLI info [debug-utility]          Detected BrowserStack SDK version: 1.50.1
2026-03-09T09:06:39.773Z CLI info [debug-utility]   Detecting frameworks used in the project
2026-03-09T09:06:39.773Z CLI info [debug-utility]   Framework detection completed
2026-03-09T09:06:39.773Z CLI info [debug-utility]          Detected frameworks with versions: {"@playwright/test":"1.58.2","@cucumber/cucumber":"11.3.0"}
2026-03-09T09:06:39.773Z CLI info [debug-utility]   

========================Version compatibility checks========================
2026-03-09T09:06:39.774Z CLI info [debug-utility]   Skipping version compatibility check due to incompatible setup detection.
2026-03-09T09:06:39.774Z CLI debug [debug-utility]   Sending data to EDS: {"event_type":"sdk_events","data":{"testhub_uuid":"","created_day":"2026-03-09T09:06:39.774 UTC","event_name":"SDK_DEBUG_UTILITY_REPORT","user_data":"kjavedirfan_eZBoq7","host_info":"{\"hostname\":\"pe2vdfqaper-018\",\"platform\":\"win32\",\"type\":\"Windows_NT\",\"version\":\"Windows 10 Enterprise\",\"arch\":\"x64\"}","event_json":{"cliArgs":"C:\\Users\\KSuvarna\\.browserstack\\cli\\binary-win-x64.exe C:\\snapshot\\browserstack-binary\\cli\\dist\\index.js sdk","cliVersion":"1.24.2","results":{"system_check":{"metadata":{},"status":true,"messages":[]},"parse_yml":{"metadata":{},"status":true,"messages":[]},"connectivity_check":{"metadata":{"proxySettings":""},"status":true,"messages":[]},"validate_yml":{"metadata":{},"status":true,"messages":[]},"parse_project_config":{"metadata":{"configFilePath":"C:\\Users\\KSuvarna\\Desktop\\follet-test-steps\\package.json"},"status":false,"messages":["Error occurred while detecting Node.js version: Command failed: C:\\Program Files\\nodejs\\node.exe -v\n'C:\\Program' is not recognized as an internal or external command,\r\noperable program or batch file.\r\n"]},"version_compatibility":{"metadata":{},"status":false,"messages":["skipped"]}},"projectDirectory":"C:\\Users\\KSuvarna\\Desktop\\follet-test-steps","bstackconfigFilePath":"C:\\Users\\KSuvarna\\Desktop\\follet-test-steps\\browserstack.yml","projectConfigFilePath":null,"userProxyConfig":null,"sdkVersion":"1.50.1","language":"node","languageVersion":null,"frameworks":{"@playwright/test":"1.58.2","@cucumber/cucumber":"11.3.0"}}}}
2026-03-09T09:06:39.806Z CLI debug [debug-utility]   Data sent successfully to https://eds.browserstack.com with response 200
2026-03-09T09:09:14.086Z CLI info [debug-utility]   Starting debug utility in non-interactive mode with options: {"projectDirectory":"C:\\Users\\KSuvarna\\Desktop\\follet-test-steps","language":"node","username":"kjavedirfan_eZBoq7","key":"wMYFrmsNHB7QEs1RBFu8","bstackconfigFilePath":"C:\\Users\\KSuvarna\\Desktop\\follet-test-steps\\browserstack.yml"}
2026-03-09T09:09:14.086Z CLI info [debug-utility]   ======================system permissions checks======================
2026-03-09T09:09:14.089Z CLI info [debug-utility]   Checking write permissions for directory: C:\Users\KSuvarna\Desktop\follet-test-steps
2026-03-09T09:09:14.089Z CLI info [debug-utility]   Write permissions check completed for directory: C:\Users\KSuvarna\Desktop\follet-test-steps
2026-03-09T09:09:14.090Z CLI info [debug-utility]   Checking write permissions for directory: C:\Users\KSuvarna\.browserstack
2026-03-09T09:09:14.090Z CLI info [debug-utility]   Write permissions check completed for directory: C:\Users\KSuvarna\.browserstack
2026-03-09T09:09:14.090Z CLI info [debug-utility]   

========================Detecting browserstack.yml========================
2026-03-09T09:09:14.093Z CLI info [debug-utility]   

========================connectivity checks========================
2026-03-09T09:09:14.094Z CLI info [debug-utility]   No proxy settings detected.
2026-03-09T09:09:14.094Z CLI info [debug-utility]   -------------------------------------------------
2026-03-09T09:09:14.094Z CLI info [debug-utility]   Host: api.browserstack.com
2026-03-09T09:09:14.094Z CLI info [debug-utility]   Checking connectivity to: https://api.browserstack.com/robots.txt without Proxy
2026-03-09T09:09:14.207Z CLI info [debug-utility]   Connectivity check completed for URL without Proxy: https://api.browserstack.com/robots.txt
2026-03-09T09:09:14.208Z CLI info [debug-utility]   -------------------------------------------------
2026-03-09T09:09:14.208Z CLI info [debug-utility]   Host: api-cloud.browserstack.com
2026-03-09T09:09:14.208Z CLI info [debug-utility]   Checking connectivity to: https://api-cloud.browserstack.com without Proxy
2026-03-09T09:09:14.409Z CLI info [debug-utility]   Connectivity check completed for URL without Proxy: https://api-cloud.browserstack.com
2026-03-09T09:09:14.409Z CLI info [debug-utility]   -------------------------------------------------
2026-03-09T09:09:14.409Z CLI info [debug-utility]   Host: www.browserstack.com
2026-03-09T09:09:14.409Z CLI info [debug-utility]   Checking connectivity to: https://www.browserstack.com/robots.txt without Proxy
2026-03-09T09:09:14.551Z CLI info [debug-utility]   Connectivity check completed for URL without Proxy: https://www.browserstack.com/robots.txt
2026-03-09T09:09:14.551Z CLI info [debug-utility]   -------------------------------------------------
2026-03-09T09:09:14.551Z CLI info [debug-utility]   Host: automate.browserstack.com
2026-03-09T09:09:14.552Z CLI info [debug-utility]   Checking connectivity to: https://automate.browserstack.com/robots.txt without Proxy
2026-03-09T09:09:14.694Z CLI info [debug-utility]   Connectivity check completed for URL without Proxy: https://automate.browserstack.com/robots.txt
2026-03-09T09:09:14.694Z CLI info [debug-utility]   -------------------------------------------------
2026-03-09T09:09:14.694Z CLI info [debug-utility]   Host: app-automate.browserstack.com
2026-03-09T09:09:14.694Z CLI info [debug-utility]   Checking connectivity to: https://app-automate.browserstack.com/robots.txt without Proxy
2026-03-09T09:09:14.839Z CLI info [debug-utility]   Connectivity check completed for URL without Proxy: https://app-automate.browserstack.com/robots.txt
2026-03-09T09:09:14.839Z CLI info [debug-utility]   -------------------------------------------------
2026-03-09T09:09:14.839Z CLI info [debug-utility]   Host: hub.browserstack.com
2026-03-09T09:09:14.839Z CLI info [debug-utility]   Checking connectivity to: https://hub.browserstack.com/wd/hub without Proxy
2026-03-09T09:09:14.871Z CLI info [debug-utility]   Connectivity check completed for URL without Proxy: https://hub.browserstack.com/wd/hub
2026-03-09T09:09:14.871Z CLI info [debug-utility]   -------------------------------------------------
2026-03-09T09:09:14.871Z CLI info [debug-utility]   Host: hub.browserstack.com
2026-03-09T09:09:14.871Z CLI info [debug-utility]   Checking connectivity to: http://hub.browserstack.com/wd/hub without Proxy
2026-03-09T09:09:14.892Z CLI info [debug-utility]   Connectivity check completed for URL without Proxy: http://hub.browserstack.com/wd/hub
2026-03-09T09:09:14.892Z CLI info [debug-utility]   -------------------------------------------------
2026-03-09T09:09:14.892Z CLI info [debug-utility]   Host: cdp.browserstack.com
2026-03-09T09:09:14.892Z CLI info [debug-utility]   Checking connectivity to: https://cdp.browserstack.com without Proxy
2026-03-09T09:09:15.011Z CLI info [debug-utility]   Connectivity check completed for URL without Proxy: https://cdp.browserstack.com
2026-03-09T09:09:15.011Z CLI info [debug-utility]   -------------------------------------------------
2026-03-09T09:09:15.012Z CLI info [debug-utility]   Host: upload-observability.browserstack.com
2026-03-09T09:09:15.012Z CLI info [debug-utility]   Checking connectivity to: https://upload-observability.browserstack.com without Proxy
2026-03-09T09:09:15.121Z CLI info [debug-utility]   Connectivity check completed for URL without Proxy: https://upload-observability.browserstack.com
2026-03-09T09:09:15.121Z CLI info [debug-utility]   -------------------------------------------------
2026-03-09T09:09:15.121Z CLI info [debug-utility]   Host: collector-observability.browserstack.com
2026-03-09T09:09:15.121Z CLI info [debug-utility]   Checking connectivity to: https://collector-observability.browserstack.com without Proxy
2026-03-09T09:09:15.222Z CLI info [debug-utility]   Connectivity check completed for URL without Proxy: https://collector-observability.browserstack.com
2026-03-09T09:09:15.222Z CLI info [debug-utility]   -------------------------------------------------
2026-03-09T09:09:15.222Z CLI info [debug-utility]   Host: eds.browserstack.com
2026-03-09T09:09:15.222Z CLI info [debug-utility]   Checking connectivity to: https://eds.browserstack.com without Proxy
2026-03-09T09:09:15.258Z CLI info [debug-utility]   Connectivity check completed for URL without Proxy: https://eds.browserstack.com
2026-03-09T09:09:15.258Z CLI info [debug-utility]   -------------------------------------------------
2026-03-09T09:09:15.259Z CLI info [debug-utility]   Host: sdk.browserstack.com
2026-03-09T09:09:15.259Z CLI info [debug-utility]   Checking connectivity to: https://sdk.browserstack.com without Proxy
2026-03-09T09:09:15.381Z CLI info [debug-utility]   Connectivity check completed for URL without Proxy: https://sdk.browserstack.com
2026-03-09T09:09:15.381Z CLI info [debug-utility]   
Connectivity check results summary:
2026-03-09T09:09:15.381Z CLI info [debug-utility]   All connectivity checks passed
2026-03-09T09:09:15.381Z CLI info [debug-utility]   

========================browserstack.yml checks========================
2026-03-09T09:09:15.381Z CLI info [debug-utility]   Validating browserstack.yml configuration
2026-03-09T09:09:15.382Z CLI info [debug-utility]   browserstack.yml configuration validation completed
2026-03-09T09:09:15.382Z CLI info [debug-utility]   

========================Project configuration checks========================
2026-03-09T09:09:16.566Z CLI info [debug-utility]   Detecting Node.js version used in the project
2026-03-09T09:09:16.695Z CLI info [debug-utility]   Node.js version detection failed
2026-03-09T09:09:16.695Z CLI error [debug-utility]          Error occurred while detecting Node.js version: Command failed: C:\Program Files\nodejs\node.exe -v
'C:\Program' is not recognized as an internal or external command,
operable program or batch file.

2026-03-09T09:09:16.695Z CLI info [debug-utility]   Verifying installation of BrowserStack SDK
2026-03-09T09:09:16.695Z CLI info [debug-utility]   BrowserStack SDK is installed
2026-03-09T09:09:16.696Z CLI info [debug-utility]          Detected BrowserStack SDK version: 1.50.1
2026-03-09T09:09:16.696Z CLI info [debug-utility]   Detecting frameworks used in the project
2026-03-09T09:09:16.696Z CLI info [debug-utility]   Framework detection completed
2026-03-09T09:09:16.696Z CLI info [debug-utility]          Detected frameworks with versions: {"@playwright/test":"1.58.2","@cucumber/cucumber":"11.3.0"}
2026-03-09T09:09:16.696Z CLI info [debug-utility]   

========================Version compatibility checks========================
2026-03-09T09:09:16.696Z CLI info [debug-utility]   Skipping version compatibility check due to incompatible setup detection.
2026-03-09T09:09:16.696Z CLI debug [debug-utility]   Sending data to EDS: {"event_type":"sdk_events","data":{"testhub_uuid":"","created_day":"2026-03-09T09:09:16.696 UTC","event_name":"SDK_DEBUG_UTILITY_REPORT","user_data":"kjavedirfan_eZBoq7","host_info":"{\"hostname\":\"pe2vdfqaper-018\",\"platform\":\"win32\",\"type\":\"Windows_NT\",\"version\":\"Windows 10 Enterprise\",\"arch\":\"x64\"}","event_json":{"cliArgs":"C:\\Users\\KSuvarna\\.browserstack\\cli\\binary-win-x64.exe C:\\snapshot\\browserstack-binary\\cli\\dist\\index.js sdk","cliVersion":"1.24.2","results":{"system_check":{"metadata":{},"status":true,"messages":[]},"parse_yml":{"metadata":{},"status":true,"messages":[]},"connectivity_check":{"metadata":{"proxySettings":""},"status":true,"messages":[]},"validate_yml":{"metadata":{},"status":true,"messages":[]},"parse_project_config":{"metadata":{"configFilePath":"C:\\Users\\KSuvarna\\Desktop\\follet-test-steps\\package.json"},"status":false,"messages":["Error occurred while detecting Node.js version: Command failed: C:\\Program Files\\nodejs\\node.exe -v\n'C:\\Program' is not recognized as an internal or external command,\r\noperable program or batch file.\r\n"]},"version_compatibility":{"metadata":{},"status":false,"messages":["skipped"]}},"projectDirectory":"C:\\Users\\KSuvarna\\Desktop\\follet-test-steps","bstackconfigFilePath":"C:\\Users\\KSuvarna\\Desktop\\follet-test-steps\\browserstack.yml","projectConfigFilePath":null,"userProxyConfig":null,"sdkVersion":"1.50.1","language":"node","languageVersion":null,"frameworks":{"@playwright/test":"1.58.2","@cucumber/cucumber":"11.3.0"}}}}
2026-03-09T09:09:16.734Z CLI debug [debug-utility]   Data sent successfully to https://eds.browserstack.com with response 200
2026-03-09T09:12:05.056Z CLI info [debug-utility]   Starting debug utility in non-interactive mode with options: {"projectDirectory":"C:\\Users\\KSuvarna\\Desktop\\follet-test-steps","language":"node","username":"kjavedirfan_eZBoq7","key":"wMYFrmsNHB7QEs1RBFu8","bstackconfigFilePath":"C:\\Users\\KSuvarna\\Desktop\\follet-test-steps\\browserstack.yml"}
2026-03-09T09:12:05.058Z CLI info [debug-utility]   ======================system permissions checks======================
2026-03-09T09:12:05.061Z CLI info [debug-utility]   Checking write permissions for directory: C:\Users\KSuvarna\Desktop\follet-test-steps
2026-03-09T09:12:05.061Z CLI info [debug-utility]   Write permissions check completed for directory: C:\Users\KSuvarna\Desktop\follet-test-steps
2026-03-09T09:12:05.062Z CLI info [debug-utility]   Checking write permissions for directory: C:\Users\KSuvarna\.browserstack
2026-03-09T09:12:05.062Z CLI info [debug-utility]   Write permissions check completed for directory: C:\Users\KSuvarna\.browserstack
2026-03-09T09:12:05.062Z CLI info [debug-utility]   

========================Detecting browserstack.yml========================
2026-03-09T09:12:05.066Z CLI info [debug-utility]   

========================connectivity checks========================
2026-03-09T09:12:05.067Z CLI info [debug-utility]   No proxy settings detected.
2026-03-09T09:12:05.067Z CLI info [debug-utility]   -------------------------------------------------
2026-03-09T09:12:05.067Z CLI info [debug-utility]   Host: api.browserstack.com
2026-03-09T09:12:05.067Z CLI info [debug-utility]   Checking connectivity to: https://api.browserstack.com/robots.txt without Proxy
2026-03-09T09:12:05.161Z CLI info [debug-utility]   Connectivity check completed for URL without Proxy: https://api.browserstack.com/robots.txt
2026-03-09T09:12:05.162Z CLI info [debug-utility]   -------------------------------------------------
2026-03-09T09:12:05.162Z CLI info [debug-utility]   Host: api-cloud.browserstack.com
2026-03-09T09:12:05.162Z CLI info [debug-utility]   Checking connectivity to: https://api-cloud.browserstack.com without Proxy
2026-03-09T09:12:05.354Z CLI info [debug-utility]   Connectivity check completed for URL without Proxy: https://api-cloud.browserstack.com
2026-03-09T09:12:05.354Z CLI info [debug-utility]   -------------------------------------------------
2026-03-09T09:12:05.354Z CLI info [debug-utility]   Host: www.browserstack.com
2026-03-09T09:12:05.354Z CLI info [debug-utility]   Checking connectivity to: https://www.browserstack.com/robots.txt without Proxy
2026-03-09T09:12:05.414Z CLI info [debug-utility]   Connectivity check completed for URL without Proxy: https://www.browserstack.com/robots.txt
2026-03-09T09:12:05.414Z CLI info [debug-utility]   -------------------------------------------------
2026-03-09T09:12:05.414Z CLI info [debug-utility]   Host: automate.browserstack.com
2026-03-09T09:12:05.414Z CLI info [debug-utility]   Checking connectivity to: https://automate.browserstack.com/robots.txt without Proxy
2026-03-09T09:12:05.542Z CLI info [debug-utility]   Connectivity check completed for URL without Proxy: https://automate.browserstack.com/robots.txt
2026-03-09T09:12:05.542Z CLI info [debug-utility]   -------------------------------------------------
2026-03-09T09:12:05.543Z CLI info [debug-utility]   Host: app-automate.browserstack.com
2026-03-09T09:12:05.543Z CLI info [debug-utility]   Checking connectivity to: https://app-automate.browserstack.com/robots.txt without Proxy
2026-03-09T09:12:05.671Z CLI info [debug-utility]   Connectivity check completed for URL without Proxy: https://app-automate.browserstack.com/robots.txt
2026-03-09T09:12:05.671Z CLI info [debug-utility]   -------------------------------------------------
2026-03-09T09:12:05.671Z CLI info [debug-utility]   Host: hub.browserstack.com
2026-03-09T09:12:05.671Z CLI info [debug-utility]   Checking connectivity to: https://hub.browserstack.com/wd/hub without Proxy
2026-03-09T09:12:05.723Z CLI info [debug-utility]   Connectivity check completed for URL without Proxy: https://hub.browserstack.com/wd/hub
2026-03-09T09:12:05.723Z CLI info [debug-utility]   -------------------------------------------------
2026-03-09T09:12:05.723Z CLI info [debug-utility]   Host: hub.browserstack.com
2026-03-09T09:12:05.723Z CLI info [debug-utility]   Checking connectivity to: http://hub.browserstack.com/wd/hub without Proxy
2026-03-09T09:12:05.774Z CLI info [debug-utility]   Connectivity check completed for URL without Proxy: http://hub.browserstack.com/wd/hub
2026-03-09T09:12:05.774Z CLI info [debug-utility]   -------------------------------------------------
2026-03-09T09:12:05.774Z CLI info [debug-utility]   Host: cdp.browserstack.com
2026-03-09T09:12:05.774Z CLI info [debug-utility]   Checking connectivity to: https://cdp.browserstack.com without Proxy
2026-03-09T09:12:05.868Z CLI info [debug-utility]   Connectivity check completed for URL without Proxy: https://cdp.browserstack.com
2026-03-09T09:12:05.868Z CLI info [debug-utility]   -------------------------------------------------
2026-03-09T09:12:05.868Z CLI info [debug-utility]   Host: upload-observability.browserstack.com
2026-03-09T09:12:05.868Z CLI info [debug-utility]   Checking connectivity to: https://upload-observability.browserstack.com without Proxy
2026-03-09T09:12:05.974Z CLI info [debug-utility]   Connectivity check completed for URL without Proxy: https://upload-observability.browserstack.com
2026-03-09T09:12:05.974Z CLI info [debug-utility]   -------------------------------------------------
2026-03-09T09:12:05.975Z CLI info [debug-utility]   Host: collector-observability.browserstack.com
2026-03-09T09:12:05.975Z CLI info [debug-utility]   Checking connectivity to: https://collector-observability.browserstack.com without Proxy
2026-03-09T09:12:06.047Z CLI info [debug-utility]   Connectivity check completed for URL without Proxy: https://collector-observability.browserstack.com
2026-03-09T09:12:06.047Z CLI info [debug-utility]   -------------------------------------------------
2026-03-09T09:12:06.047Z CLI info [debug-utility]   Host: eds.browserstack.com
2026-03-09T09:12:06.047Z CLI info [debug-utility]   Checking connectivity to: https://eds.browserstack.com without Proxy
2026-03-09T09:12:06.087Z CLI info [debug-utility]   Connectivity check completed for URL without Proxy: https://eds.browserstack.com
2026-03-09T09:12:06.088Z CLI info [debug-utility]   -------------------------------------------------
2026-03-09T09:12:06.088Z CLI info [debug-utility]   Host: sdk.browserstack.com
2026-03-09T09:12:06.088Z CLI info [debug-utility]   Checking connectivity to: https://sdk.browserstack.com without Proxy
2026-03-09T09:12:06.207Z CLI info [debug-utility]   Connectivity check completed for URL without Proxy: https://sdk.browserstack.com
2026-03-09T09:12:06.207Z CLI info [debug-utility]   
Connectivity check results summary:
2026-03-09T09:12:06.207Z CLI info [debug-utility]   All connectivity checks passed
2026-03-09T09:12:06.207Z CLI info [debug-utility]   

========================browserstack.yml checks========================
2026-03-09T09:12:06.207Z CLI info [debug-utility]   Validating browserstack.yml configuration
2026-03-09T09:12:06.208Z CLI info [debug-utility]   browserstack.yml configuration validation completed
2026-03-09T09:12:06.208Z CLI info [debug-utility]   

========================Project configuration checks========================
2026-03-09T09:12:07.390Z CLI info [debug-utility]   Detecting Node.js version used in the project
2026-03-09T09:12:07.517Z CLI info [debug-utility]   Node.js version detection failed
2026-03-09T09:12:07.517Z CLI error [debug-utility]          Error occurred while detecting Node.js version: Command failed: C:\Program Files\nodejs\node.exe -v
'C:\Program' is not recognized as an internal or external command,
operable program or batch file.

2026-03-09T09:12:07.517Z CLI info [debug-utility]   Verifying installation of BrowserStack SDK
2026-03-09T09:12:07.518Z CLI info [debug-utility]   BrowserStack SDK is installed
2026-03-09T09:12:07.518Z CLI info [debug-utility]          Detected BrowserStack SDK version: 1.50.1
2026-03-09T09:12:07.518Z CLI info [debug-utility]   Detecting frameworks used in the project
2026-03-09T09:12:07.518Z CLI info [debug-utility]   Framework detection completed
2026-03-09T09:12:07.518Z CLI info [debug-utility]          Detected frameworks with versions: {"@playwright/test":"1.58.2","@cucumber/cucumber":"11.3.0"}
2026-03-09T09:12:07.518Z CLI info [debug-utility]   

========================Version compatibility checks========================
2026-03-09T09:12:07.518Z CLI info [debug-utility]   Skipping version compatibility check due to incompatible setup detection.
2026-03-09T09:12:07.519Z CLI debug [debug-utility]   Sending data to EDS: {"event_type":"sdk_events","data":{"testhub_uuid":"","created_day":"2026-03-09T09:12:07.518 UTC","event_name":"SDK_DEBUG_UTILITY_REPORT","user_data":"kjavedirfan_eZBoq7","host_info":"{\"hostname\":\"pe2vdfqaper-018\",\"platform\":\"win32\",\"type\":\"Windows_NT\",\"version\":\"Windows 10 Enterprise\",\"arch\":\"x64\"}","event_json":{"cliArgs":"C:\\Users\\KSuvarna\\.browserstack\\cli\\binary-win-x64.exe C:\\snapshot\\browserstack-binary\\cli\\dist\\index.js sdk","cliVersion":"1.24.2","results":{"system_check":{"metadata":{},"status":true,"messages":[]},"parse_yml":{"metadata":{},"status":true,"messages":[]},"connectivity_check":{"metadata":{"proxySettings":""},"status":true,"messages":[]},"validate_yml":{"metadata":{},"status":true,"messages":[]},"parse_project_config":{"metadata":{"configFilePath":"C:\\Users\\KSuvarna\\Desktop\\follet-test-steps\\package.json"},"status":false,"messages":["Error occurred while detecting Node.js version: Command failed: C:\\Program Files\\nodejs\\node.exe -v\n'C:\\Program' is not recognized as an internal or external command,\r\noperable program or batch file.\r\n"]},"version_compatibility":{"metadata":{},"status":false,"messages":["skipped"]}},"projectDirectory":"C:\\Users\\KSuvarna\\Desktop\\follet-test-steps","bstackconfigFilePath":"C:\\Users\\KSuvarna\\Desktop\\follet-test-steps\\browserstack.yml","projectConfigFilePath":null,"userProxyConfig":null,"sdkVersion":"1.50.1","language":"node","languageVersion":null,"frameworks":{"@playwright/test":"1.58.2","@cucumber/cucumber":"11.3.0"}}}}
2026-03-09T09:12:07.549Z CLI debug [debug-utility]   Data sent successfully to https://eds.browserstack.com with response 200
2026-03-09T09:27:55.329Z CLI info [debug-utility]   Starting debug utility in non-interactive mode with options: {"projectDirectory":"C:\\Users\\KSuvarna\\Desktop\\follet-test-steps","language":"node","username":"kjavedirfan_eZBoq7","key":"wMYFrmsNHB7QEs1RBFu8","bstackconfigFilePath":"C:\\Users\\KSuvarna\\Desktop\\follet-test-steps\\browserstack.yml"}
2026-03-09T09:27:55.329Z CLI info [debug-utility]   ======================system permissions checks======================
2026-03-09T09:27:55.330Z CLI info [debug-utility]   Checking write permissions for directory: C:\Users\KSuvarna\Desktop\follet-test-steps
2026-03-09T09:27:55.331Z CLI info [debug-utility]   Write permissions check completed for directory: C:\Users\KSuvarna\Desktop\follet-test-steps
2026-03-09T09:27:55.331Z CLI info [debug-utility]   Checking write permissions for directory: C:\Users\KSuvarna\.browserstack
2026-03-09T09:27:55.331Z CLI info [debug-utility]   Write permissions check completed for directory: C:\Users\KSuvarna\.browserstack
2026-03-09T09:27:55.331Z CLI info [debug-utility]   

========================Detecting browserstack.yml========================
2026-03-09T09:27:55.334Z CLI info [debug-utility]   

========================connectivity checks========================
2026-03-09T09:27:55.334Z CLI info [debug-utility]   No proxy settings detected.
2026-03-09T09:27:55.334Z CLI info [debug-utility]   -------------------------------------------------
2026-03-09T09:27:55.334Z CLI info [debug-utility]   Host: api.browserstack.com
2026-03-09T09:27:55.335Z CLI info [debug-utility]   Checking connectivity to: https://api.browserstack.com/robots.txt without Proxy
2026-03-09T09:27:55.448Z CLI info [debug-utility]   Connectivity check completed for URL without Proxy: https://api.browserstack.com/robots.txt
2026-03-09T09:27:55.448Z CLI info [debug-utility]   -------------------------------------------------
2026-03-09T09:27:55.448Z CLI info [debug-utility]   Host: api-cloud.browserstack.com
2026-03-09T09:27:55.448Z CLI info [debug-utility]   Checking connectivity to: https://api-cloud.browserstack.com without Proxy
2026-03-09T09:27:55.628Z CLI info [debug-utility]   Connectivity check completed for URL without Proxy: https://api-cloud.browserstack.com
2026-03-09T09:27:55.628Z CLI info [debug-utility]   -------------------------------------------------
2026-03-09T09:27:55.628Z CLI info [debug-utility]   Host: www.browserstack.com
2026-03-09T09:27:55.628Z CLI info [debug-utility]   Checking connectivity to: https://www.browserstack.com/robots.txt without Proxy
2026-03-09T09:27:55.759Z CLI info [debug-utility]   Connectivity check completed for URL without Proxy: https://www.browserstack.com/robots.txt
2026-03-09T09:27:55.760Z CLI info [debug-utility]   -------------------------------------------------
2026-03-09T09:27:55.760Z CLI info [debug-utility]   Host: automate.browserstack.com
2026-03-09T09:27:55.760Z CLI info [debug-utility]   Checking connectivity to: https://automate.browserstack.com/robots.txt without Proxy
2026-03-09T09:27:55.893Z CLI info [debug-utility]   Connectivity check completed for URL without Proxy: https://automate.browserstack.com/robots.txt
2026-03-09T09:27:55.894Z CLI info [debug-utility]   -------------------------------------------------
2026-03-09T09:27:55.894Z CLI info [debug-utility]   Host: app-automate.browserstack.com
2026-03-09T09:27:55.894Z CLI info [debug-utility]   Checking connectivity to: https://app-automate.browserstack.com/robots.txt without Proxy
2026-03-09T09:27:56.033Z CLI info [debug-utility]   Connectivity check completed for URL without Proxy: https://app-automate.browserstack.com/robots.txt
2026-03-09T09:27:56.033Z CLI info [debug-utility]   -------------------------------------------------
2026-03-09T09:27:56.034Z CLI info [debug-utility]   Host: hub.browserstack.com
2026-03-09T09:27:56.034Z CLI info [debug-utility]   Checking connectivity to: https://hub.browserstack.com/wd/hub without Proxy
2026-03-09T09:27:56.090Z CLI info [debug-utility]   Connectivity check completed for URL without Proxy: https://hub.browserstack.com/wd/hub
2026-03-09T09:27:56.090Z CLI info [debug-utility]   -------------------------------------------------
2026-03-09T09:27:56.090Z CLI info [debug-utility]   Host: hub.browserstack.com
2026-03-09T09:27:56.090Z CLI info [debug-utility]   Checking connectivity to: http://hub.browserstack.com/wd/hub without Proxy
2026-03-09T09:27:56.126Z CLI info [debug-utility]   Connectivity check completed for URL without Proxy: http://hub.browserstack.com/wd/hub
2026-03-09T09:27:56.126Z CLI info [debug-utility]   -------------------------------------------------
2026-03-09T09:27:56.126Z CLI info [debug-utility]   Host: cdp.browserstack.com
2026-03-09T09:27:56.126Z CLI info [debug-utility]   Checking connectivity to: https://cdp.browserstack.com without Proxy
2026-03-09T09:27:56.260Z CLI info [debug-utility]   Connectivity check completed for URL without Proxy: https://cdp.browserstack.com
2026-03-09T09:27:56.261Z CLI info [debug-utility]   -------------------------------------------------
2026-03-09T09:27:56.261Z CLI info [debug-utility]   Host: upload-observability.browserstack.com
2026-03-09T09:27:56.261Z CLI info [debug-utility]   Checking connectivity to: https://upload-observability.browserstack.com without Proxy
2026-03-09T09:27:56.365Z CLI info [debug-utility]   Connectivity check completed for URL without Proxy: https://upload-observability.browserstack.com
2026-03-09T09:27:56.366Z CLI info [debug-utility]   -------------------------------------------------
2026-03-09T09:27:56.366Z CLI info [debug-utility]   Host: collector-observability.browserstack.com
2026-03-09T09:27:56.366Z CLI info [debug-utility]   Checking connectivity to: https://collector-observability.browserstack.com without Proxy
2026-03-09T09:27:56.465Z CLI info [debug-utility]   Connectivity check completed for URL without Proxy: https://collector-observability.browserstack.com
2026-03-09T09:27:56.465Z CLI info [debug-utility]   -------------------------------------------------
2026-03-09T09:27:56.465Z CLI info [debug-utility]   Host: eds.browserstack.com
2026-03-09T09:27:56.465Z CLI info [debug-utility]   Checking connectivity to: https://eds.browserstack.com without Proxy
2026-03-09T09:27:56.686Z CLI info [debug-utility]   Connectivity check completed for URL without Proxy: https://eds.browserstack.com
2026-03-09T09:27:56.686Z CLI info [debug-utility]   -------------------------------------------------
2026-03-09T09:27:56.686Z CLI info [debug-utility]   Host: sdk.browserstack.com
2026-03-09T09:27:56.686Z CLI info [debug-utility]   Checking connectivity to: https://sdk.browserstack.com without Proxy
2026-03-09T09:27:56.805Z CLI info [debug-utility]   Connectivity check completed for URL without Proxy: https://sdk.browserstack.com
2026-03-09T09:27:56.806Z CLI info [debug-utility]   
Connectivity check results summary:
2026-03-09T09:27:56.806Z CLI info [debug-utility]   All connectivity checks passed
2026-03-09T09:27:56.806Z CLI info [debug-utility]   

========================browserstack.yml checks========================
2026-03-09T09:27:56.806Z CLI info [debug-utility]   Validating browserstack.yml configuration
2026-03-09T09:27:56.806Z CLI info [debug-utility]   browserstack.yml configuration validation completed
2026-03-09T09:27:56.806Z CLI info [debug-utility]   

========================Project configuration checks========================
2026-03-09T09:27:58.007Z CLI info [debug-utility]   Detecting Node.js version used in the project
2026-03-09T09:27:58.140Z CLI info [debug-utility]   Node.js version detection failed
2026-03-09T09:27:58.140Z CLI error [debug-utility]          Error occurred while detecting Node.js version: Command failed: C:\Program Files\nodejs\node.exe -v
'C:\Program' is not recognized as an internal or external command,
operable program or batch file.

2026-03-09T09:27:58.140Z CLI info [debug-utility]   Verifying installation of BrowserStack SDK
2026-03-09T09:27:58.140Z CLI info [debug-utility]   BrowserStack SDK is installed
2026-03-09T09:27:58.141Z CLI info [debug-utility]          Detected BrowserStack SDK version: 1.50.1
2026-03-09T09:27:58.141Z CLI info [debug-utility]   Detecting frameworks used in the project
2026-03-09T09:27:58.141Z CLI info [debug-utility]   Framework detection completed
2026-03-09T09:27:58.141Z CLI info [debug-utility]          Detected frameworks with versions: {"@playwright/test":"1.58.2","@cucumber/cucumber":"11.3.0"}
2026-03-09T09:27:58.141Z CLI info [debug-utility]   

========================Version compatibility checks========================
2026-03-09T09:27:58.141Z CLI info [debug-utility]   Skipping version compatibility check due to incompatible setup detection.
2026-03-09T09:27:58.141Z CLI debug [debug-utility]   Sending data to EDS: {"event_type":"sdk_events","data":{"testhub_uuid":"","created_day":"2026-03-09T09:27:58.141 UTC","event_name":"SDK_DEBUG_UTILITY_REPORT","user_data":"kjavedirfan_eZBoq7","host_info":"{\"hostname\":\"pe2vdfqaper-018\",\"platform\":\"win32\",\"type\":\"Windows_NT\",\"version\":\"Windows 10 Enterprise\",\"arch\":\"x64\"}","event_json":{"cliArgs":"C:\\Users\\KSuvarna\\.browserstack\\cli\\binary-win-x64.exe C:\\snapshot\\browserstack-binary\\cli\\dist\\index.js sdk","cliVersion":"1.24.2","results":{"system_check":{"metadata":{},"status":true,"messages":[]},"parse_yml":{"metadata":{},"status":true,"messages":[]},"connectivity_check":{"metadata":{"proxySettings":""},"status":true,"messages":[]},"validate_yml":{"metadata":{},"status":true,"messages":[]},"parse_project_config":{"metadata":{"configFilePath":"C:\\Users\\KSuvarna\\Desktop\\follet-test-steps\\package.json"},"status":false,"messages":["Error occurred while detecting Node.js version: Command failed: C:\\Program Files\\nodejs\\node.exe -v\n'C:\\Program' is not recognized as an internal or external command,\r\noperable program or batch file.\r\n"]},"version_compatibility":{"metadata":{},"status":false,"messages":["skipped"]}},"projectDirectory":"C:\\Users\\KSuvarna\\Desktop\\follet-test-steps","bstackconfigFilePath":"C:\\Users\\KSuvarna\\Desktop\\follet-test-steps\\browserstack.yml","projectConfigFilePath":null,"userProxyConfig":null,"sdkVersion":"1.50.1","language":"node","languageVersion":null,"frameworks":{"@playwright/test":"1.58.2","@cucumber/cucumber":"11.3.0"}}}}
2026-03-09T09:27:58.174Z CLI debug [debug-utility]   Data sent successfully to https://eds.browserstack.com with response 200
2026-03-09T09:30:01.441Z CLI info [debug-utility]   Starting debug utility in non-interactive mode with options: {"projectDirectory":"C:\\Users\\KSuvarna\\Desktop\\follet-test-steps","language":"node","username":"kjavedirfan_eZBoq7","key":"wMYFrmsNHB7QEs1RBFu8","bstackconfigFilePath":"C:\\Users\\KSuvarna\\Desktop\\follet-test-steps\\browserstack.yml"}
2026-03-09T09:30:01.441Z CLI info [debug-utility]   ======================system permissions checks======================
2026-03-09T09:30:01.444Z CLI info [debug-utility]   Checking write permissions for directory: C:\Users\KSuvarna\Desktop\follet-test-steps
2026-03-09T09:30:01.445Z CLI info [debug-utility]   Write permissions check completed for directory: C:\Users\KSuvarna\Desktop\follet-test-steps
2026-03-09T09:30:01.446Z CLI info [debug-utility]   Checking write permissions for directory: C:\Users\KSuvarna\.browserstack
2026-03-09T09:30:01.446Z CLI info [debug-utility]   Write permissions check completed for directory: C:\Users\KSuvarna\.browserstack
2026-03-09T09:30:01.446Z CLI info [debug-utility]   

========================Detecting browserstack.yml========================
2026-03-09T09:30:01.451Z CLI info [debug-utility]   

========================connectivity checks========================
2026-03-09T09:30:01.451Z CLI info [debug-utility]   No proxy settings detected.
2026-03-09T09:30:01.451Z CLI info [debug-utility]   -------------------------------------------------
2026-03-09T09:30:01.452Z CLI info [debug-utility]   Host: api.browserstack.com
2026-03-09T09:30:01.452Z CLI info [debug-utility]   Checking connectivity to: https://api.browserstack.com/robots.txt without Proxy
2026-03-09T09:30:01.556Z CLI info [debug-utility]   Connectivity check completed for URL without Proxy: https://api.browserstack.com/robots.txt
2026-03-09T09:30:01.556Z CLI info [debug-utility]   -------------------------------------------------
2026-03-09T09:30:01.557Z CLI info [debug-utility]   Host: api-cloud.browserstack.com
2026-03-09T09:30:01.557Z CLI info [debug-utility]   Checking connectivity to: https://api-cloud.browserstack.com without Proxy
2026-03-09T09:30:01.748Z CLI info [debug-utility]   Connectivity check completed for URL without Proxy: https://api-cloud.browserstack.com
2026-03-09T09:30:01.748Z CLI info [debug-utility]   -------------------------------------------------
2026-03-09T09:30:01.749Z CLI info [debug-utility]   Host: www.browserstack.com
2026-03-09T09:30:01.749Z CLI info [debug-utility]   Checking connectivity to: https://www.browserstack.com/robots.txt without Proxy
2026-03-09T09:30:01.853Z CLI info [debug-utility]   Connectivity check completed for URL without Proxy: https://www.browserstack.com/robots.txt
2026-03-09T09:30:01.853Z CLI info [debug-utility]   -------------------------------------------------
2026-03-09T09:30:01.853Z CLI info [debug-utility]   Host: automate.browserstack.com
2026-03-09T09:30:01.853Z CLI info [debug-utility]   Checking connectivity to: https://automate.browserstack.com/robots.txt without Proxy
2026-03-09T09:30:02.023Z CLI info [debug-utility]   Connectivity check completed for URL without Proxy: https://automate.browserstack.com/robots.txt
2026-03-09T09:30:02.023Z CLI info [debug-utility]   -------------------------------------------------
2026-03-09T09:30:02.023Z CLI info [debug-utility]   Host: app-automate.browserstack.com
2026-03-09T09:30:02.023Z CLI info [debug-utility]   Checking connectivity to: https://app-automate.browserstack.com/robots.txt without Proxy
2026-03-09T09:30:02.161Z CLI info [debug-utility]   Connectivity check completed for URL without Proxy: https://app-automate.browserstack.com/robots.txt
2026-03-09T09:30:02.162Z CLI info [debug-utility]   -------------------------------------------------
2026-03-09T09:30:02.162Z CLI info [debug-utility]   Host: hub.browserstack.com
2026-03-09T09:30:02.162Z CLI info [debug-utility]   Checking connectivity to: https://hub.browserstack.com/wd/hub without Proxy
2026-03-09T09:30:02.209Z CLI info [debug-utility]   Connectivity check completed for URL without Proxy: https://hub.browserstack.com/wd/hub
2026-03-09T09:30:02.209Z CLI info [debug-utility]   -------------------------------------------------
2026-03-09T09:30:02.209Z CLI info [debug-utility]   Host: hub.browserstack.com
2026-03-09T09:30:02.210Z CLI info [debug-utility]   Checking connectivity to: http://hub.browserstack.com/wd/hub without Proxy
2026-03-09T09:30:02.253Z CLI info [debug-utility]   Connectivity check completed for URL without Proxy: http://hub.browserstack.com/wd/hub
2026-03-09T09:30:02.254Z CLI info [debug-utility]   -------------------------------------------------
2026-03-09T09:30:02.254Z CLI info [debug-utility]   Host: cdp.browserstack.com
2026-03-09T09:30:02.254Z CLI info [debug-utility]   Checking connectivity to: https://cdp.browserstack.com without Proxy
2026-03-09T09:30:02.364Z CLI info [debug-utility]   Connectivity check completed for URL without Proxy: https://cdp.browserstack.com
2026-03-09T09:30:02.364Z CLI info [debug-utility]   -------------------------------------------------
2026-03-09T09:30:02.364Z CLI info [debug-utility]   Host: upload-observability.browserstack.com
2026-03-09T09:30:02.364Z CLI info [debug-utility]   Checking connectivity to: https://upload-observability.browserstack.com without Proxy
2026-03-09T09:30:02.462Z CLI info [debug-utility]   Connectivity check completed for URL without Proxy: https://upload-observability.browserstack.com
2026-03-09T09:30:02.462Z CLI info [debug-utility]   -------------------------------------------------
2026-03-09T09:30:02.463Z CLI info [debug-utility]   Host: collector-observability.browserstack.com
2026-03-09T09:30:02.463Z CLI info [debug-utility]   Checking connectivity to: https://collector-observability.browserstack.com without Proxy
2026-03-09T09:30:02.536Z CLI info [debug-utility]   Connectivity check completed for URL without Proxy: https://collector-observability.browserstack.com
2026-03-09T09:30:02.537Z CLI info [debug-utility]   -------------------------------------------------
2026-03-09T09:30:02.537Z CLI info [debug-utility]   Host: eds.browserstack.com
2026-03-09T09:30:02.537Z CLI info [debug-utility]   Checking connectivity to: https://eds.browserstack.com without Proxy
2026-03-09T09:30:02.615Z CLI info [debug-utility]   Connectivity check completed for URL without Proxy: https://eds.browserstack.com
2026-03-09T09:30:02.615Z CLI info [debug-utility]   -------------------------------------------------
2026-03-09T09:30:02.615Z CLI info [debug-utility]   Host: sdk.browserstack.com
2026-03-09T09:30:02.615Z CLI info [debug-utility]   Checking connectivity to: https://sdk.browserstack.com without Proxy
2026-03-09T09:30:02.741Z CLI info [debug-utility]   Connectivity check completed for URL without Proxy: https://sdk.browserstack.com
2026-03-09T09:30:02.741Z CLI info [debug-utility]   
Connectivity check results summary:
2026-03-09T09:30:02.741Z CLI info [debug-utility]   All connectivity checks passed
2026-03-09T09:30:02.741Z CLI info [debug-utility]   

========================browserstack.yml checks========================
2026-03-09T09:30:02.741Z CLI info [debug-utility]   Validating browserstack.yml configuration
2026-03-09T09:30:02.742Z CLI info [debug-utility]   browserstack.yml configuration validation completed
2026-03-09T09:30:02.742Z CLI info [debug-utility]   

========================Project configuration checks========================
2026-03-09T09:30:04.018Z CLI info [debug-utility]   Detecting Node.js version used in the project
2026-03-09T09:30:04.153Z CLI info [debug-utility]   Node.js version detection failed
2026-03-09T09:30:04.153Z CLI error [debug-utility]          Error occurred while detecting Node.js version: Command failed: C:\Program Files\nodejs\node.exe -v
'C:\Program' is not recognized as an internal or external command,
operable program or batch file.

2026-03-09T09:30:04.153Z CLI info [debug-utility]   Verifying installation of BrowserStack SDK
2026-03-09T09:30:04.153Z CLI info [debug-utility]   BrowserStack SDK is installed
2026-03-09T09:30:04.153Z CLI info [debug-utility]          Detected BrowserStack SDK version: 1.50.1
2026-03-09T09:30:04.153Z CLI info [debug-utility]   Detecting frameworks used in the project
2026-03-09T09:30:04.153Z CLI info [debug-utility]   Framework detection completed
2026-03-09T09:30:04.153Z CLI info [debug-utility]          Detected frameworks with versions: {"@playwright/test":"1.58.2","@cucumber/cucumber":"11.3.0"}
2026-03-09T09:30:04.154Z CLI info [debug-utility]   

========================Version compatibility checks========================
2026-03-09T09:30:04.154Z CLI info [debug-utility]   Skipping version compatibility check due to incompatible setup detection.
2026-03-09T09:30:04.154Z CLI debug [debug-utility]   Sending data to EDS: {"event_type":"sdk_events","data":{"testhub_uuid":"","created_day":"2026-03-09T09:30:04.154 UTC","event_name":"SDK_DEBUG_UTILITY_REPORT","user_data":"kjavedirfan_eZBoq7","host_info":"{\"hostname\":\"pe2vdfqaper-018\",\"platform\":\"win32\",\"type\":\"Windows_NT\",\"version\":\"Windows 10 Enterprise\",\"arch\":\"x64\"}","event_json":{"cliArgs":"C:\\Users\\KSuvarna\\.browserstack\\cli\\binary-win-x64.exe C:\\snapshot\\browserstack-binary\\cli\\dist\\index.js sdk","cliVersion":"1.24.2","results":{"system_check":{"metadata":{},"status":true,"messages":[]},"parse_yml":{"metadata":{},"status":true,"messages":[]},"connectivity_check":{"metadata":{"proxySettings":""},"status":true,"messages":[]},"validate_yml":{"metadata":{},"status":true,"messages":[]},"parse_project_config":{"metadata":{"configFilePath":"C:\\Users\\KSuvarna\\Desktop\\follet-test-steps\\package.json"},"status":false,"messages":["Error occurred while detecting Node.js version: Command failed: C:\\Program Files\\nodejs\\node.exe -v\n'C:\\Program' is not recognized as an internal or external command,\r\noperable program or batch file.\r\n"]},"version_compatibility":{"metadata":{},"status":false,"messages":["skipped"]}},"projectDirectory":"C:\\Users\\KSuvarna\\Desktop\\follet-test-steps","bstackconfigFilePath":"C:\\Users\\KSuvarna\\Desktop\\follet-test-steps\\browserstack.yml","projectConfigFilePath":null,"userProxyConfig":null,"sdkVersion":"1.50.1","language":"node","languageVersion":null,"frameworks":{"@playwright/test":"1.58.2","@cucumber/cucumber":"11.3.0"}}}}
2026-03-09T09:30:04.196Z CLI debug [debug-utility]   Data sent successfully to https://eds.browserstack.com with response 200
2026-03-09T09:33:56.265Z CLI info [debug-utility]   Starting debug utility in non-interactive mode with options: {"projectDirectory":"C:\\Users\\KSuvarna\\Desktop\\follet-test-steps","language":"node","username":"kjavedirfan_eZBoq7","key":"wMYFrmsNHB7QEs1RBFu8","bstackconfigFilePath":"C:\\Users\\KSuvarna\\Desktop\\follet-test-steps\\browserstack.yml"}
2026-03-09T09:33:56.266Z CLI info [debug-utility]   ======================system permissions checks======================
2026-03-09T09:33:56.268Z CLI info [debug-utility]   Checking write permissions for directory: C:\Users\KSuvarna\Desktop\follet-test-steps
2026-03-09T09:33:56.269Z CLI info [debug-utility]   Write permissions check completed for directory: C:\Users\KSuvarna\Desktop\follet-test-steps
2026-03-09T09:33:56.269Z CLI info [debug-utility]   Checking write permissions for directory: C:\Users\KSuvarna\.browserstack
2026-03-09T09:33:56.269Z CLI info [debug-utility]   Write permissions check completed for directory: C:\Users\KSuvarna\.browserstack
2026-03-09T09:33:56.269Z CLI info [debug-utility]   

========================Detecting browserstack.yml========================
2026-03-09T09:33:56.273Z CLI info [debug-utility]   

========================connectivity checks========================
2026-03-09T09:33:56.273Z CLI info [debug-utility]   No proxy settings detected.
2026-03-09T09:33:56.273Z CLI info [debug-utility]   -------------------------------------------------
2026-03-09T09:33:56.273Z CLI info [debug-utility]   Host: api.browserstack.com
2026-03-09T09:33:56.273Z CLI info [debug-utility]   Checking connectivity to: https://api.browserstack.com/robots.txt without Proxy
2026-03-09T09:33:56.372Z CLI info [debug-utility]   Connectivity check completed for URL without Proxy: https://api.browserstack.com/robots.txt
2026-03-09T09:33:56.372Z CLI info [debug-utility]   -------------------------------------------------
2026-03-09T09:33:56.373Z CLI info [debug-utility]   Host: api-cloud.browserstack.com
2026-03-09T09:33:56.373Z CLI info [debug-utility]   Checking connectivity to: https://api-cloud.browserstack.com without Proxy
2026-03-09T09:33:56.557Z CLI info [debug-utility]   Connectivity check completed for URL without Proxy: https://api-cloud.browserstack.com
2026-03-09T09:33:56.557Z CLI info [debug-utility]   -------------------------------------------------
2026-03-09T09:33:56.557Z CLI info [debug-utility]   Host: www.browserstack.com
2026-03-09T09:33:56.557Z CLI info [debug-utility]   Checking connectivity to: https://www.browserstack.com/robots.txt without Proxy
2026-03-09T09:33:56.699Z CLI info [debug-utility]   Connectivity check completed for URL without Proxy: https://www.browserstack.com/robots.txt
2026-03-09T09:33:56.699Z CLI info [debug-utility]   -------------------------------------------------
2026-03-09T09:33:56.699Z CLI info [debug-utility]   Host: automate.browserstack.com
2026-03-09T09:33:56.699Z CLI info [debug-utility]   Checking connectivity to: https://automate.browserstack.com/robots.txt without Proxy
2026-03-09T09:33:56.839Z CLI info [debug-utility]   Connectivity check completed for URL without Proxy: https://automate.browserstack.com/robots.txt
2026-03-09T09:33:56.839Z CLI info [debug-utility]   -------------------------------------------------
2026-03-09T09:33:56.839Z CLI info [debug-utility]   Host: app-automate.browserstack.com
2026-03-09T09:33:56.839Z CLI info [debug-utility]   Checking connectivity to: https://app-automate.browserstack.com/robots.txt without Proxy
2026-03-09T09:33:56.960Z CLI info [debug-utility]   Connectivity check completed for URL without Proxy: https://app-automate.browserstack.com/robots.txt
2026-03-09T09:33:56.960Z CLI info [debug-utility]   -------------------------------------------------
2026-03-09T09:33:56.960Z CLI info [debug-utility]   Host: hub.browserstack.com
2026-03-09T09:33:56.960Z CLI info [debug-utility]   Checking connectivity to: https://hub.browserstack.com/wd/hub without Proxy
2026-03-09T09:33:57.069Z CLI info [debug-utility]   Connectivity check completed for URL without Proxy: https://hub.browserstack.com/wd/hub
2026-03-09T09:33:57.069Z CLI info [debug-utility]   -------------------------------------------------
2026-03-09T09:33:57.069Z CLI info [debug-utility]   Host: hub.browserstack.com
2026-03-09T09:33:57.069Z CLI info [debug-utility]   Checking connectivity to: http://hub.browserstack.com/wd/hub without Proxy
2026-03-09T09:33:57.121Z CLI info [debug-utility]   Connectivity check completed for URL without Proxy: http://hub.browserstack.com/wd/hub
2026-03-09T09:33:57.121Z CLI info [debug-utility]   -------------------------------------------------
2026-03-09T09:33:57.121Z CLI info [debug-utility]   Host: cdp.browserstack.com
2026-03-09T09:33:57.121Z CLI info [debug-utility]   Checking connectivity to: https://cdp.browserstack.com without Proxy
2026-03-09T09:33:57.282Z CLI info [debug-utility]   Connectivity check completed for URL without Proxy: https://cdp.browserstack.com
2026-03-09T09:33:57.282Z CLI info [debug-utility]   -------------------------------------------------
2026-03-09T09:33:57.282Z CLI info [debug-utility]   Host: upload-observability.browserstack.com
2026-03-09T09:33:57.282Z CLI info [debug-utility]   Checking connectivity to: https://upload-observability.browserstack.com without Proxy
2026-03-09T09:33:57.388Z CLI info [debug-utility]   Connectivity check completed for URL without Proxy: https://upload-observability.browserstack.com
2026-03-09T09:33:57.388Z CLI info [debug-utility]   -------------------------------------------------
2026-03-09T09:33:57.388Z CLI info [debug-utility]   Host: collector-observability.browserstack.com
2026-03-09T09:33:57.388Z CLI info [debug-utility]   Checking connectivity to: https://collector-observability.browserstack.com without Proxy
2026-03-09T09:33:57.489Z CLI info [debug-utility]   Connectivity check completed for URL without Proxy: https://collector-observability.browserstack.com
2026-03-09T09:33:57.489Z CLI info [debug-utility]   -------------------------------------------------
2026-03-09T09:33:57.489Z CLI info [debug-utility]   Host: eds.browserstack.com
2026-03-09T09:33:57.489Z CLI info [debug-utility]   Checking connectivity to: https://eds.browserstack.com without Proxy
2026-03-09T09:33:57.611Z CLI info [debug-utility]   Connectivity check completed for URL without Proxy: https://eds.browserstack.com
2026-03-09T09:33:57.612Z CLI info [debug-utility]   -------------------------------------------------
2026-03-09T09:33:57.612Z CLI info [debug-utility]   Host: sdk.browserstack.com
2026-03-09T09:33:57.612Z CLI info [debug-utility]   Checking connectivity to: https://sdk.browserstack.com without Proxy
2026-03-09T09:33:57.737Z CLI info [debug-utility]   Connectivity check completed for URL without Proxy: https://sdk.browserstack.com
2026-03-09T09:33:57.737Z CLI info [debug-utility]   
Connectivity check results summary:
2026-03-09T09:33:57.737Z CLI info [debug-utility]   All connectivity checks passed
2026-03-09T09:33:57.737Z CLI info [debug-utility]   

========================browserstack.yml checks========================
2026-03-09T09:33:57.737Z CLI info [debug-utility]   Validating browserstack.yml configuration
2026-03-09T09:33:57.738Z CLI info [debug-utility]   browserstack.yml configuration validation completed
2026-03-09T09:33:57.738Z CLI info [debug-utility]   

========================Project configuration checks========================
2026-03-09T09:33:58.991Z CLI info [debug-utility]   Detecting Node.js version used in the project
2026-03-09T09:33:59.122Z CLI info [debug-utility]   Node.js version detection failed
2026-03-09T09:33:59.122Z CLI error [debug-utility]          Error occurred while detecting Node.js version: Command failed: C:\Program Files\nodejs\node.exe -v
'C:\Program' is not recognized as an internal or external command,
operable program or batch file.

2026-03-09T09:33:59.122Z CLI info [debug-utility]   Verifying installation of BrowserStack SDK
2026-03-09T09:33:59.122Z CLI info [debug-utility]   BrowserStack SDK is installed
2026-03-09T09:33:59.122Z CLI info [debug-utility]          Detected BrowserStack SDK version: 1.50.1
2026-03-09T09:33:59.122Z CLI info [debug-utility]   Detecting frameworks used in the project
2026-03-09T09:33:59.122Z CLI info [debug-utility]   Framework detection completed
2026-03-09T09:33:59.122Z CLI info [debug-utility]          Detected frameworks with versions: {"@playwright/test":"1.58.2","@cucumber/cucumber":"11.3.0"}
2026-03-09T09:33:59.122Z CLI info [debug-utility]   

========================Version compatibility checks========================
2026-03-09T09:33:59.122Z CLI info [debug-utility]   Skipping version compatibility check due to incompatible setup detection.
2026-03-09T09:33:59.123Z CLI debug [debug-utility]   Sending data to EDS: {"event_type":"sdk_events","data":{"testhub_uuid":"","created_day":"2026-03-09T09:33:59.123 UTC","event_name":"SDK_DEBUG_UTILITY_REPORT","user_data":"kjavedirfan_eZBoq7","host_info":"{\"hostname\":\"pe2vdfqaper-018\",\"platform\":\"win32\",\"type\":\"Windows_NT\",\"version\":\"Windows 10 Enterprise\",\"arch\":\"x64\"}","event_json":{"cliArgs":"C:\\Users\\KSuvarna\\.browserstack\\cli\\binary-win-x64.exe C:\\snapshot\\browserstack-binary\\cli\\dist\\index.js sdk","cliVersion":"1.24.2","results":{"system_check":{"metadata":{},"status":true,"messages":[]},"parse_yml":{"metadata":{},"status":true,"messages":[]},"connectivity_check":{"metadata":{"proxySettings":""},"status":true,"messages":[]},"validate_yml":{"metadata":{},"status":true,"messages":[]},"parse_project_config":{"metadata":{"configFilePath":"C:\\Users\\KSuvarna\\Desktop\\follet-test-steps\\package.json"},"status":false,"messages":["Error occurred while detecting Node.js version: Command failed: C:\\Program Files\\nodejs\\node.exe -v\n'C:\\Program' is not recognized as an internal or external command,\r\noperable program or batch file.\r\n"]},"version_compatibility":{"metadata":{},"status":false,"messages":["skipped"]}},"projectDirectory":"C:\\Users\\KSuvarna\\Desktop\\follet-test-steps","bstackconfigFilePath":"C:\\Users\\KSuvarna\\Desktop\\follet-test-steps\\browserstack.yml","projectConfigFilePath":null,"userProxyConfig":null,"sdkVersion":"1.50.1","language":"node","languageVersion":null,"frameworks":{"@playwright/test":"1.58.2","@cucumber/cucumber":"11.3.0"}}}}
2026-03-09T09:33:59.159Z CLI debug [debug-utility]   Data sent successfully to https://eds.browserstack.com with response 200
2026-03-09T09:35:59.984Z CLI info [debug-utility]   Starting debug utility in non-interactive mode with options: {"projectDirectory":"C:\\Users\\KSuvarna\\Desktop\\follet-test-steps","language":"node","username":"kjavedirfan_eZBoq7","key":"wMYFrmsNHB7QEs1RBFu8","bstackconfigFilePath":"C:\\Users\\KSuvarna\\Desktop\\follet-test-steps\\browserstack.yml"}
2026-03-09T09:35:59.985Z CLI info [debug-utility]   ======================system permissions checks======================
2026-03-09T09:35:59.988Z CLI info [debug-utility]   Checking write permissions for directory: C:\Users\KSuvarna\Desktop\follet-test-steps
2026-03-09T09:35:59.988Z CLI info [debug-utility]   Write permissions check completed for directory: C:\Users\KSuvarna\Desktop\follet-test-steps
2026-03-09T09:35:59.989Z CLI info [debug-utility]   Checking write permissions for directory: C:\Users\KSuvarna\.browserstack
2026-03-09T09:35:59.989Z CLI info [debug-utility]   Write permissions check completed for directory: C:\Users\KSuvarna\.browserstack
2026-03-09T09:35:59.989Z CLI info [debug-utility]   

========================Detecting browserstack.yml========================
2026-03-09T09:35:59.992Z CLI info [debug-utility]   

========================connectivity checks========================
2026-03-09T09:35:59.992Z CLI info [debug-utility]   No proxy settings detected.
2026-03-09T09:35:59.992Z CLI info [debug-utility]   -------------------------------------------------
2026-03-09T09:35:59.992Z CLI info [debug-utility]   Host: api.browserstack.com
2026-03-09T09:35:59.992Z CLI info [debug-utility]   Checking connectivity to: https://api.browserstack.com/robots.txt without Proxy
2026-03-09T09:36:00.121Z CLI info [debug-utility]   Connectivity check completed for URL without Proxy: https://api.browserstack.com/robots.txt
2026-03-09T09:36:00.121Z CLI info [debug-utility]   -------------------------------------------------
2026-03-09T09:36:00.122Z CLI info [debug-utility]   Host: api-cloud.browserstack.com
2026-03-09T09:36:00.122Z CLI info [debug-utility]   Checking connectivity to: https://api-cloud.browserstack.com without Proxy
2026-03-09T09:36:00.298Z CLI info [debug-utility]   Connectivity check completed for URL without Proxy: https://api-cloud.browserstack.com
2026-03-09T09:36:00.298Z CLI info [debug-utility]   -------------------------------------------------
2026-03-09T09:36:00.298Z CLI info [debug-utility]   Host: www.browserstack.com
2026-03-09T09:36:00.298Z CLI info [debug-utility]   Checking connectivity to: https://www.browserstack.com/robots.txt without Proxy
2026-03-09T09:36:00.340Z CLI info [debug-utility]   Connectivity check completed for URL without Proxy: https://www.browserstack.com/robots.txt
2026-03-09T09:36:00.340Z CLI info [debug-utility]   -------------------------------------------------
2026-03-09T09:36:00.340Z CLI info [debug-utility]   Host: automate.browserstack.com
2026-03-09T09:36:00.340Z CLI info [debug-utility]   Checking connectivity to: https://automate.browserstack.com/robots.txt without Proxy
2026-03-09T09:36:00.481Z CLI info [debug-utility]   Connectivity check completed for URL without Proxy: https://automate.browserstack.com/robots.txt
2026-03-09T09:36:00.481Z CLI info [debug-utility]   -------------------------------------------------
2026-03-09T09:36:00.482Z CLI info [debug-utility]   Host: app-automate.browserstack.com
2026-03-09T09:36:00.482Z CLI info [debug-utility]   Checking connectivity to: https://app-automate.browserstack.com/robots.txt without Proxy
2026-03-09T09:36:00.613Z CLI info [debug-utility]   Connectivity check completed for URL without Proxy: https://app-automate.browserstack.com/robots.txt
2026-03-09T09:36:00.613Z CLI info [debug-utility]   -------------------------------------------------
2026-03-09T09:36:00.613Z CLI info [debug-utility]   Host: hub.browserstack.com
2026-03-09T09:36:00.613Z CLI info [debug-utility]   Checking connectivity to: https://hub.browserstack.com/wd/hub without Proxy
2026-03-09T09:36:00.673Z CLI info [debug-utility]   Connectivity check completed for URL without Proxy: https://hub.browserstack.com/wd/hub
2026-03-09T09:36:00.674Z CLI info [debug-utility]   -------------------------------------------------
2026-03-09T09:36:00.674Z CLI info [debug-utility]   Host: hub.browserstack.com
2026-03-09T09:36:00.674Z CLI info [debug-utility]   Checking connectivity to: http://hub.browserstack.com/wd/hub without Proxy
2026-03-09T09:36:00.747Z CLI info [debug-utility]   Connectivity check completed for URL without Proxy: http://hub.browserstack.com/wd/hub
2026-03-09T09:36:00.747Z CLI info [debug-utility]   -------------------------------------------------
2026-03-09T09:36:00.747Z CLI info [debug-utility]   Host: cdp.browserstack.com
2026-03-09T09:36:00.747Z CLI info [debug-utility]   Checking connectivity to: https://cdp.browserstack.com without Proxy
2026-03-09T09:36:00.854Z CLI info [debug-utility]   Connectivity check completed for URL without Proxy: https://cdp.browserstack.com
2026-03-09T09:36:00.854Z CLI info [debug-utility]   -------------------------------------------------
2026-03-09T09:36:00.854Z CLI info [debug-utility]   Host: upload-observability.browserstack.com
2026-03-09T09:36:00.854Z CLI info [debug-utility]   Checking connectivity to: https://upload-observability.browserstack.com without Proxy
2026-03-09T09:36:00.952Z CLI info [debug-utility]   Connectivity check completed for URL without Proxy: https://upload-observability.browserstack.com
2026-03-09T09:36:00.952Z CLI info [debug-utility]   -------------------------------------------------
2026-03-09T09:36:00.952Z CLI info [debug-utility]   Host: collector-observability.browserstack.com
2026-03-09T09:36:00.952Z CLI info [debug-utility]   Checking connectivity to: https://collector-observability.browserstack.com without Proxy
2026-03-09T09:36:01.028Z CLI info [debug-utility]   Connectivity check completed for URL without Proxy: https://collector-observability.browserstack.com
2026-03-09T09:36:01.028Z CLI info [debug-utility]   -------------------------------------------------
2026-03-09T09:36:01.028Z CLI info [debug-utility]   Host: eds.browserstack.com
2026-03-09T09:36:01.028Z CLI info [debug-utility]   Checking connectivity to: https://eds.browserstack.com without Proxy
2026-03-09T09:36:01.067Z CLI info [debug-utility]   Connectivity check completed for URL without Proxy: https://eds.browserstack.com
2026-03-09T09:36:01.067Z CLI info [debug-utility]   -------------------------------------------------
2026-03-09T09:36:01.067Z CLI info [debug-utility]   Host: sdk.browserstack.com
2026-03-09T09:36:01.067Z CLI info [debug-utility]   Checking connectivity to: https://sdk.browserstack.com without Proxy
2026-03-09T09:36:01.202Z CLI info [debug-utility]   Connectivity check completed for URL without Proxy: https://sdk.browserstack.com
2026-03-09T09:36:01.202Z CLI info [debug-utility]   
Connectivity check results summary:
2026-03-09T09:36:01.202Z CLI info [debug-utility]   All connectivity checks passed
2026-03-09T09:36:01.202Z CLI info [debug-utility]   

========================browserstack.yml checks========================
2026-03-09T09:36:01.202Z CLI info [debug-utility]   Validating browserstack.yml configuration
2026-03-09T09:36:01.203Z CLI info [debug-utility]   browserstack.yml configuration validation completed
2026-03-09T09:36:01.203Z CLI info [debug-utility]   

========================Project configuration checks========================
2026-03-09T09:36:02.526Z CLI info [debug-utility]   Detecting Node.js version used in the project
2026-03-09T09:36:02.664Z CLI info [debug-utility]   Node.js version detection failed
2026-03-09T09:36:02.664Z CLI error [debug-utility]          Error occurred while detecting Node.js version: Command failed: C:\Program Files\nodejs\node.exe -v
'C:\Program' is not recognized as an internal or external command,
operable program or batch file.

2026-03-09T09:36:02.664Z CLI info [debug-utility]   Verifying installation of BrowserStack SDK
2026-03-09T09:36:02.664Z CLI info [debug-utility]   BrowserStack SDK is installed
2026-03-09T09:36:02.665Z CLI info [debug-utility]          Detected BrowserStack SDK version: 1.50.1
2026-03-09T09:36:02.665Z CLI info [debug-utility]   Detecting frameworks used in the project
2026-03-09T09:36:02.665Z CLI info [debug-utility]   Framework detection completed
2026-03-09T09:36:02.665Z CLI info [debug-utility]          Detected frameworks with versions: {"@playwright/test":"1.58.2","@cucumber/cucumber":"11.3.0"}
2026-03-09T09:36:02.665Z CLI info [debug-utility]   

========================Version compatibility checks========================
2026-03-09T09:36:02.665Z CLI info [debug-utility]   Skipping version compatibility check due to incompatible setup detection.
2026-03-09T09:36:02.665Z CLI debug [debug-utility]   Sending data to EDS: {"event_type":"sdk_events","data":{"testhub_uuid":"","created_day":"2026-03-09T09:36:02.665 UTC","event_name":"SDK_DEBUG_UTILITY_REPORT","user_data":"kjavedirfan_eZBoq7","host_info":"{\"hostname\":\"pe2vdfqaper-018\",\"platform\":\"win32\",\"type\":\"Windows_NT\",\"version\":\"Windows 10 Enterprise\",\"arch\":\"x64\"}","event_json":{"cliArgs":"C:\\Users\\KSuvarna\\.browserstack\\cli\\binary-win-x64.exe C:\\snapshot\\browserstack-binary\\cli\\dist\\index.js sdk","cliVersion":"1.24.2","results":{"system_check":{"metadata":{},"status":true,"messages":[]},"parse_yml":{"metadata":{},"status":true,"messages":[]},"connectivity_check":{"metadata":{"proxySettings":""},"status":true,"messages":[]},"validate_yml":{"metadata":{},"status":true,"messages":[]},"parse_project_config":{"metadata":{"configFilePath":"C:\\Users\\KSuvarna\\Desktop\\follet-test-steps\\package.json"},"status":false,"messages":["Error occurred while detecting Node.js version: Command failed: C:\\Program Files\\nodejs\\node.exe -v\n'C:\\Program' is not recognized as an internal or external command,\r\noperable program or batch file.\r\n"]},"version_compatibility":{"metadata":{},"status":false,"messages":["skipped"]}},"projectDirectory":"C:\\Users\\KSuvarna\\Desktop\\follet-test-steps","bstackconfigFilePath":"C:\\Users\\KSuvarna\\Desktop\\follet-test-steps\\browserstack.yml","projectConfigFilePath":null,"userProxyConfig":null,"sdkVersion":"1.50.1","language":"node","languageVersion":null,"frameworks":{"@playwright/test":"1.58.2","@cucumber/cucumber":"11.3.0"}}}}
2026-03-09T09:36:02.701Z CLI debug [debug-utility]   Data sent successfully to https://eds.browserstack.com with response 200
2026-03-09T09:40:22.714Z CLI info [debug-utility]   Starting debug utility in non-interactive mode with options: {"projectDirectory":"C:\\Users\\KSuvarna\\Desktop\\follet-test-steps","language":"node","username":"kjavedirfan_eZBoq7","key":"wMYFrmsNHB7QEs1RBFu8","bstackconfigFilePath":"C:\\Users\\KSuvarna\\Desktop\\follet-test-steps\\browserstack.yml"}
2026-03-09T09:40:22.714Z CLI info [debug-utility]   ======================system permissions checks======================
2026-03-09T09:40:22.717Z CLI info [debug-utility]   Checking write permissions for directory: C:\Users\KSuvarna\Desktop\follet-test-steps
2026-03-09T09:40:22.717Z CLI info [debug-utility]   Write permissions check completed for directory: C:\Users\KSuvarna\Desktop\follet-test-steps
2026-03-09T09:40:22.718Z CLI info [debug-utility]   Checking write permissions for directory: C:\Users\KSuvarna\.browserstack
2026-03-09T09:40:22.718Z CLI info [debug-utility]   Write permissions check completed for directory: C:\Users\KSuvarna\.browserstack
2026-03-09T09:40:22.718Z CLI info [debug-utility]   

========================Detecting browserstack.yml========================
2026-03-09T09:40:22.722Z CLI info [debug-utility]   

========================connectivity checks========================
2026-03-09T09:40:22.722Z CLI info [debug-utility]   No proxy settings detected.
2026-03-09T09:40:22.722Z CLI info [debug-utility]   -------------------------------------------------
2026-03-09T09:40:22.722Z CLI info [debug-utility]   Host: api.browserstack.com
2026-03-09T09:40:22.722Z CLI info [debug-utility]   Checking connectivity to: https://api.browserstack.com/robots.txt without Proxy
2026-03-09T09:40:22.829Z CLI info [debug-utility]   Connectivity check completed for URL without Proxy: https://api.browserstack.com/robots.txt
2026-03-09T09:40:22.829Z CLI info [debug-utility]   -------------------------------------------------
2026-03-09T09:40:22.829Z CLI info [debug-utility]   Host: api-cloud.browserstack.com
2026-03-09T09:40:22.829Z CLI info [debug-utility]   Checking connectivity to: https://api-cloud.browserstack.com without Proxy
2026-03-09T09:40:23.003Z CLI info [debug-utility]   Connectivity check completed for URL without Proxy: https://api-cloud.browserstack.com
2026-03-09T09:40:23.003Z CLI info [debug-utility]   -------------------------------------------------
2026-03-09T09:40:23.003Z CLI info [debug-utility]   Host: www.browserstack.com
2026-03-09T09:40:23.003Z CLI info [debug-utility]   Checking connectivity to: https://www.browserstack.com/robots.txt without Proxy
2026-03-09T09:40:23.143Z CLI info [debug-utility]   Connectivity check completed for URL without Proxy: https://www.browserstack.com/robots.txt
2026-03-09T09:40:23.143Z CLI info [debug-utility]   -------------------------------------------------
2026-03-09T09:40:23.143Z CLI info [debug-utility]   Host: automate.browserstack.com
2026-03-09T09:40:23.144Z CLI info [debug-utility]   Checking connectivity to: https://automate.browserstack.com/robots.txt without Proxy
2026-03-09T09:40:23.284Z CLI info [debug-utility]   Connectivity check completed for URL without Proxy: https://automate.browserstack.com/robots.txt
2026-03-09T09:40:23.284Z CLI info [debug-utility]   -------------------------------------------------
2026-03-09T09:40:23.284Z CLI info [debug-utility]   Host: app-automate.browserstack.com
2026-03-09T09:40:23.284Z CLI info [debug-utility]   Checking connectivity to: https://app-automate.browserstack.com/robots.txt without Proxy
2026-03-09T09:40:23.411Z CLI info [debug-utility]   Connectivity check completed for URL without Proxy: https://app-automate.browserstack.com/robots.txt
2026-03-09T09:40:23.411Z CLI info [debug-utility]   -------------------------------------------------
2026-03-09T09:40:23.411Z CLI info [debug-utility]   Host: hub.browserstack.com
2026-03-09T09:40:23.411Z CLI info [debug-utility]   Checking connectivity to: https://hub.browserstack.com/wd/hub without Proxy
2026-03-09T09:40:23.452Z CLI info [debug-utility]   Connectivity check completed for URL without Proxy: https://hub.browserstack.com/wd/hub
2026-03-09T09:40:23.452Z CLI info [debug-utility]   -------------------------------------------------
2026-03-09T09:40:23.452Z CLI info [debug-utility]   Host: hub.browserstack.com
2026-03-09T09:40:23.452Z CLI info [debug-utility]   Checking connectivity to: http://hub.browserstack.com/wd/hub without Proxy
2026-03-09T09:40:23.483Z CLI info [debug-utility]   Connectivity check completed for URL without Proxy: http://hub.browserstack.com/wd/hub
2026-03-09T09:40:23.483Z CLI info [debug-utility]   -------------------------------------------------
2026-03-09T09:40:23.483Z CLI info [debug-utility]   Host: cdp.browserstack.com
2026-03-09T09:40:23.483Z CLI info [debug-utility]   Checking connectivity to: https://cdp.browserstack.com without Proxy
2026-03-09T09:40:23.605Z CLI info [debug-utility]   Connectivity check completed for URL without Proxy: https://cdp.browserstack.com
2026-03-09T09:40:23.605Z CLI info [debug-utility]   -------------------------------------------------
2026-03-09T09:40:23.605Z CLI info [debug-utility]   Host: upload-observability.browserstack.com
2026-03-09T09:40:23.605Z CLI info [debug-utility]   Checking connectivity to: https://upload-observability.browserstack.com without Proxy
2026-03-09T09:40:23.715Z CLI info [debug-utility]   Connectivity check completed for URL without Proxy: https://upload-observability.browserstack.com
2026-03-09T09:40:23.715Z CLI info [debug-utility]   -------------------------------------------------
2026-03-09T09:40:23.715Z CLI info [debug-utility]   Host: collector-observability.browserstack.com
2026-03-09T09:40:23.715Z CLI info [debug-utility]   Checking connectivity to: https://collector-observability.browserstack.com without Proxy
2026-03-09T09:40:23.816Z CLI info [debug-utility]   Connectivity check completed for URL without Proxy: https://collector-observability.browserstack.com
2026-03-09T09:40:23.816Z CLI info [debug-utility]   -------------------------------------------------
2026-03-09T09:40:23.816Z CLI info [debug-utility]   Host: eds.browserstack.com
2026-03-09T09:40:23.817Z CLI info [debug-utility]   Checking connectivity to: https://eds.browserstack.com without Proxy
2026-03-09T09:40:23.932Z CLI info [debug-utility]   Connectivity check completed for URL without Proxy: https://eds.browserstack.com
2026-03-09T09:40:23.932Z CLI info [debug-utility]   -------------------------------------------------
2026-03-09T09:40:23.932Z CLI info [debug-utility]   Host: sdk.browserstack.com
2026-03-09T09:40:23.932Z CLI info [debug-utility]   Checking connectivity to: https://sdk.browserstack.com without Proxy
2026-03-09T09:40:24.061Z CLI info [debug-utility]   Connectivity check completed for URL without Proxy: https://sdk.browserstack.com
2026-03-09T09:40:24.061Z CLI info [debug-utility]   
Connectivity check results summary:
2026-03-09T09:40:24.061Z CLI info [debug-utility]   All connectivity checks passed
2026-03-09T09:40:24.061Z CLI info [debug-utility]   

========================browserstack.yml checks========================
2026-03-09T09:40:24.061Z CLI info [debug-utility]   Validating browserstack.yml configuration
2026-03-09T09:40:24.062Z CLI info [debug-utility]   browserstack.yml configuration validation completed
2026-03-09T09:40:24.062Z CLI info [debug-utility]   

========================Project configuration checks========================
2026-03-09T09:40:25.273Z CLI info [debug-utility]   Detecting Node.js version used in the project
2026-03-09T09:40:25.400Z CLI info [debug-utility]   Node.js version detection failed
2026-03-09T09:40:25.401Z CLI error [debug-utility]          Error occurred while detecting Node.js version: Command failed: C:\Program Files\nodejs\node.exe -v
'C:\Program' is not recognized as an internal or external command,
operable program or batch file.

2026-03-09T09:40:25.401Z CLI info [debug-utility]   Verifying installation of BrowserStack SDK
2026-03-09T09:40:25.401Z CLI info [debug-utility]   BrowserStack SDK is installed
2026-03-09T09:40:25.401Z CLI info [debug-utility]          Detected BrowserStack SDK version: 1.50.1
2026-03-09T09:40:25.401Z CLI info [debug-utility]   Detecting frameworks used in the project
2026-03-09T09:40:25.401Z CLI info [debug-utility]   Framework detection completed
2026-03-09T09:40:25.401Z CLI info [debug-utility]          Detected frameworks with versions: {"@playwright/test":"1.58.2","@cucumber/cucumber":"11.3.0"}
2026-03-09T09:40:25.401Z CLI info [debug-utility]   

========================Version compatibility checks========================
2026-03-09T09:40:25.401Z CLI info [debug-utility]   Skipping version compatibility check due to incompatible setup detection.
2026-03-09T09:40:25.402Z CLI debug [debug-utility]   Sending data to EDS: {"event_type":"sdk_events","data":{"testhub_uuid":"","created_day":"2026-03-09T09:40:25.401 UTC","event_name":"SDK_DEBUG_UTILITY_REPORT","user_data":"kjavedirfan_eZBoq7","host_info":"{\"hostname\":\"pe2vdfqaper-018\",\"platform\":\"win32\",\"type\":\"Windows_NT\",\"version\":\"Windows 10 Enterprise\",\"arch\":\"x64\"}","event_json":{"cliArgs":"C:\\Users\\KSuvarna\\.browserstack\\cli\\binary-win-x64.exe C:\\snapshot\\browserstack-binary\\cli\\dist\\index.js sdk","cliVersion":"1.24.2","results":{"system_check":{"metadata":{},"status":true,"messages":[]},"parse_yml":{"metadata":{},"status":true,"messages":[]},"connectivity_check":{"metadata":{"proxySettings":""},"status":true,"messages":[]},"validate_yml":{"metadata":{},"status":true,"messages":[]},"parse_project_config":{"metadata":{"configFilePath":"C:\\Users\\KSuvarna\\Desktop\\follet-test-steps\\package.json"},"status":false,"messages":["Error occurred while detecting Node.js version: Command failed: C:\\Program Files\\nodejs\\node.exe -v\n'C:\\Program' is not recognized as an internal or external command,\r\noperable program or batch file.\r\n"]},"version_compatibility":{"metadata":{},"status":false,"messages":["skipped"]}},"projectDirectory":"C:\\Users\\KSuvarna\\Desktop\\follet-test-steps","bstackconfigFilePath":"C:\\Users\\KSuvarna\\Desktop\\follet-test-steps\\browserstack.yml","projectConfigFilePath":null,"userProxyConfig":null,"sdkVersion":"1.50.1","language":"node","languageVersion":null,"frameworks":{"@playwright/test":"1.58.2","@cucumber/cucumber":"11.3.0"}}}}
2026-03-09T09:40:25.438Z CLI debug [debug-utility]   Data sent successfully to https://eds.browserstack.com with response 200
2026-03-09T09:46:45.003Z CLI info [debug-utility]   Starting debug utility in non-interactive mode with options: {"projectDirectory":"C:\\Users\\KSuvarna\\Desktop\\follet-test-steps","language":"node","username":"kjavedirfan_eZBoq7","key":"wMYFrmsNHB7QEs1RBFu8","bstackconfigFilePath":"C:\\Users\\KSuvarna\\Desktop\\follet-test-steps\\browserstack.yml"}
2026-03-09T09:46:45.003Z CLI info [debug-utility]   ======================system permissions checks======================
2026-03-09T09:46:45.005Z CLI info [debug-utility]   Checking write permissions for directory: C:\Users\KSuvarna\Desktop\follet-test-steps
2026-03-09T09:46:45.006Z CLI info [debug-utility]   Write permissions check completed for directory: C:\Users\KSuvarna\Desktop\follet-test-steps
2026-03-09T09:46:45.006Z CLI info [debug-utility]   Checking write permissions for directory: C:\Users\KSuvarna\.browserstack
2026-03-09T09:46:45.006Z CLI info [debug-utility]   Write permissions check completed for directory: C:\Users\KSuvarna\.browserstack
2026-03-09T09:46:45.006Z CLI info [debug-utility]   

========================Detecting browserstack.yml========================
2026-03-09T09:46:45.009Z CLI info [debug-utility]   

========================connectivity checks========================
2026-03-09T09:46:45.010Z CLI info [debug-utility]   No proxy settings detected.
2026-03-09T09:46:45.010Z CLI info [debug-utility]   -------------------------------------------------
2026-03-09T09:46:45.010Z CLI info [debug-utility]   Host: api.browserstack.com
2026-03-09T09:46:45.010Z CLI info [debug-utility]   Checking connectivity to: https://api.browserstack.com/robots.txt without Proxy
2026-03-09T09:46:45.105Z CLI info [debug-utility]   Connectivity check completed for URL without Proxy: https://api.browserstack.com/robots.txt
2026-03-09T09:46:45.106Z CLI info [debug-utility]   -------------------------------------------------
2026-03-09T09:46:45.106Z CLI info [debug-utility]   Host: api-cloud.browserstack.com
2026-03-09T09:46:45.106Z CLI info [debug-utility]   Checking connectivity to: https://api-cloud.browserstack.com without Proxy
2026-03-09T09:46:45.308Z CLI info [debug-utility]   Connectivity check completed for URL without Proxy: https://api-cloud.browserstack.com
2026-03-09T09:46:45.308Z CLI info [debug-utility]   -------------------------------------------------
2026-03-09T09:46:45.308Z CLI info [debug-utility]   Host: www.browserstack.com
2026-03-09T09:46:45.308Z CLI info [debug-utility]   Checking connectivity to: https://www.browserstack.com/robots.txt without Proxy
2026-03-09T09:46:45.444Z CLI info [debug-utility]   Connectivity check completed for URL without Proxy: https://www.browserstack.com/robots.txt
2026-03-09T09:46:45.444Z CLI info [debug-utility]   -------------------------------------------------
2026-03-09T09:46:45.444Z CLI info [debug-utility]   Host: automate.browserstack.com
2026-03-09T09:46:45.444Z CLI info [debug-utility]   Checking connectivity to: https://automate.browserstack.com/robots.txt without Proxy
2026-03-09T09:46:45.569Z CLI info [debug-utility]   Connectivity check completed for URL without Proxy: https://automate.browserstack.com/robots.txt
2026-03-09T09:46:45.569Z CLI info [debug-utility]   -------------------------------------------------
2026-03-09T09:46:45.570Z CLI info [debug-utility]   Host: app-automate.browserstack.com
2026-03-09T09:46:45.570Z CLI info [debug-utility]   Checking connectivity to: https://app-automate.browserstack.com/robots.txt without Proxy
2026-03-09T09:46:45.722Z CLI info [debug-utility]   Connectivity check completed for URL without Proxy: https://app-automate.browserstack.com/robots.txt
2026-03-09T09:46:45.723Z CLI info [debug-utility]   -------------------------------------------------
2026-03-09T09:46:45.723Z CLI info [debug-utility]   Host: hub.browserstack.com
2026-03-09T09:46:45.723Z CLI info [debug-utility]   Checking connectivity to: https://hub.browserstack.com/wd/hub without Proxy
2026-03-09T09:46:45.766Z CLI info [debug-utility]   Connectivity check completed for URL without Proxy: https://hub.browserstack.com/wd/hub
2026-03-09T09:46:45.766Z CLI info [debug-utility]   -------------------------------------------------
2026-03-09T09:46:45.766Z CLI info [debug-utility]   Host: hub.browserstack.com
2026-03-09T09:46:45.766Z CLI info [debug-utility]   Checking connectivity to: http://hub.browserstack.com/wd/hub without Proxy
2026-03-09T09:46:45.814Z CLI info [debug-utility]   Connectivity check completed for URL without Proxy: http://hub.browserstack.com/wd/hub
2026-03-09T09:46:45.814Z CLI info [debug-utility]   -------------------------------------------------
2026-03-09T09:46:45.814Z CLI info [debug-utility]   Host: cdp.browserstack.com
2026-03-09T09:46:45.814Z CLI info [debug-utility]   Checking connectivity to: https://cdp.browserstack.com without Proxy
2026-03-09T09:46:45.935Z CLI info [debug-utility]   Connectivity check completed for URL without Proxy: https://cdp.browserstack.com
2026-03-09T09:46:45.936Z CLI info [debug-utility]   -------------------------------------------------
2026-03-09T09:46:45.936Z CLI info [debug-utility]   Host: upload-observability.browserstack.com
2026-03-09T09:46:45.936Z CLI info [debug-utility]   Checking connectivity to: https://upload-observability.browserstack.com without Proxy
2026-03-09T09:46:46.035Z CLI info [debug-utility]   Connectivity check completed for URL without Proxy: https://upload-observability.browserstack.com
2026-03-09T09:46:46.035Z CLI info [debug-utility]   -------------------------------------------------
2026-03-09T09:46:46.035Z CLI info [debug-utility]   Host: collector-observability.browserstack.com
2026-03-09T09:46:46.035Z CLI info [debug-utility]   Checking connectivity to: https://collector-observability.browserstack.com without Proxy
2026-03-09T09:46:46.155Z CLI info [debug-utility]   Connectivity check completed for URL without Proxy: https://collector-observability.browserstack.com
2026-03-09T09:46:46.155Z CLI info [debug-utility]   -------------------------------------------------
2026-03-09T09:46:46.156Z CLI info [debug-utility]   Host: eds.browserstack.com
2026-03-09T09:46:46.156Z CLI info [debug-utility]   Checking connectivity to: https://eds.browserstack.com without Proxy
2026-03-09T09:46:46.273Z CLI info [debug-utility]   Connectivity check completed for URL without Proxy: https://eds.browserstack.com
2026-03-09T09:46:46.273Z CLI info [debug-utility]   -------------------------------------------------
2026-03-09T09:46:46.273Z CLI info [debug-utility]   Host: sdk.browserstack.com
2026-03-09T09:46:46.274Z CLI info [debug-utility]   Checking connectivity to: https://sdk.browserstack.com without Proxy
2026-03-09T09:46:46.391Z CLI info [debug-utility]   Connectivity check completed for URL without Proxy: https://sdk.browserstack.com
2026-03-09T09:46:46.391Z CLI info [debug-utility]   
Connectivity check results summary:
2026-03-09T09:46:46.391Z CLI info [debug-utility]   All connectivity checks passed
2026-03-09T09:46:46.391Z CLI info [debug-utility]   

========================browserstack.yml checks========================
2026-03-09T09:46:46.391Z CLI info [debug-utility]   Validating browserstack.yml configuration
2026-03-09T09:46:46.392Z CLI info [debug-utility]   browserstack.yml configuration validation completed
2026-03-09T09:46:46.392Z CLI info [debug-utility]   

========================Project configuration checks========================
2026-03-09T09:46:47.679Z CLI info [debug-utility]   Detecting Node.js version used in the project
2026-03-09T09:46:47.809Z CLI info [debug-utility]   Node.js version detection failed
2026-03-09T09:46:47.809Z CLI error [debug-utility]          Error occurred while detecting Node.js version: Command failed: C:\Program Files\nodejs\node.exe -v
'C:\Program' is not recognized as an internal or external command,
operable program or batch file.

2026-03-09T09:46:47.809Z CLI info [debug-utility]   Verifying installation of BrowserStack SDK
2026-03-09T09:46:47.809Z CLI info [debug-utility]   BrowserStack SDK is installed
2026-03-09T09:46:47.809Z CLI info [debug-utility]          Detected BrowserStack SDK version: 1.50.1
2026-03-09T09:46:47.810Z CLI info [debug-utility]   Detecting frameworks used in the project
2026-03-09T09:46:47.810Z CLI info [debug-utility]   Framework detection completed
2026-03-09T09:46:47.810Z CLI info [debug-utility]          Detected frameworks with versions: {"@playwright/test":"1.58.2","@cucumber/cucumber":"11.3.0"}
2026-03-09T09:46:47.810Z CLI info [debug-utility]   

========================Version compatibility checks========================
2026-03-09T09:46:47.810Z CLI info [debug-utility]   Skipping version compatibility check due to incompatible setup detection.
2026-03-09T09:46:47.810Z CLI debug [debug-utility]   Sending data to EDS: {"event_type":"sdk_events","data":{"testhub_uuid":"","created_day":"2026-03-09T09:46:47.810 UTC","event_name":"SDK_DEBUG_UTILITY_REPORT","user_data":"kjavedirfan_eZBoq7","host_info":"{\"hostname\":\"pe2vdfqaper-018\",\"platform\":\"win32\",\"type\":\"Windows_NT\",\"version\":\"Windows 10 Enterprise\",\"arch\":\"x64\"}","event_json":{"cliArgs":"C:\\Users\\KSuvarna\\.browserstack\\cli\\binary-win-x64.exe C:\\snapshot\\browserstack-binary\\cli\\dist\\index.js sdk","cliVersion":"1.24.2","results":{"system_check":{"metadata":{},"status":true,"messages":[]},"parse_yml":{"metadata":{},"status":true,"messages":[]},"connectivity_check":{"metadata":{"proxySettings":""},"status":true,"messages":[]},"validate_yml":{"metadata":{},"status":true,"messages":[]},"parse_project_config":{"metadata":{"configFilePath":"C:\\Users\\KSuvarna\\Desktop\\follet-test-steps\\package.json"},"status":false,"messages":["Error occurred while detecting Node.js version: Command failed: C:\\Program Files\\nodejs\\node.exe -v\n'C:\\Program' is not recognized as an internal or external command,\r\noperable program or batch file.\r\n"]},"version_compatibility":{"metadata":{},"status":false,"messages":["skipped"]}},"projectDirectory":"C:\\Users\\KSuvarna\\Desktop\\follet-test-steps","bstackconfigFilePath":"C:\\Users\\KSuvarna\\Desktop\\follet-test-steps\\browserstack.yml","projectConfigFilePath":null,"userProxyConfig":null,"sdkVersion":"1.50.1","language":"node","languageVersion":null,"frameworks":{"@playwright/test":"1.58.2","@cucumber/cucumber":"11.3.0"}}}}
2026-03-09T09:46:47.847Z CLI debug [debug-utility]   Data sent successfully to https://eds.browserstack.com with response 200
2026-03-09T10:24:11.253Z CLI info [debug-utility]   Starting debug utility in non-interactive mode with options: {"projectDirectory":"C:\\Users\\KSuvarna\\Desktop\\follet-test-steps","language":"node","username":"kjavedirfan_eZBoq7","key":"wMYFrmsNHB7QEs1RBFu8","bstackconfigFilePath":"C:\\Users\\KSuvarna\\Desktop\\follet-test-steps\\browserstack.yml"}
2026-03-09T10:24:11.254Z CLI info [debug-utility]   ======================system permissions checks======================
2026-03-09T10:24:11.256Z CLI info [debug-utility]   Checking write permissions for directory: C:\Users\KSuvarna\Desktop\follet-test-steps
2026-03-09T10:24:11.256Z CLI info [debug-utility]   Write permissions check completed for directory: C:\Users\KSuvarna\Desktop\follet-test-steps
2026-03-09T10:24:11.257Z CLI info [debug-utility]   Checking write permissions for directory: C:\Users\KSuvarna\.browserstack
2026-03-09T10:24:11.257Z CLI info [debug-utility]   Write permissions check completed for directory: C:\Users\KSuvarna\.browserstack
2026-03-09T10:24:11.257Z CLI info [debug-utility]   

========================Detecting browserstack.yml========================
2026-03-09T10:24:11.260Z CLI info [debug-utility]   

========================connectivity checks========================
2026-03-09T10:24:11.260Z CLI info [debug-utility]   No proxy settings detected.
2026-03-09T10:24:11.260Z CLI info [debug-utility]   -------------------------------------------------
2026-03-09T10:24:11.260Z CLI info [debug-utility]   Host: api.browserstack.com
2026-03-09T10:24:11.261Z CLI info [debug-utility]   Checking connectivity to: https://api.browserstack.com/robots.txt without Proxy
2026-03-09T10:24:11.360Z CLI info [debug-utility]   Connectivity check completed for URL without Proxy: https://api.browserstack.com/robots.txt
2026-03-09T10:24:11.361Z CLI info [debug-utility]   -------------------------------------------------
2026-03-09T10:24:11.361Z CLI info [debug-utility]   Host: api-cloud.browserstack.com
2026-03-09T10:24:11.361Z CLI info [debug-utility]   Checking connectivity to: https://api-cloud.browserstack.com without Proxy
2026-03-09T10:24:11.588Z CLI info [debug-utility]   Connectivity check completed for URL without Proxy: https://api-cloud.browserstack.com
2026-03-09T10:24:11.589Z CLI info [debug-utility]   -------------------------------------------------
2026-03-09T10:24:11.589Z CLI info [debug-utility]   Host: www.browserstack.com
2026-03-09T10:24:11.589Z CLI info [debug-utility]   Checking connectivity to: https://www.browserstack.com/robots.txt without Proxy
2026-03-09T10:24:11.715Z CLI info [debug-utility]   Connectivity check completed for URL without Proxy: https://www.browserstack.com/robots.txt
2026-03-09T10:24:11.715Z CLI info [debug-utility]   -------------------------------------------------
2026-03-09T10:24:11.716Z CLI info [debug-utility]   Host: automate.browserstack.com
2026-03-09T10:24:11.716Z CLI info [debug-utility]   Checking connectivity to: https://automate.browserstack.com/robots.txt without Proxy
2026-03-09T10:24:11.868Z CLI info [debug-utility]   Connectivity check completed for URL without Proxy: https://automate.browserstack.com/robots.txt
2026-03-09T10:24:11.868Z CLI info [debug-utility]   -------------------------------------------------
2026-03-09T10:24:11.869Z CLI info [debug-utility]   Host: app-automate.browserstack.com
2026-03-09T10:24:11.869Z CLI info [debug-utility]   Checking connectivity to: https://app-automate.browserstack.com/robots.txt without Proxy
2026-03-09T10:24:12.016Z CLI info [debug-utility]   Connectivity check completed for URL without Proxy: https://app-automate.browserstack.com/robots.txt
2026-03-09T10:24:12.016Z CLI info [debug-utility]   -------------------------------------------------
2026-03-09T10:24:12.017Z CLI info [debug-utility]   Host: hub.browserstack.com
2026-03-09T10:24:12.017Z CLI info [debug-utility]   Checking connectivity to: https://hub.browserstack.com/wd/hub without Proxy
2026-03-09T10:24:12.059Z CLI info [debug-utility]   Connectivity check completed for URL without Proxy: https://hub.browserstack.com/wd/hub
2026-03-09T10:24:12.059Z CLI info [debug-utility]   -------------------------------------------------
2026-03-09T10:24:12.059Z CLI info [debug-utility]   Host: hub.browserstack.com
2026-03-09T10:24:12.059Z CLI info [debug-utility]   Checking connectivity to: http://hub.browserstack.com/wd/hub without Proxy
2026-03-09T10:24:12.178Z CLI info [debug-utility]   Connectivity check completed for URL without Proxy: http://hub.browserstack.com/wd/hub
2026-03-09T10:24:12.178Z CLI info [debug-utility]   -------------------------------------------------
2026-03-09T10:24:12.178Z CLI info [debug-utility]   Host: cdp.browserstack.com
2026-03-09T10:24:12.178Z CLI info [debug-utility]   Checking connectivity to: https://cdp.browserstack.com without Proxy
2026-03-09T10:24:12.297Z CLI info [debug-utility]   Connectivity check completed for URL without Proxy: https://cdp.browserstack.com
2026-03-09T10:24:12.297Z CLI info [debug-utility]   -------------------------------------------------
2026-03-09T10:24:12.297Z CLI info [debug-utility]   Host: upload-observability.browserstack.com
2026-03-09T10:24:12.297Z CLI info [debug-utility]   Checking connectivity to: https://upload-observability.browserstack.com without Proxy
2026-03-09T10:24:12.492Z CLI info [debug-utility]   Connectivity check completed for URL without Proxy: https://upload-observability.browserstack.com
2026-03-09T10:24:12.492Z CLI info [debug-utility]   -------------------------------------------------
2026-03-09T10:24:12.492Z CLI info [debug-utility]   Host: collector-observability.browserstack.com
2026-03-09T10:24:12.492Z CLI info [debug-utility]   Checking connectivity to: https://collector-observability.browserstack.com without Proxy
2026-03-09T10:24:12.576Z CLI info [debug-utility]   Connectivity check completed for URL without Proxy: https://collector-observability.browserstack.com
2026-03-09T10:24:12.576Z CLI info [debug-utility]   -------------------------------------------------
2026-03-09T10:24:12.576Z CLI info [debug-utility]   Host: eds.browserstack.com
2026-03-09T10:24:12.576Z CLI info [debug-utility]   Checking connectivity to: https://eds.browserstack.com without Proxy
2026-03-09T10:24:12.623Z CLI info [debug-utility]   Connectivity check completed for URL without Proxy: https://eds.browserstack.com
2026-03-09T10:24:12.623Z CLI info [debug-utility]   -------------------------------------------------
2026-03-09T10:24:12.623Z CLI info [debug-utility]   Host: sdk.browserstack.com
2026-03-09T10:24:12.623Z CLI info [debug-utility]   Checking connectivity to: https://sdk.browserstack.com without Proxy
2026-03-09T10:24:12.751Z CLI info [debug-utility]   Connectivity check completed for URL without Proxy: https://sdk.browserstack.com
2026-03-09T10:24:12.752Z CLI info [debug-utility]   
Connectivity check results summary:
2026-03-09T10:24:12.752Z CLI info [debug-utility]   All connectivity checks passed
2026-03-09T10:24:12.752Z CLI info [debug-utility]   

========================browserstack.yml checks========================
2026-03-09T10:24:12.752Z CLI info [debug-utility]   Validating browserstack.yml configuration
2026-03-09T10:24:12.752Z CLI info [debug-utility]   browserstack.yml configuration validation completed
2026-03-09T10:24:12.752Z CLI info [debug-utility]   

========================Project configuration checks========================
2026-03-09T10:24:13.977Z CLI info [debug-utility]   Detecting Node.js version used in the project
2026-03-09T10:24:14.138Z CLI info [debug-utility]   Node.js version detection failed
2026-03-09T10:24:14.138Z CLI error [debug-utility]          Error occurred while detecting Node.js version: Command failed: C:\Program Files\nodejs\node.exe -v
'C:\Program' is not recognized as an internal or external command,
operable program or batch file.

2026-03-09T10:24:14.138Z CLI info [debug-utility]   Verifying installation of BrowserStack SDK
2026-03-09T10:24:14.138Z CLI info [debug-utility]   BrowserStack SDK is installed
2026-03-09T10:24:14.139Z CLI info [debug-utility]          Detected BrowserStack SDK version: 1.50.1
2026-03-09T10:24:14.139Z CLI info [debug-utility]   Detecting frameworks used in the project
2026-03-09T10:24:14.139Z CLI info [debug-utility]   Framework detection completed
2026-03-09T10:24:14.139Z CLI info [debug-utility]          Detected frameworks with versions: {"@playwright/test":"1.58.2","@cucumber/cucumber":"11.3.0"}
2026-03-09T10:24:14.139Z CLI info [debug-utility]   

========================Version compatibility checks========================
2026-03-09T10:24:14.139Z CLI info [debug-utility]   Skipping version compatibility check due to incompatible setup detection.
2026-03-09T10:24:14.139Z CLI debug [debug-utility]   Sending data to EDS: {"event_type":"sdk_events","data":{"testhub_uuid":"","created_day":"2026-03-09T10:24:14.139 UTC","event_name":"SDK_DEBUG_UTILITY_REPORT","user_data":"kjavedirfan_eZBoq7","host_info":"{\"hostname\":\"pe2vdfqaper-018\",\"platform\":\"win32\",\"type\":\"Windows_NT\",\"version\":\"Windows 10 Enterprise\",\"arch\":\"x64\"}","event_json":{"cliArgs":"C:\\Users\\KSuvarna\\.browserstack\\cli\\binary-win-x64.exe C:\\snapshot\\browserstack-binary\\cli\\dist\\index.js sdk","cliVersion":"1.24.2","results":{"system_check":{"metadata":{},"status":true,"messages":[]},"parse_yml":{"metadata":{},"status":true,"messages":[]},"connectivity_check":{"metadata":{"proxySettings":""},"status":true,"messages":[]},"validate_yml":{"metadata":{},"status":true,"messages":[]},"parse_project_config":{"metadata":{"configFilePath":"C:\\Users\\KSuvarna\\Desktop\\follet-test-steps\\package.json"},"status":false,"messages":["Error occurred while detecting Node.js version: Command failed: C:\\Program Files\\nodejs\\node.exe -v\n'C:\\Program' is not recognized as an internal or external command,\r\noperable program or batch file.\r\n"]},"version_compatibility":{"metadata":{},"status":false,"messages":["skipped"]}},"projectDirectory":"C:\\Users\\KSuvarna\\Desktop\\follet-test-steps","bstackconfigFilePath":"C:\\Users\\KSuvarna\\Desktop\\follet-test-steps\\browserstack.yml","projectConfigFilePath":null,"userProxyConfig":null,"sdkVersion":"1.50.1","language":"node","languageVersion":null,"frameworks":{"@playwright/test":"1.58.2","@cucumber/cucumber":"11.3.0"}}}}
2026-03-09T10:24:14.170Z CLI debug [debug-utility]   Data sent successfully to https://eds.browserstack.com with response 200
2026-03-09T10:28:05.221Z CLI info [debug-utility]   Starting debug utility in non-interactive mode with options: {"projectDirectory":"C:\\Users\\KSuvarna\\Desktop\\follet-test-steps","language":"node","username":"kjavedirfan_eZBoq7","key":"wMYFrmsNHB7QEs1RBFu8","bstackconfigFilePath":"C:\\Users\\KSuvarna\\Desktop\\follet-test-steps\\browserstack.yml"}
2026-03-09T10:28:05.222Z CLI info [debug-utility]   ======================system permissions checks======================
2026-03-09T10:28:05.223Z CLI info [debug-utility]   Checking write permissions for directory: C:\Users\KSuvarna\Desktop\follet-test-steps
2026-03-09T10:28:05.223Z CLI info [debug-utility]   Write permissions check completed for directory: C:\Users\KSuvarna\Desktop\follet-test-steps
2026-03-09T10:28:05.223Z CLI info [debug-utility]   Checking write permissions for directory: C:\Users\KSuvarna\.browserstack
2026-03-09T10:28:05.224Z CLI info [debug-utility]   Write permissions check completed for directory: C:\Users\KSuvarna\.browserstack
2026-03-09T10:28:05.224Z CLI info [debug-utility]   

========================Detecting browserstack.yml========================
2026-03-09T10:28:05.227Z CLI info [debug-utility]   

========================connectivity checks========================
2026-03-09T10:28:05.227Z CLI info [debug-utility]   No proxy settings detected.
2026-03-09T10:28:05.227Z CLI info [debug-utility]   -------------------------------------------------
2026-03-09T10:28:05.227Z CLI info [debug-utility]   Host: api.browserstack.com
2026-03-09T10:28:05.227Z CLI info [debug-utility]   Checking connectivity to: https://api.browserstack.com/robots.txt without Proxy
2026-03-09T10:28:05.333Z CLI info [debug-utility]   Connectivity check completed for URL without Proxy: https://api.browserstack.com/robots.txt
2026-03-09T10:28:05.333Z CLI info [debug-utility]   -------------------------------------------------
2026-03-09T10:28:05.334Z CLI info [debug-utility]   Host: api-cloud.browserstack.com
2026-03-09T10:28:05.334Z CLI info [debug-utility]   Checking connectivity to: https://api-cloud.browserstack.com without Proxy
2026-03-09T10:28:05.546Z CLI info [debug-utility]   Connectivity check completed for URL without Proxy: https://api-cloud.browserstack.com
2026-03-09T10:28:05.546Z CLI info [debug-utility]   -------------------------------------------------
2026-03-09T10:28:05.546Z CLI info [debug-utility]   Host: www.browserstack.com
2026-03-09T10:28:05.546Z CLI info [debug-utility]   Checking connectivity to: https://www.browserstack.com/robots.txt without Proxy
2026-03-09T10:28:05.615Z CLI info [debug-utility]   Connectivity check completed for URL without Proxy: https://www.browserstack.com/robots.txt
2026-03-09T10:28:05.615Z CLI info [debug-utility]   -------------------------------------------------
2026-03-09T10:28:05.615Z CLI info [debug-utility]   Host: automate.browserstack.com
2026-03-09T10:28:05.615Z CLI info [debug-utility]   Checking connectivity to: https://automate.browserstack.com/robots.txt without Proxy
2026-03-09T10:28:05.755Z CLI info [debug-utility]   Connectivity check completed for URL without Proxy: https://automate.browserstack.com/robots.txt
2026-03-09T10:28:05.755Z CLI info [debug-utility]   -------------------------------------------------
2026-03-09T10:28:05.756Z CLI info [debug-utility]   Host: app-automate.browserstack.com
2026-03-09T10:28:05.756Z CLI info [debug-utility]   Checking connectivity to: https://app-automate.browserstack.com/robots.txt without Proxy
2026-03-09T10:28:05.890Z CLI info [debug-utility]   Connectivity check completed for URL without Proxy: https://app-automate.browserstack.com/robots.txt
2026-03-09T10:28:05.890Z CLI info [debug-utility]   -------------------------------------------------
2026-03-09T10:28:05.890Z CLI info [debug-utility]   Host: hub.browserstack.com
2026-03-09T10:28:05.890Z CLI info [debug-utility]   Checking connectivity to: https://hub.browserstack.com/wd/hub without Proxy
2026-03-09T10:28:05.946Z CLI info [debug-utility]   Connectivity check completed for URL without Proxy: https://hub.browserstack.com/wd/hub
2026-03-09T10:28:05.946Z CLI info [debug-utility]   -------------------------------------------------
2026-03-09T10:28:05.946Z CLI info [debug-utility]   Host: hub.browserstack.com
2026-03-09T10:28:05.947Z CLI info [debug-utility]   Checking connectivity to: http://hub.browserstack.com/wd/hub without Proxy
2026-03-09T10:28:05.973Z CLI info [debug-utility]   Connectivity check completed for URL without Proxy: http://hub.browserstack.com/wd/hub
2026-03-09T10:28:05.973Z CLI info [debug-utility]   -------------------------------------------------
2026-03-09T10:28:05.973Z CLI info [debug-utility]   Host: cdp.browserstack.com
2026-03-09T10:28:05.973Z CLI info [debug-utility]   Checking connectivity to: https://cdp.browserstack.com without Proxy
2026-03-09T10:28:06.098Z CLI info [debug-utility]   Connectivity check completed for URL without Proxy: https://cdp.browserstack.com
2026-03-09T10:28:06.098Z CLI info [debug-utility]   -------------------------------------------------
2026-03-09T10:28:06.098Z CLI info [debug-utility]   Host: upload-observability.browserstack.com
2026-03-09T10:28:06.098Z CLI info [debug-utility]   Checking connectivity to: https://upload-observability.browserstack.com without Proxy
2026-03-09T10:28:06.194Z CLI info [debug-utility]   Connectivity check completed for URL without Proxy: https://upload-observability.browserstack.com
2026-03-09T10:28:06.194Z CLI info [debug-utility]   -------------------------------------------------
2026-03-09T10:28:06.194Z CLI info [debug-utility]   Host: collector-observability.browserstack.com
2026-03-09T10:28:06.194Z CLI info [debug-utility]   Checking connectivity to: https://collector-observability.browserstack.com without Proxy
2026-03-09T10:28:06.274Z CLI info [debug-utility]   Connectivity check completed for URL without Proxy: https://collector-observability.browserstack.com
2026-03-09T10:28:06.274Z CLI info [debug-utility]   -------------------------------------------------
2026-03-09T10:28:06.274Z CLI info [debug-utility]   Host: eds.browserstack.com
2026-03-09T10:28:06.274Z CLI info [debug-utility]   Checking connectivity to: https://eds.browserstack.com without Proxy
2026-03-09T10:28:06.388Z CLI info [debug-utility]   Connectivity check completed for URL without Proxy: https://eds.browserstack.com
2026-03-09T10:28:06.388Z CLI info [debug-utility]   -------------------------------------------------
2026-03-09T10:28:06.388Z CLI info [debug-utility]   Host: sdk.browserstack.com
2026-03-09T10:28:06.388Z CLI info [debug-utility]   Checking connectivity to: https://sdk.browserstack.com without Proxy
2026-03-09T10:28:06.503Z CLI info [debug-utility]   Connectivity check completed for URL without Proxy: https://sdk.browserstack.com
2026-03-09T10:28:06.504Z CLI info [debug-utility]   
Connectivity check results summary:
2026-03-09T10:28:06.504Z CLI info [debug-utility]   All connectivity checks passed
2026-03-09T10:28:06.504Z CLI info [debug-utility]   

========================browserstack.yml checks========================
2026-03-09T10:28:06.504Z CLI info [debug-utility]   Validating browserstack.yml configuration
2026-03-09T10:28:06.504Z CLI info [debug-utility]   browserstack.yml configuration validation completed
2026-03-09T10:28:06.504Z CLI info [debug-utility]   

========================Project configuration checks========================
2026-03-09T10:28:07.773Z CLI info [debug-utility]   Detecting Node.js version used in the project
2026-03-09T10:28:07.916Z CLI info [debug-utility]   Node.js version detection failed
2026-03-09T10:28:07.916Z CLI error [debug-utility]          Error occurred while detecting Node.js version: Command failed: C:\Program Files\nodejs\node.exe -v
'C:\Program' is not recognized as an internal or external command,
operable program or batch file.

2026-03-09T10:28:07.916Z CLI info [debug-utility]   Verifying installation of BrowserStack SDK
2026-03-09T10:28:07.917Z CLI info [debug-utility]   BrowserStack SDK is installed
2026-03-09T10:28:07.917Z CLI info [debug-utility]          Detected BrowserStack SDK version: 1.50.1
2026-03-09T10:28:07.917Z CLI info [debug-utility]   Detecting frameworks used in the project
2026-03-09T10:28:07.917Z CLI info [debug-utility]   Framework detection completed
2026-03-09T10:28:07.917Z CLI info [debug-utility]          Detected frameworks with versions: {"@playwright/test":"1.58.2","@cucumber/cucumber":"11.3.0"}
2026-03-09T10:28:07.917Z CLI info [debug-utility]   

========================Version compatibility checks========================
2026-03-09T10:28:07.917Z CLI info [debug-utility]   Skipping version compatibility check due to incompatible setup detection.
2026-03-09T10:28:07.918Z CLI debug [debug-utility]   Sending data to EDS: {"event_type":"sdk_events","data":{"testhub_uuid":"","created_day":"2026-03-09T10:28:07.917 UTC","event_name":"SDK_DEBUG_UTILITY_REPORT","user_data":"kjavedirfan_eZBoq7","host_info":"{\"hostname\":\"pe2vdfqaper-018\",\"platform\":\"win32\",\"type\":\"Windows_NT\",\"version\":\"Windows 10 Enterprise\",\"arch\":\"x64\"}","event_json":{"cliArgs":"C:\\Users\\KSuvarna\\.browserstack\\cli\\binary-win-x64.exe C:\\snapshot\\browserstack-binary\\cli\\dist\\index.js sdk","cliVersion":"1.24.2","results":{"system_check":{"metadata":{},"status":true,"messages":[]},"parse_yml":{"metadata":{},"status":true,"messages":[]},"connectivity_check":{"metadata":{"proxySettings":""},"status":true,"messages":[]},"validate_yml":{"metadata":{},"status":true,"messages":[]},"parse_project_config":{"metadata":{"configFilePath":"C:\\Users\\KSuvarna\\Desktop\\follet-test-steps\\package.json"},"status":false,"messages":["Error occurred while detecting Node.js version: Command failed: C:\\Program Files\\nodejs\\node.exe -v\n'C:\\Program' is not recognized as an internal or external command,\r\noperable program or batch file.\r\n"]},"version_compatibility":{"metadata":{},"status":false,"messages":["skipped"]}},"projectDirectory":"C:\\Users\\KSuvarna\\Desktop\\follet-test-steps","bstackconfigFilePath":"C:\\Users\\KSuvarna\\Desktop\\follet-test-steps\\browserstack.yml","projectConfigFilePath":null,"userProxyConfig":null,"sdkVersion":"1.50.1","language":"node","languageVersion":null,"frameworks":{"@playwright/test":"1.58.2","@cucumber/cucumber":"11.3.0"}}}}
2026-03-09T10:28:07.951Z CLI debug [debug-utility]   Data sent successfully to https://eds.browserstack.com with response 200
2026-03-09T10:32:14.965Z CLI info [debug-utility]   Starting debug utility in non-interactive mode with options: {"projectDirectory":"C:\\Users\\KSuvarna\\Desktop\\follet-test-steps","language":"node","username":"kjavedirfan_eZBoq7","key":"wMYFrmsNHB7QEs1RBFu8","bstackconfigFilePath":"C:\\Users\\KSuvarna\\Desktop\\follet-test-steps\\browserstack.yml"}
2026-03-09T10:32:14.966Z CLI info [debug-utility]   ======================system permissions checks======================
2026-03-09T10:32:14.967Z CLI info [debug-utility]   Checking write permissions for directory: C:\Users\KSuvarna\Desktop\follet-test-steps
2026-03-09T10:32:14.967Z CLI info [debug-utility]   Write permissions check completed for directory: C:\Users\KSuvarna\Desktop\follet-test-steps
2026-03-09T10:32:14.967Z CLI info [debug-utility]   Checking write permissions for directory: C:\Users\KSuvarna\.browserstack
2026-03-09T10:32:14.968Z CLI info [debug-utility]   Write permissions check completed for directory: C:\Users\KSuvarna\.browserstack
2026-03-09T10:32:14.968Z CLI info [debug-utility]   

========================Detecting browserstack.yml========================
2026-03-09T10:32:14.971Z CLI info [debug-utility]   

========================connectivity checks========================
2026-03-09T10:32:14.971Z CLI info [debug-utility]   No proxy settings detected.
2026-03-09T10:32:14.971Z CLI info [debug-utility]   -------------------------------------------------
2026-03-09T10:32:14.971Z CLI info [debug-utility]   Host: api.browserstack.com
2026-03-09T10:32:14.971Z CLI info [debug-utility]   Checking connectivity to: https://api.browserstack.com/robots.txt without Proxy
2026-03-09T10:32:15.112Z CLI info [debug-utility]   Connectivity check completed for URL without Proxy: https://api.browserstack.com/robots.txt
2026-03-09T10:32:15.112Z CLI info [debug-utility]   -------------------------------------------------
2026-03-09T10:32:15.113Z CLI info [debug-utility]   Host: api-cloud.browserstack.com
2026-03-09T10:32:15.113Z CLI info [debug-utility]   Checking connectivity to: https://api-cloud.browserstack.com without Proxy
2026-03-09T10:32:15.288Z CLI info [debug-utility]   Connectivity check completed for URL without Proxy: https://api-cloud.browserstack.com
2026-03-09T10:32:15.288Z CLI info [debug-utility]   -------------------------------------------------
2026-03-09T10:32:15.288Z CLI info [debug-utility]   Host: www.browserstack.com
2026-03-09T10:32:15.288Z CLI info [debug-utility]   Checking connectivity to: https://www.browserstack.com/robots.txt without Proxy
2026-03-09T10:32:15.449Z CLI info [debug-utility]   Connectivity check completed for URL without Proxy: https://www.browserstack.com/robots.txt
2026-03-09T10:32:15.449Z CLI info [debug-utility]   -------------------------------------------------
2026-03-09T10:32:15.449Z CLI info [debug-utility]   Host: automate.browserstack.com
2026-03-09T10:32:15.449Z CLI info [debug-utility]   Checking connectivity to: https://automate.browserstack.com/robots.txt without Proxy
2026-03-09T10:32:15.597Z CLI info [debug-utility]   Connectivity check completed for URL without Proxy: https://automate.browserstack.com/robots.txt
2026-03-09T10:32:15.597Z CLI info [debug-utility]   -------------------------------------------------
2026-03-09T10:32:15.598Z CLI info [debug-utility]   Host: app-automate.browserstack.com
2026-03-09T10:32:15.598Z CLI info [debug-utility]   Checking connectivity to: https://app-automate.browserstack.com/robots.txt without Proxy
2026-03-09T10:32:15.746Z CLI info [debug-utility]   Connectivity check completed for URL without Proxy: https://app-automate.browserstack.com/robots.txt
2026-03-09T10:32:15.746Z CLI info [debug-utility]   -------------------------------------------------
2026-03-09T10:32:15.746Z CLI info [debug-utility]   Host: hub.browserstack.com
2026-03-09T10:32:15.746Z CLI info [debug-utility]   Checking connectivity to: https://hub.browserstack.com/wd/hub without Proxy
2026-03-09T10:32:15.785Z CLI info [debug-utility]   Connectivity check completed for URL without Proxy: https://hub.browserstack.com/wd/hub
2026-03-09T10:32:15.786Z CLI info [debug-utility]   -------------------------------------------------
2026-03-09T10:32:15.786Z CLI info [debug-utility]   Host: hub.browserstack.com
2026-03-09T10:32:15.786Z CLI info [debug-utility]   Checking connectivity to: http://hub.browserstack.com/wd/hub without Proxy
2026-03-09T10:32:15.809Z CLI info [debug-utility]   Connectivity check completed for URL without Proxy: http://hub.browserstack.com/wd/hub
2026-03-09T10:32:15.809Z CLI info [debug-utility]   -------------------------------------------------
2026-03-09T10:32:15.809Z CLI info [debug-utility]   Host: cdp.browserstack.com
2026-03-09T10:32:15.809Z CLI info [debug-utility]   Checking connectivity to: https://cdp.browserstack.com without Proxy
2026-03-09T10:32:15.902Z CLI info [debug-utility]   Connectivity check completed for URL without Proxy: https://cdp.browserstack.com
2026-03-09T10:32:15.902Z CLI info [debug-utility]   -------------------------------------------------
2026-03-09T10:32:15.903Z CLI info [debug-utility]   Host: upload-observability.browserstack.com
2026-03-09T10:32:15.903Z CLI info [debug-utility]   Checking connectivity to: https://upload-observability.browserstack.com without Proxy
2026-03-09T10:32:16.006Z CLI info [debug-utility]   Connectivity check completed for URL without Proxy: https://upload-observability.browserstack.com
2026-03-09T10:32:16.007Z CLI info [debug-utility]   -------------------------------------------------
2026-03-09T10:32:16.007Z CLI info [debug-utility]   Host: collector-observability.browserstack.com
2026-03-09T10:32:16.007Z CLI info [debug-utility]   Checking connectivity to: https://collector-observability.browserstack.com without Proxy
2026-03-09T10:32:16.108Z CLI info [debug-utility]   Connectivity check completed for URL without Proxy: https://collector-observability.browserstack.com
2026-03-09T10:32:16.108Z CLI info [debug-utility]   -------------------------------------------------
2026-03-09T10:32:16.108Z CLI info [debug-utility]   Host: eds.browserstack.com
2026-03-09T10:32:16.108Z CLI info [debug-utility]   Checking connectivity to: https://eds.browserstack.com without Proxy
2026-03-09T10:32:16.155Z CLI info [debug-utility]   Connectivity check completed for URL without Proxy: https://eds.browserstack.com
2026-03-09T10:32:16.155Z CLI info [debug-utility]   -------------------------------------------------
2026-03-09T10:32:16.155Z CLI info [debug-utility]   Host: sdk.browserstack.com
2026-03-09T10:32:16.155Z CLI info [debug-utility]   Checking connectivity to: https://sdk.browserstack.com without Proxy
2026-03-09T10:32:16.282Z CLI info [debug-utility]   Connectivity check completed for URL without Proxy: https://sdk.browserstack.com
2026-03-09T10:32:16.282Z CLI info [debug-utility]   
Connectivity check results summary:
2026-03-09T10:32:16.282Z CLI info [debug-utility]   All connectivity checks passed
2026-03-09T10:32:16.282Z CLI info [debug-utility]   

========================browserstack.yml checks========================
2026-03-09T10:32:16.282Z CLI info [debug-utility]   Validating browserstack.yml configuration
2026-03-09T10:32:16.283Z CLI info [debug-utility]   browserstack.yml configuration validation completed
2026-03-09T10:32:16.283Z CLI info [debug-utility]   

========================Project configuration checks========================
2026-03-09T10:32:17.529Z CLI info [debug-utility]   Detecting Node.js version used in the project
2026-03-09T10:32:17.673Z CLI info [debug-utility]   Node.js version detection failed
2026-03-09T10:32:17.673Z CLI error [debug-utility]          Error occurred while detecting Node.js version: Command failed: C:\Program Files\nodejs\node.exe -v
'C:\Program' is not recognized as an internal or external command,
operable program or batch file.

2026-03-09T10:32:17.673Z CLI info [debug-utility]   Verifying installation of BrowserStack SDK
2026-03-09T10:32:17.673Z CLI info [debug-utility]   BrowserStack SDK is installed
2026-03-09T10:32:17.674Z CLI info [debug-utility]          Detected BrowserStack SDK version: 1.50.1
2026-03-09T10:32:17.674Z CLI info [debug-utility]   Detecting frameworks used in the project
2026-03-09T10:32:17.674Z CLI info [debug-utility]   Framework detection completed
2026-03-09T10:32:17.674Z CLI info [debug-utility]          Detected frameworks with versions: {"@playwright/test":"1.58.2","@cucumber/cucumber":"11.3.0"}
2026-03-09T10:32:17.674Z CLI info [debug-utility]   

========================Version compatibility checks========================
2026-03-09T10:32:17.674Z CLI info [debug-utility]   Skipping version compatibility check due to incompatible setup detection.
2026-03-09T10:32:17.675Z CLI debug [debug-utility]   Sending data to EDS: {"event_type":"sdk_events","data":{"testhub_uuid":"","created_day":"2026-03-09T10:32:17.674 UTC","event_name":"SDK_DEBUG_UTILITY_REPORT","user_data":"kjavedirfan_eZBoq7","host_info":"{\"hostname\":\"pe2vdfqaper-018\",\"platform\":\"win32\",\"type\":\"Windows_NT\",\"version\":\"Windows 10 Enterprise\",\"arch\":\"x64\"}","event_json":{"cliArgs":"C:\\Users\\KSuvarna\\.browserstack\\cli\\binary-win-x64.exe C:\\snapshot\\browserstack-binary\\cli\\dist\\index.js sdk","cliVersion":"1.24.2","results":{"system_check":{"metadata":{},"status":true,"messages":[]},"parse_yml":{"metadata":{},"status":true,"messages":[]},"connectivity_check":{"metadata":{"proxySettings":""},"status":true,"messages":[]},"validate_yml":{"metadata":{},"status":true,"messages":[]},"parse_project_config":{"metadata":{"configFilePath":"C:\\Users\\KSuvarna\\Desktop\\follet-test-steps\\package.json"},"status":false,"messages":["Error occurred while detecting Node.js version: Command failed: C:\\Program Files\\nodejs\\node.exe -v\n'C:\\Program' is not recognized as an internal or external command,\r\noperable program or batch file.\r\n"]},"version_compatibility":{"metadata":{},"status":false,"messages":["skipped"]}},"projectDirectory":"C:\\Users\\KSuvarna\\Desktop\\follet-test-steps","bstackconfigFilePath":"C:\\Users\\KSuvarna\\Desktop\\follet-test-steps\\browserstack.yml","projectConfigFilePath":null,"userProxyConfig":null,"sdkVersion":"1.50.1","language":"node","languageVersion":null,"frameworks":{"@playwright/test":"1.58.2","@cucumber/cucumber":"11.3.0"}}}}
2026-03-09T10:32:17.733Z CLI debug [debug-utility]   Data sent successfully to https://eds.browserstack.com with response 200
2026-03-09T10:35:20.259Z CLI info [debug-utility]   Starting debug utility in non-interactive mode with options: {"projectDirectory":"C:\\Users\\KSuvarna\\Desktop\\follet-test-steps","language":"node","username":"kjavedirfan_eZBoq7","key":"wMYFrmsNHB7QEs1RBFu8","bstackconfigFilePath":"C:\\Users\\KSuvarna\\Desktop\\follet-test-steps\\browserstack.yml"}
2026-03-09T10:35:20.260Z CLI info [debug-utility]   ======================system permissions checks======================
2026-03-09T10:35:20.261Z CLI info [debug-utility]   Checking write permissions for directory: C:\Users\KSuvarna\Desktop\follet-test-steps
2026-03-09T10:35:20.261Z CLI info [debug-utility]   Write permissions check completed for directory: C:\Users\KSuvarna\Desktop\follet-test-steps
2026-03-09T10:35:20.261Z CLI info [debug-utility]   Checking write permissions for directory: C:\Users\KSuvarna\.browserstack
2026-03-09T10:35:20.262Z CLI info [debug-utility]   Write permissions check completed for directory: C:\Users\KSuvarna\.browserstack
2026-03-09T10:35:20.262Z CLI info [debug-utility]   

========================Detecting browserstack.yml========================
2026-03-09T10:35:20.265Z CLI info [debug-utility]   

========================connectivity checks========================
2026-03-09T10:35:20.265Z CLI info [debug-utility]   No proxy settings detected.
2026-03-09T10:35:20.265Z CLI info [debug-utility]   -------------------------------------------------
2026-03-09T10:35:20.265Z CLI info [debug-utility]   Host: api.browserstack.com
2026-03-09T10:35:20.265Z CLI info [debug-utility]   Checking connectivity to: https://api.browserstack.com/robots.txt without Proxy
2026-03-09T10:35:20.369Z CLI info [debug-utility]   Connectivity check completed for URL without Proxy: https://api.browserstack.com/robots.txt
2026-03-09T10:35:20.369Z CLI info [debug-utility]   -------------------------------------------------
2026-03-09T10:35:20.369Z CLI info [debug-utility]   Host: api-cloud.browserstack.com
2026-03-09T10:35:20.369Z CLI info [debug-utility]   Checking connectivity to: https://api-cloud.browserstack.com without Proxy
2026-03-09T10:35:20.551Z CLI info [debug-utility]   Connectivity check completed for URL without Proxy: https://api-cloud.browserstack.com
2026-03-09T10:35:20.551Z CLI info [debug-utility]   -------------------------------------------------
2026-03-09T10:35:20.551Z CLI info [debug-utility]   Host: www.browserstack.com
2026-03-09T10:35:20.552Z CLI info [debug-utility]   Checking connectivity to: https://www.browserstack.com/robots.txt without Proxy
2026-03-09T10:35:20.596Z CLI info [debug-utility]   Connectivity check completed for URL without Proxy: https://www.browserstack.com/robots.txt
2026-03-09T10:35:20.596Z CLI info [debug-utility]   -------------------------------------------------
2026-03-09T10:35:20.596Z CLI info [debug-utility]   Host: automate.browserstack.com
2026-03-09T10:35:20.596Z CLI info [debug-utility]   Checking connectivity to: https://automate.browserstack.com/robots.txt without Proxy
2026-03-09T10:35:20.719Z CLI info [debug-utility]   Connectivity check completed for URL without Proxy: https://automate.browserstack.com/robots.txt
2026-03-09T10:35:20.719Z CLI info [debug-utility]   -------------------------------------------------
2026-03-09T10:35:20.719Z CLI info [debug-utility]   Host: app-automate.browserstack.com
2026-03-09T10:35:20.719Z CLI info [debug-utility]   Checking connectivity to: https://app-automate.browserstack.com/robots.txt without Proxy
2026-03-09T10:35:20.832Z CLI info [debug-utility]   Connectivity check completed for URL without Proxy: https://app-automate.browserstack.com/robots.txt
2026-03-09T10:35:20.832Z CLI info [debug-utility]   -------------------------------------------------
2026-03-09T10:35:20.832Z CLI info [debug-utility]   Host: hub.browserstack.com
2026-03-09T10:35:20.832Z CLI info [debug-utility]   Checking connectivity to: https://hub.browserstack.com/wd/hub without Proxy
2026-03-09T10:35:20.903Z CLI info [debug-utility]   Connectivity check completed for URL without Proxy: https://hub.browserstack.com/wd/hub
2026-03-09T10:35:20.903Z CLI info [debug-utility]   -------------------------------------------------
2026-03-09T10:35:20.903Z CLI info [debug-utility]   Host: hub.browserstack.com
2026-03-09T10:35:20.903Z CLI info [debug-utility]   Checking connectivity to: http://hub.browserstack.com/wd/hub without Proxy
2026-03-09T10:35:20.926Z CLI info [debug-utility]   Connectivity check completed for URL without Proxy: http://hub.browserstack.com/wd/hub
2026-03-09T10:35:20.926Z CLI info [debug-utility]   -------------------------------------------------
2026-03-09T10:35:20.926Z CLI info [debug-utility]   Host: cdp.browserstack.com
2026-03-09T10:35:20.926Z CLI info [debug-utility]   Checking connectivity to: https://cdp.browserstack.com without Proxy
2026-03-09T10:35:21.080Z CLI info [debug-utility]   Connectivity check completed for URL without Proxy: https://cdp.browserstack.com
2026-03-09T10:35:21.080Z CLI info [debug-utility]   -------------------------------------------------
2026-03-09T10:35:21.080Z CLI info [debug-utility]   Host: upload-observability.browserstack.com
2026-03-09T10:35:21.080Z CLI info [debug-utility]   Checking connectivity to: https://upload-observability.browserstack.com without Proxy
2026-03-09T10:35:21.185Z CLI info [debug-utility]   Connectivity check completed for URL without Proxy: https://upload-observability.browserstack.com
2026-03-09T10:35:21.185Z CLI info [debug-utility]   -------------------------------------------------
2026-03-09T10:35:21.185Z CLI info [debug-utility]   Host: collector-observability.browserstack.com
2026-03-09T10:35:21.185Z CLI info [debug-utility]   Checking connectivity to: https://collector-observability.browserstack.com without Proxy
2026-03-09T10:35:21.263Z CLI info [debug-utility]   Connectivity check completed for URL without Proxy: https://collector-observability.browserstack.com
2026-03-09T10:35:21.264Z CLI info [debug-utility]   -------------------------------------------------
2026-03-09T10:35:21.264Z CLI info [debug-utility]   Host: eds.browserstack.com
2026-03-09T10:35:21.264Z CLI info [debug-utility]   Checking connectivity to: https://eds.browserstack.com without Proxy
2026-03-09T10:35:21.303Z CLI info [debug-utility]   Connectivity check completed for URL without Proxy: https://eds.browserstack.com
2026-03-09T10:35:21.304Z CLI info [debug-utility]   -------------------------------------------------
2026-03-09T10:35:21.304Z CLI info [debug-utility]   Host: sdk.browserstack.com
2026-03-09T10:35:21.304Z CLI info [debug-utility]   Checking connectivity to: https://sdk.browserstack.com without Proxy
2026-03-09T10:35:21.471Z CLI info [debug-utility]   Connectivity check completed for URL without Proxy: https://sdk.browserstack.com
2026-03-09T10:35:21.471Z CLI info [debug-utility]   
Connectivity check results summary:
2026-03-09T10:35:21.471Z CLI info [debug-utility]   All connectivity checks passed
2026-03-09T10:35:21.471Z CLI info [debug-utility]   

========================browserstack.yml checks========================
2026-03-09T10:35:21.471Z CLI info [debug-utility]   Validating browserstack.yml configuration
2026-03-09T10:35:21.472Z CLI info [debug-utility]   browserstack.yml configuration validation completed
2026-03-09T10:35:21.472Z CLI info [debug-utility]   

========================Project configuration checks========================
2026-03-09T10:35:22.653Z CLI info [debug-utility]   Detecting Node.js version used in the project
2026-03-09T10:35:22.780Z CLI info [debug-utility]   Node.js version detection failed
2026-03-09T10:35:22.781Z CLI error [debug-utility]          Error occurred while detecting Node.js version: Command failed: C:\Program Files\nodejs\node.exe -v
'C:\Program' is not recognized as an internal or external command,
operable program or batch file.

2026-03-09T10:35:22.781Z CLI info [debug-utility]   Verifying installation of BrowserStack SDK
2026-03-09T10:35:22.781Z CLI info [debug-utility]   BrowserStack SDK is installed
2026-03-09T10:35:22.781Z CLI info [debug-utility]          Detected BrowserStack SDK version: 1.50.1
2026-03-09T10:35:22.781Z CLI info [debug-utility]   Detecting frameworks used in the project
2026-03-09T10:35:22.781Z CLI info [debug-utility]   Framework detection completed
2026-03-09T10:35:22.781Z CLI info [debug-utility]          Detected frameworks with versions: {"@playwright/test":"1.58.2","@cucumber/cucumber":"11.3.0"}
2026-03-09T10:35:22.781Z CLI info [debug-utility]   

========================Version compatibility checks========================
2026-03-09T10:35:22.781Z CLI info [debug-utility]   Skipping version compatibility check due to incompatible setup detection.
2026-03-09T10:35:22.782Z CLI debug [debug-utility]   Sending data to EDS: {"event_type":"sdk_events","data":{"testhub_uuid":"","created_day":"2026-03-09T10:35:22.781 UTC","event_name":"SDK_DEBUG_UTILITY_REPORT","user_data":"kjavedirfan_eZBoq7","host_info":"{\"hostname\":\"pe2vdfqaper-018\",\"platform\":\"win32\",\"type\":\"Windows_NT\",\"version\":\"Windows 10 Enterprise\",\"arch\":\"x64\"}","event_json":{"cliArgs":"C:\\Users\\KSuvarna\\.browserstack\\cli\\binary-win-x64.exe C:\\snapshot\\browserstack-binary\\cli\\dist\\index.js sdk","cliVersion":"1.24.2","results":{"system_check":{"metadata":{},"status":true,"messages":[]},"parse_yml":{"metadata":{},"status":true,"messages":[]},"connectivity_check":{"metadata":{"proxySettings":""},"status":true,"messages":[]},"validate_yml":{"metadata":{},"status":true,"messages":[]},"parse_project_config":{"metadata":{"configFilePath":"C:\\Users\\KSuvarna\\Desktop\\follet-test-steps\\package.json"},"status":false,"messages":["Error occurred while detecting Node.js version: Command failed: C:\\Program Files\\nodejs\\node.exe -v\n'C:\\Program' is not recognized as an internal or external command,\r\noperable program or batch file.\r\n"]},"version_compatibility":{"metadata":{},"status":false,"messages":["skipped"]}},"projectDirectory":"C:\\Users\\KSuvarna\\Desktop\\follet-test-steps","bstackconfigFilePath":"C:\\Users\\KSuvarna\\Desktop\\follet-test-steps\\browserstack.yml","projectConfigFilePath":null,"userProxyConfig":null,"sdkVersion":"1.50.1","language":"node","languageVersion":null,"frameworks":{"@playwright/test":"1.58.2","@cucumber/cucumber":"11.3.0"}}}}
2026-03-09T10:35:22.814Z CLI debug [debug-utility]   Data sent successfully to https://eds.browserstack.com with response 200
2026-03-09T10:37:43.028Z CLI info [debug-utility]   Starting debug utility in non-interactive mode with options: {"projectDirectory":"C:\\Users\\KSuvarna\\Desktop\\follet-test-steps","language":"node","username":"kjavedirfan_eZBoq7","key":"wMYFrmsNHB7QEs1RBFu8","bstackconfigFilePath":"C:\\Users\\KSuvarna\\Desktop\\follet-test-steps\\browserstack.yml"}
2026-03-09T10:37:43.028Z CLI info [debug-utility]   ======================system permissions checks======================
2026-03-09T10:37:43.029Z CLI info [debug-utility]   Checking write permissions for directory: C:\Users\KSuvarna\Desktop\follet-test-steps
2026-03-09T10:37:43.030Z CLI info [debug-utility]   Write permissions check completed for directory: C:\Users\KSuvarna\Desktop\follet-test-steps
2026-03-09T10:37:43.030Z CLI info [debug-utility]   Checking write permissions for directory: C:\Users\KSuvarna\.browserstack
2026-03-09T10:37:43.031Z CLI info [debug-utility]   Write permissions check completed for directory: C:\Users\KSuvarna\.browserstack
2026-03-09T10:37:43.031Z CLI info [debug-utility]   

========================Detecting browserstack.yml========================
2026-03-09T10:37:43.034Z CLI info [debug-utility]   

========================connectivity checks========================
2026-03-09T10:37:43.034Z CLI info [debug-utility]   No proxy settings detected.
2026-03-09T10:37:43.034Z CLI info [debug-utility]   -------------------------------------------------
2026-03-09T10:37:43.034Z CLI info [debug-utility]   Host: api.browserstack.com
2026-03-09T10:37:43.034Z CLI info [debug-utility]   Checking connectivity to: https://api.browserstack.com/robots.txt without Proxy
2026-03-09T10:37:43.136Z CLI info [debug-utility]   Connectivity check completed for URL without Proxy: https://api.browserstack.com/robots.txt
2026-03-09T10:37:43.136Z CLI info [debug-utility]   -------------------------------------------------
2026-03-09T10:37:43.137Z CLI info [debug-utility]   Host: api-cloud.browserstack.com
2026-03-09T10:37:43.137Z CLI info [debug-utility]   Checking connectivity to: https://api-cloud.browserstack.com without Proxy
2026-03-09T10:37:43.325Z CLI info [debug-utility]   Connectivity check completed for URL without Proxy: https://api-cloud.browserstack.com
2026-03-09T10:37:43.326Z CLI info [debug-utility]   -------------------------------------------------
2026-03-09T10:37:43.326Z CLI info [debug-utility]   Host: www.browserstack.com
2026-03-09T10:37:43.326Z CLI info [debug-utility]   Checking connectivity to: https://www.browserstack.com/robots.txt without Proxy
2026-03-09T10:37:43.448Z CLI info [debug-utility]   Connectivity check completed for URL without Proxy: https://www.browserstack.com/robots.txt
2026-03-09T10:37:43.448Z CLI info [debug-utility]   -------------------------------------------------
2026-03-09T10:37:43.449Z CLI info [debug-utility]   Host: automate.browserstack.com
2026-03-09T10:37:43.449Z CLI info [debug-utility]   Checking connectivity to: https://automate.browserstack.com/robots.txt without Proxy
2026-03-09T10:37:43.594Z CLI info [debug-utility]   Connectivity check completed for URL without Proxy: https://automate.browserstack.com/robots.txt
2026-03-09T10:37:43.594Z CLI info [debug-utility]   -------------------------------------------------
2026-03-09T10:37:43.594Z CLI info [debug-utility]   Host: app-automate.browserstack.com
2026-03-09T10:37:43.594Z CLI info [debug-utility]   Checking connectivity to: https://app-automate.browserstack.com/robots.txt without Proxy
2026-03-09T10:37:43.746Z CLI info [debug-utility]   Connectivity check completed for URL without Proxy: https://app-automate.browserstack.com/robots.txt
2026-03-09T10:37:43.746Z CLI info [debug-utility]   -------------------------------------------------
2026-03-09T10:37:43.746Z CLI info [debug-utility]   Host: hub.browserstack.com
2026-03-09T10:37:43.746Z CLI info [debug-utility]   Checking connectivity to: https://hub.browserstack.com/wd/hub without Proxy
2026-03-09T10:37:43.783Z CLI info [debug-utility]   Connectivity check completed for URL without Proxy: https://hub.browserstack.com/wd/hub
2026-03-09T10:37:43.783Z CLI info [debug-utility]   -------------------------------------------------
2026-03-09T10:37:43.783Z CLI info [debug-utility]   Host: hub.browserstack.com
2026-03-09T10:37:43.783Z CLI info [debug-utility]   Checking connectivity to: http://hub.browserstack.com/wd/hub without Proxy
2026-03-09T10:37:43.806Z CLI info [debug-utility]   Connectivity check completed for URL without Proxy: http://hub.browserstack.com/wd/hub
2026-03-09T10:37:43.807Z CLI info [debug-utility]   -------------------------------------------------
2026-03-09T10:37:43.807Z CLI info [debug-utility]   Host: cdp.browserstack.com
2026-03-09T10:37:43.807Z CLI info [debug-utility]   Checking connectivity to: https://cdp.browserstack.com without Proxy
2026-03-09T10:37:43.890Z CLI info [debug-utility]   Connectivity check completed for URL without Proxy: https://cdp.browserstack.com
2026-03-09T10:37:43.891Z CLI info [debug-utility]   -------------------------------------------------
2026-03-09T10:37:43.891Z CLI info [debug-utility]   Host: upload-observability.browserstack.com
2026-03-09T10:37:43.891Z CLI info [debug-utility]   Checking connectivity to: https://upload-observability.browserstack.com without Proxy
2026-03-09T10:37:44.017Z CLI info [debug-utility]   Connectivity check completed for URL without Proxy: https://upload-observability.browserstack.com
2026-03-09T10:37:44.017Z CLI info [debug-utility]   -------------------------------------------------
2026-03-09T10:37:44.017Z CLI info [debug-utility]   Host: collector-observability.browserstack.com
2026-03-09T10:37:44.017Z CLI info [debug-utility]   Checking connectivity to: https://collector-observability.browserstack.com without Proxy
2026-03-09T10:37:44.129Z CLI info [debug-utility]   Connectivity check completed for URL without Proxy: https://collector-observability.browserstack.com
2026-03-09T10:37:44.129Z CLI info [debug-utility]   -------------------------------------------------
2026-03-09T10:37:44.129Z CLI info [debug-utility]   Host: eds.browserstack.com
2026-03-09T10:37:44.129Z CLI info [debug-utility]   Checking connectivity to: https://eds.browserstack.com without Proxy
2026-03-09T10:37:44.162Z CLI info [debug-utility]   Connectivity check completed for URL without Proxy: https://eds.browserstack.com
2026-03-09T10:37:44.162Z CLI info [debug-utility]   -------------------------------------------------
2026-03-09T10:37:44.163Z CLI info [debug-utility]   Host: sdk.browserstack.com
2026-03-09T10:37:44.163Z CLI info [debug-utility]   Checking connectivity to: https://sdk.browserstack.com without Proxy
2026-03-09T10:37:44.278Z CLI info [debug-utility]   Connectivity check completed for URL without Proxy: https://sdk.browserstack.com
2026-03-09T10:37:44.278Z CLI info [debug-utility]   
Connectivity check results summary:
2026-03-09T10:37:44.278Z CLI info [debug-utility]   All connectivity checks passed
2026-03-09T10:37:44.278Z CLI info [debug-utility]   

========================browserstack.yml checks========================
2026-03-09T10:37:44.279Z CLI info [debug-utility]   Validating browserstack.yml configuration
2026-03-09T10:37:44.279Z CLI info [debug-utility]   browserstack.yml configuration validation completed
2026-03-09T10:37:44.279Z CLI info [debug-utility]   

========================Project configuration checks========================
2026-03-09T10:37:45.469Z CLI info [debug-utility]   Detecting Node.js version used in the project
2026-03-09T10:37:45.608Z CLI info [debug-utility]   Node.js version detection failed
2026-03-09T10:37:45.608Z CLI error [debug-utility]          Error occurred while detecting Node.js version: Command failed: C:\Program Files\nodejs\node.exe -v
'C:\Program' is not recognized as an internal or external command,
operable program or batch file.

2026-03-09T10:37:45.608Z CLI info [debug-utility]   Verifying installation of BrowserStack SDK
2026-03-09T10:37:45.608Z CLI info [debug-utility]   BrowserStack SDK is installed
2026-03-09T10:37:45.609Z CLI info [debug-utility]          Detected BrowserStack SDK version: 1.50.1
2026-03-09T10:37:45.609Z CLI info [debug-utility]   Detecting frameworks used in the project
2026-03-09T10:37:45.609Z CLI info [debug-utility]   Framework detection completed
2026-03-09T10:37:45.609Z CLI info [debug-utility]          Detected frameworks with versions: {"@playwright/test":"1.58.2","@cucumber/cucumber":"11.3.0"}
2026-03-09T10:37:45.609Z CLI info [debug-utility]   

========================Version compatibility checks========================
2026-03-09T10:37:45.609Z CLI info [debug-utility]   Skipping version compatibility check due to incompatible setup detection.
2026-03-09T10:37:45.609Z CLI debug [debug-utility]   Sending data to EDS: {"event_type":"sdk_events","data":{"testhub_uuid":"","created_day":"2026-03-09T10:37:45.609 UTC","event_name":"SDK_DEBUG_UTILITY_REPORT","user_data":"kjavedirfan_eZBoq7","host_info":"{\"hostname\":\"pe2vdfqaper-018\",\"platform\":\"win32\",\"type\":\"Windows_NT\",\"version\":\"Windows 10 Enterprise\",\"arch\":\"x64\"}","event_json":{"cliArgs":"C:\\Users\\KSuvarna\\.browserstack\\cli\\binary-win-x64.exe C:\\snapshot\\browserstack-binary\\cli\\dist\\index.js sdk","cliVersion":"1.24.2","results":{"system_check":{"metadata":{},"status":true,"messages":[]},"parse_yml":{"metadata":{},"status":true,"messages":[]},"connectivity_check":{"metadata":{"proxySettings":""},"status":true,"messages":[]},"validate_yml":{"metadata":{},"status":true,"messages":[]},"parse_project_config":{"metadata":{"configFilePath":"C:\\Users\\KSuvarna\\Desktop\\follet-test-steps\\package.json"},"status":false,"messages":["Error occurred while detecting Node.js version: Command failed: C:\\Program Files\\nodejs\\node.exe -v\n'C:\\Program' is not recognized as an internal or external command,\r\noperable program or batch file.\r\n"]},"version_compatibility":{"metadata":{},"status":false,"messages":["skipped"]}},"projectDirectory":"C:\\Users\\KSuvarna\\Desktop\\follet-test-steps","bstackconfigFilePath":"C:\\Users\\KSuvarna\\Desktop\\follet-test-steps\\browserstack.yml","projectConfigFilePath":null,"userProxyConfig":null,"sdkVersion":"1.50.1","language":"node","languageVersion":null,"frameworks":{"@playwright/test":"1.58.2","@cucumber/cucumber":"11.3.0"}}}}
2026-03-09T10:37:45.643Z CLI debug [debug-utility]   Data sent successfully to https://eds.browserstack.com with response 200
2026-03-09T10:39:41.578Z CLI info [debug-utility]   Starting debug utility in non-interactive mode with options: {"projectDirectory":"C:\\Users\\KSuvarna\\Desktop\\follet-test-steps","language":"node","username":"kjavedirfan_eZBoq7","key":"wMYFrmsNHB7QEs1RBFu8","bstackconfigFilePath":"C:\\Users\\KSuvarna\\Desktop\\follet-test-steps\\browserstack.yml"}
2026-03-09T10:39:41.578Z CLI info [debug-utility]   ======================system permissions checks======================
2026-03-09T10:39:41.580Z CLI info [debug-utility]   Checking write permissions for directory: C:\Users\KSuvarna\Desktop\follet-test-steps
2026-03-09T10:39:41.581Z CLI info [debug-utility]   Write permissions check completed for directory: C:\Users\KSuvarna\Desktop\follet-test-steps
2026-03-09T10:39:41.581Z CLI info [debug-utility]   Checking write permissions for directory: C:\Users\KSuvarna\.browserstack
2026-03-09T10:39:41.581Z CLI info [debug-utility]   Write permissions check completed for directory: C:\Users\KSuvarna\.browserstack
2026-03-09T10:39:41.581Z CLI info [debug-utility]   

========================Detecting browserstack.yml========================
2026-03-09T10:39:41.584Z CLI info [debug-utility]   

========================connectivity checks========================
2026-03-09T10:39:41.585Z CLI info [debug-utility]   No proxy settings detected.
2026-03-09T10:39:41.585Z CLI info [debug-utility]   -------------------------------------------------
2026-03-09T10:39:41.585Z CLI info [debug-utility]   Host: api.browserstack.com
2026-03-09T10:39:41.585Z CLI info [debug-utility]   Checking connectivity to: https://api.browserstack.com/robots.txt without Proxy
2026-03-09T10:39:41.665Z CLI info [debug-utility]   Connectivity check completed for URL without Proxy: https://api.browserstack.com/robots.txt
2026-03-09T10:39:41.665Z CLI info [debug-utility]   -------------------------------------------------
2026-03-09T10:39:41.665Z CLI info [debug-utility]   Host: api-cloud.browserstack.com
2026-03-09T10:39:41.665Z CLI info [debug-utility]   Checking connectivity to: https://api-cloud.browserstack.com without Proxy
2026-03-09T10:39:41.849Z CLI info [debug-utility]   Connectivity check completed for URL without Proxy: https://api-cloud.browserstack.com
2026-03-09T10:39:41.849Z CLI info [debug-utility]   -------------------------------------------------
2026-03-09T10:39:41.849Z CLI info [debug-utility]   Host: www.browserstack.com
2026-03-09T10:39:41.849Z CLI info [debug-utility]   Checking connectivity to: https://www.browserstack.com/robots.txt without Proxy
2026-03-09T10:39:41.897Z CLI info [debug-utility]   Connectivity check completed for URL without Proxy: https://www.browserstack.com/robots.txt
2026-03-09T10:39:41.897Z CLI info [debug-utility]   -------------------------------------------------
2026-03-09T10:39:41.897Z CLI info [debug-utility]   Host: automate.browserstack.com
2026-03-09T10:39:41.898Z CLI info [debug-utility]   Checking connectivity to: https://automate.browserstack.com/robots.txt without Proxy
2026-03-09T10:39:42.024Z CLI info [debug-utility]   Connectivity check completed for URL without Proxy: https://automate.browserstack.com/robots.txt
2026-03-09T10:39:42.025Z CLI info [debug-utility]   -------------------------------------------------
2026-03-09T10:39:42.025Z CLI info [debug-utility]   Host: app-automate.browserstack.com
2026-03-09T10:39:42.025Z CLI info [debug-utility]   Checking connectivity to: https://app-automate.browserstack.com/robots.txt without Proxy
2026-03-09T10:39:42.143Z CLI info [debug-utility]   Connectivity check completed for URL without Proxy: https://app-automate.browserstack.com/robots.txt
2026-03-09T10:39:42.144Z CLI info [debug-utility]   -------------------------------------------------
2026-03-09T10:39:42.144Z CLI info [debug-utility]   Host: hub.browserstack.com
2026-03-09T10:39:42.144Z CLI info [debug-utility]   Checking connectivity to: https://hub.browserstack.com/wd/hub without Proxy
2026-03-09T10:39:42.218Z CLI info [debug-utility]   Connectivity check completed for URL without Proxy: https://hub.browserstack.com/wd/hub
2026-03-09T10:39:42.218Z CLI info [debug-utility]   -------------------------------------------------
2026-03-09T10:39:42.218Z CLI info [debug-utility]   Host: hub.browserstack.com
2026-03-09T10:39:42.218Z CLI info [debug-utility]   Checking connectivity to: http://hub.browserstack.com/wd/hub without Proxy
2026-03-09T10:39:42.242Z CLI info [debug-utility]   Connectivity check completed for URL without Proxy: http://hub.browserstack.com/wd/hub
2026-03-09T10:39:42.242Z CLI info [debug-utility]   -------------------------------------------------
2026-03-09T10:39:42.242Z CLI info [debug-utility]   Host: cdp.browserstack.com
2026-03-09T10:39:42.242Z CLI info [debug-utility]   Checking connectivity to: https://cdp.browserstack.com without Proxy
2026-03-09T10:39:42.330Z CLI info [debug-utility]   Connectivity check completed for URL without Proxy: https://cdp.browserstack.com
2026-03-09T10:39:42.330Z CLI info [debug-utility]   -------------------------------------------------
2026-03-09T10:39:42.330Z CLI info [debug-utility]   Host: upload-observability.browserstack.com
2026-03-09T10:39:42.330Z CLI info [debug-utility]   Checking connectivity to: https://upload-observability.browserstack.com without Proxy
2026-03-09T10:39:42.403Z CLI info [debug-utility]   Connectivity check completed for URL without Proxy: https://upload-observability.browserstack.com
2026-03-09T10:39:42.403Z CLI info [debug-utility]   -------------------------------------------------
2026-03-09T10:39:42.403Z CLI info [debug-utility]   Host: collector-observability.browserstack.com
2026-03-09T10:39:42.403Z CLI info [debug-utility]   Checking connectivity to: https://collector-observability.browserstack.com without Proxy
2026-03-09T10:39:42.430Z CLI info [debug-utility]   Connectivity check completed for URL without Proxy: https://collector-observability.browserstack.com
2026-03-09T10:39:42.430Z CLI info [debug-utility]   -------------------------------------------------
2026-03-09T10:39:42.430Z CLI info [debug-utility]   Host: eds.browserstack.com
2026-03-09T10:39:42.430Z CLI info [debug-utility]   Checking connectivity to: https://eds.browserstack.com without Proxy
2026-03-09T10:39:42.466Z CLI info [debug-utility]   Connectivity check completed for URL without Proxy: https://eds.browserstack.com
2026-03-09T10:39:42.466Z CLI info [debug-utility]   -------------------------------------------------
2026-03-09T10:39:42.466Z CLI info [debug-utility]   Host: sdk.browserstack.com
2026-03-09T10:39:42.466Z CLI info [debug-utility]   Checking connectivity to: https://sdk.browserstack.com without Proxy
2026-03-09T10:39:42.575Z CLI info [debug-utility]   Connectivity check completed for URL without Proxy: https://sdk.browserstack.com
2026-03-09T10:39:42.575Z CLI info [debug-utility]   
Connectivity check results summary:
2026-03-09T10:39:42.575Z CLI info [debug-utility]   All connectivity checks passed
2026-03-09T10:39:42.575Z CLI info [debug-utility]   

========================browserstack.yml checks========================
2026-03-09T10:39:42.575Z CLI info [debug-utility]   Validating browserstack.yml configuration
2026-03-09T10:39:42.576Z CLI info [debug-utility]   browserstack.yml configuration validation completed
2026-03-09T10:39:42.576Z CLI info [debug-utility]   

========================Project configuration checks========================
2026-03-09T10:39:43.790Z CLI info [debug-utility]   Detecting Node.js version used in the project
2026-03-09T10:39:43.934Z CLI info [debug-utility]   Node.js version detection failed
2026-03-09T10:39:43.934Z CLI error [debug-utility]          Error occurred while detecting Node.js version: Command failed: C:\Program Files\nodejs\node.exe -v
'C:\Program' is not recognized as an internal or external command,
operable program or batch file.

2026-03-09T10:39:43.934Z CLI info [debug-utility]   Verifying installation of BrowserStack SDK
2026-03-09T10:39:43.935Z CLI info [debug-utility]   BrowserStack SDK is installed
2026-03-09T10:39:43.935Z CLI info [debug-utility]          Detected BrowserStack SDK version: 1.50.1
2026-03-09T10:39:43.935Z CLI info [debug-utility]   Detecting frameworks used in the project
2026-03-09T10:39:43.935Z CLI info [debug-utility]   Framework detection completed
2026-03-09T10:39:43.935Z CLI info [debug-utility]          Detected frameworks with versions: {"@playwright/test":"1.58.2","@cucumber/cucumber":"11.3.0"}
2026-03-09T10:39:43.935Z CLI info [debug-utility]   

========================Version compatibility checks========================
2026-03-09T10:39:43.935Z CLI info [debug-utility]   Skipping version compatibility check due to incompatible setup detection.
2026-03-09T10:39:43.936Z CLI debug [debug-utility]   Sending data to EDS: {"event_type":"sdk_events","data":{"testhub_uuid":"","created_day":"2026-03-09T10:39:43.935 UTC","event_name":"SDK_DEBUG_UTILITY_REPORT","user_data":"kjavedirfan_eZBoq7","host_info":"{\"hostname\":\"pe2vdfqaper-018\",\"platform\":\"win32\",\"type\":\"Windows_NT\",\"version\":\"Windows 10 Enterprise\",\"arch\":\"x64\"}","event_json":{"cliArgs":"C:\\Users\\KSuvarna\\.browserstack\\cli\\binary-win-x64.exe C:\\snapshot\\browserstack-binary\\cli\\dist\\index.js sdk","cliVersion":"1.24.2","results":{"system_check":{"metadata":{},"status":true,"messages":[]},"parse_yml":{"metadata":{},"status":true,"messages":[]},"connectivity_check":{"metadata":{"proxySettings":""},"status":true,"messages":[]},"validate_yml":{"metadata":{},"status":true,"messages":[]},"parse_project_config":{"metadata":{"configFilePath":"C:\\Users\\KSuvarna\\Desktop\\follet-test-steps\\package.json"},"status":false,"messages":["Error occurred while detecting Node.js version: Command failed: C:\\Program Files\\nodejs\\node.exe -v\n'C:\\Program' is not recognized as an internal or external command,\r\noperable program or batch file.\r\n"]},"version_compatibility":{"metadata":{},"status":false,"messages":["skipped"]}},"projectDirectory":"C:\\Users\\KSuvarna\\Desktop\\follet-test-steps","bstackconfigFilePath":"C:\\Users\\KSuvarna\\Desktop\\follet-test-steps\\browserstack.yml","projectConfigFilePath":null,"userProxyConfig":null,"sdkVersion":"1.50.1","language":"node","languageVersion":null,"frameworks":{"@playwright/test":"1.58.2","@cucumber/cucumber":"11.3.0"}}}}
2026-03-09T10:39:43.965Z CLI debug [debug-utility]   Data sent successfully to https://eds.browserstack.com with response 200
2026-03-09T10:42:44.236Z CLI info [debug-utility]   Starting debug utility in non-interactive mode with options: {"projectDirectory":"C:\\Users\\KSuvarna\\Desktop\\follet-test-steps","language":"node","username":"kjavedirfan_eZBoq7","key":"wMYFrmsNHB7QEs1RBFu8","bstackconfigFilePath":"C:\\Users\\KSuvarna\\Desktop\\follet-test-steps\\browserstack.yml"}
2026-03-09T10:42:44.237Z CLI info [debug-utility]   ======================system permissions checks======================
2026-03-09T10:42:44.238Z CLI info [debug-utility]   Checking write permissions for directory: C:\Users\KSuvarna\Desktop\follet-test-steps
2026-03-09T10:42:44.238Z CLI info [debug-utility]   Write permissions check completed for directory: C:\Users\KSuvarna\Desktop\follet-test-steps
2026-03-09T10:42:44.238Z CLI info [debug-utility]   Checking write permissions for directory: C:\Users\KSuvarna\.browserstack
2026-03-09T10:42:44.239Z CLI info [debug-utility]   Write permissions check completed for directory: C:\Users\KSuvarna\.browserstack
2026-03-09T10:42:44.239Z CLI info [debug-utility]   

========================Detecting browserstack.yml========================
2026-03-09T10:42:44.241Z CLI info [debug-utility]   

========================connectivity checks========================
2026-03-09T10:42:44.242Z CLI info [debug-utility]   No proxy settings detected.
2026-03-09T10:42:44.242Z CLI info [debug-utility]   -------------------------------------------------
2026-03-09T10:42:44.242Z CLI info [debug-utility]   Host: api.browserstack.com
2026-03-09T10:42:44.242Z CLI info [debug-utility]   Checking connectivity to: https://api.browserstack.com/robots.txt without Proxy
2026-03-09T10:42:44.333Z CLI info [debug-utility]   Connectivity check completed for URL without Proxy: https://api.browserstack.com/robots.txt
2026-03-09T10:42:44.333Z CLI info [debug-utility]   -------------------------------------------------
2026-03-09T10:42:44.333Z CLI info [debug-utility]   Host: api-cloud.browserstack.com
2026-03-09T10:42:44.333Z CLI info [debug-utility]   Checking connectivity to: https://api-cloud.browserstack.com without Proxy
2026-03-09T10:42:44.529Z CLI info [debug-utility]   Connectivity check completed for URL without Proxy: https://api-cloud.browserstack.com
2026-03-09T10:42:44.529Z CLI info [debug-utility]   -------------------------------------------------
2026-03-09T10:42:44.529Z CLI info [debug-utility]   Host: www.browserstack.com
2026-03-09T10:42:44.529Z CLI info [debug-utility]   Checking connectivity to: https://www.browserstack.com/robots.txt without Proxy
2026-03-09T10:42:44.677Z CLI info [debug-utility]   Connectivity check completed for URL without Proxy: https://www.browserstack.com/robots.txt
2026-03-09T10:42:44.677Z CLI info [debug-utility]   -------------------------------------------------
2026-03-09T10:42:44.677Z CLI info [debug-utility]   Host: automate.browserstack.com
2026-03-09T10:42:44.677Z CLI info [debug-utility]   Checking connectivity to: https://automate.browserstack.com/robots.txt without Proxy
2026-03-09T10:42:44.826Z CLI info [debug-utility]   Connectivity check completed for URL without Proxy: https://automate.browserstack.com/robots.txt
2026-03-09T10:42:44.826Z CLI info [debug-utility]   -------------------------------------------------
2026-03-09T10:42:44.826Z CLI info [debug-utility]   Host: app-automate.browserstack.com
2026-03-09T10:42:44.826Z CLI info [debug-utility]   Checking connectivity to: https://app-automate.browserstack.com/robots.txt without Proxy
2026-03-09T10:42:44.990Z CLI info [debug-utility]   Connectivity check completed for URL without Proxy: https://app-automate.browserstack.com/robots.txt
2026-03-09T10:42:44.990Z CLI info [debug-utility]   -------------------------------------------------
2026-03-09T10:42:44.990Z CLI info [debug-utility]   Host: hub.browserstack.com
2026-03-09T10:42:44.990Z CLI info [debug-utility]   Checking connectivity to: https://hub.browserstack.com/wd/hub without Proxy
2026-03-09T10:42:45.027Z CLI info [debug-utility]   Connectivity check completed for URL without Proxy: https://hub.browserstack.com/wd/hub
2026-03-09T10:42:45.027Z CLI info [debug-utility]   -------------------------------------------------
2026-03-09T10:42:45.027Z CLI info [debug-utility]   Host: hub.browserstack.com
2026-03-09T10:42:45.027Z CLI info [debug-utility]   Checking connectivity to: http://hub.browserstack.com/wd/hub without Proxy
2026-03-09T10:42:45.053Z CLI info [debug-utility]   Connectivity check completed for URL without Proxy: http://hub.browserstack.com/wd/hub
2026-03-09T10:42:45.053Z CLI info [debug-utility]   -------------------------------------------------
2026-03-09T10:42:45.053Z CLI info [debug-utility]   Host: cdp.browserstack.com
2026-03-09T10:42:45.054Z CLI info [debug-utility]   Checking connectivity to: https://cdp.browserstack.com without Proxy
2026-03-09T10:42:45.178Z CLI info [debug-utility]   Connectivity check completed for URL without Proxy: https://cdp.browserstack.com
2026-03-09T10:42:45.178Z CLI info [debug-utility]   -------------------------------------------------
2026-03-09T10:42:45.178Z CLI info [debug-utility]   Host: upload-observability.browserstack.com
2026-03-09T10:42:45.178Z CLI info [debug-utility]   Checking connectivity to: https://upload-observability.browserstack.com without Proxy
2026-03-09T10:42:45.279Z CLI info [debug-utility]   Connectivity check completed for URL without Proxy: https://upload-observability.browserstack.com
2026-03-09T10:42:45.279Z CLI info [debug-utility]   -------------------------------------------------
2026-03-09T10:42:45.279Z CLI info [debug-utility]   Host: collector-observability.browserstack.com
2026-03-09T10:42:45.279Z CLI info [debug-utility]   Checking connectivity to: https://collector-observability.browserstack.com without Proxy
2026-03-09T10:42:45.393Z CLI info [debug-utility]   Connectivity check completed for URL without Proxy: https://collector-observability.browserstack.com
2026-03-09T10:42:45.393Z CLI info [debug-utility]   -------------------------------------------------
2026-03-09T10:42:45.393Z CLI info [debug-utility]   Host: eds.browserstack.com
2026-03-09T10:42:45.393Z CLI info [debug-utility]   Checking connectivity to: https://eds.browserstack.com without Proxy
2026-03-09T10:42:45.429Z CLI info [debug-utility]   Connectivity check completed for URL without Proxy: https://eds.browserstack.com
2026-03-09T10:42:45.429Z CLI info [debug-utility]   -------------------------------------------------
2026-03-09T10:42:45.429Z CLI info [debug-utility]   Host: sdk.browserstack.com
2026-03-09T10:42:45.429Z CLI info [debug-utility]   Checking connectivity to: https://sdk.browserstack.com without Proxy
2026-03-09T10:42:45.563Z CLI info [debug-utility]   Connectivity check completed for URL without Proxy: https://sdk.browserstack.com
2026-03-09T10:42:45.563Z CLI info [debug-utility]   
Connectivity check results summary:
2026-03-09T10:42:45.563Z CLI info [debug-utility]   All connectivity checks passed
2026-03-09T10:42:45.563Z CLI info [debug-utility]   

========================browserstack.yml checks========================
2026-03-09T10:42:45.563Z CLI info [debug-utility]   Validating browserstack.yml configuration
2026-03-09T10:42:45.563Z CLI info [debug-utility]   browserstack.yml configuration validation completed
2026-03-09T10:42:45.564Z CLI info [debug-utility]   

========================Project configuration checks========================
2026-03-09T10:42:46.759Z CLI info [debug-utility]   Detecting Node.js version used in the project
2026-03-09T10:42:46.897Z CLI info [debug-utility]   Node.js version detection failed
2026-03-09T10:42:46.898Z CLI error [debug-utility]          Error occurred while detecting Node.js version: Command failed: C:\Program Files\nodejs\node.exe -v
'C:\Program' is not recognized as an internal or external command,
operable program or batch file.

2026-03-09T10:42:46.898Z CLI info [debug-utility]   Verifying installation of BrowserStack SDK
2026-03-09T10:42:46.898Z CLI info [debug-utility]   BrowserStack SDK is installed
2026-03-09T10:42:46.898Z CLI info [debug-utility]          Detected BrowserStack SDK version: 1.50.1
2026-03-09T10:42:46.898Z CLI info [debug-utility]   Detecting frameworks used in the project
2026-03-09T10:42:46.898Z CLI info [debug-utility]   Framework detection completed
2026-03-09T10:42:46.898Z CLI info [debug-utility]          Detected frameworks with versions: {"@playwright/test":"1.58.2","@cucumber/cucumber":"11.3.0"}
2026-03-09T10:42:46.898Z CLI info [debug-utility]   

========================Version compatibility checks========================
2026-03-09T10:42:46.898Z CLI info [debug-utility]   Skipping version compatibility check due to incompatible setup detection.
2026-03-09T10:42:46.899Z CLI debug [debug-utility]   Sending data to EDS: {"event_type":"sdk_events","data":{"testhub_uuid":"","created_day":"2026-03-09T10:42:46.898 UTC","event_name":"SDK_DEBUG_UTILITY_REPORT","user_data":"kjavedirfan_eZBoq7","host_info":"{\"hostname\":\"pe2vdfqaper-018\",\"platform\":\"win32\",\"type\":\"Windows_NT\",\"version\":\"Windows 10 Enterprise\",\"arch\":\"x64\"}","event_json":{"cliArgs":"C:\\Users\\KSuvarna\\.browserstack\\cli\\binary-win-x64.exe C:\\snapshot\\browserstack-binary\\cli\\dist\\index.js sdk","cliVersion":"1.24.2","results":{"system_check":{"metadata":{},"status":true,"messages":[]},"parse_yml":{"metadata":{},"status":true,"messages":[]},"connectivity_check":{"metadata":{"proxySettings":""},"status":true,"messages":[]},"validate_yml":{"metadata":{},"status":true,"messages":[]},"parse_project_config":{"metadata":{"configFilePath":"C:\\Users\\KSuvarna\\Desktop\\follet-test-steps\\package.json"},"status":false,"messages":["Error occurred while detecting Node.js version: Command failed: C:\\Program Files\\nodejs\\node.exe -v\n'C:\\Program' is not recognized as an internal or external command,\r\noperable program or batch file.\r\n"]},"version_compatibility":{"metadata":{},"status":false,"messages":["skipped"]}},"projectDirectory":"C:\\Users\\KSuvarna\\Desktop\\follet-test-steps","bstackconfigFilePath":"C:\\Users\\KSuvarna\\Desktop\\follet-test-steps\\browserstack.yml","projectConfigFilePath":null,"userProxyConfig":null,"sdkVersion":"1.50.1","language":"node","languageVersion":null,"frameworks":{"@playwright/test":"1.58.2","@cucumber/cucumber":"11.3.0"}}}}
2026-03-09T10:42:46.930Z CLI debug [debug-utility]   Data sent successfully to https://eds.browserstack.com with response 200
2026-03-09T10:45:35.849Z CLI info [debug-utility]   Starting debug utility in non-interactive mode with options: {"projectDirectory":"C:\\Users\\KSuvarna\\Desktop\\follet-test-steps","language":"node","username":"kjavedirfan_eZBoq7","key":"wMYFrmsNHB7QEs1RBFu8","bstackconfigFilePath":"C:\\Users\\KSuvarna\\Desktop\\follet-test-steps\\browserstack.yml"}
2026-03-09T10:45:35.850Z CLI info [debug-utility]   ======================system permissions checks======================
2026-03-09T10:45:35.852Z CLI info [debug-utility]   Checking write permissions for directory: C:\Users\KSuvarna\Desktop\follet-test-steps
2026-03-09T10:45:35.853Z CLI info [debug-utility]   Write permissions check completed for directory: C:\Users\KSuvarna\Desktop\follet-test-steps
2026-03-09T10:45:35.853Z CLI info [debug-utility]   Checking write permissions for directory: C:\Users\KSuvarna\.browserstack
2026-03-09T10:45:35.853Z CLI info [debug-utility]   Write permissions check completed for directory: C:\Users\KSuvarna\.browserstack
2026-03-09T10:45:35.853Z CLI info [debug-utility]   

========================Detecting browserstack.yml========================
2026-03-09T10:45:35.856Z CLI info [debug-utility]   

========================connectivity checks========================
2026-03-09T10:45:35.856Z CLI info [debug-utility]   No proxy settings detected.
2026-03-09T10:45:35.856Z CLI info [debug-utility]   -------------------------------------------------
2026-03-09T10:45:35.856Z CLI info [debug-utility]   Host: api.browserstack.com
2026-03-09T10:45:35.857Z CLI info [debug-utility]   Checking connectivity to: https://api.browserstack.com/robots.txt without Proxy
2026-03-09T10:45:35.949Z CLI info [debug-utility]   Connectivity check completed for URL without Proxy: https://api.browserstack.com/robots.txt
2026-03-09T10:45:35.949Z CLI info [debug-utility]   -------------------------------------------------
2026-03-09T10:45:35.950Z CLI info [debug-utility]   Host: api-cloud.browserstack.com
2026-03-09T10:45:35.950Z CLI info [debug-utility]   Checking connectivity to: https://api-cloud.browserstack.com without Proxy
2026-03-09T10:45:36.121Z CLI info [debug-utility]   Connectivity check completed for URL without Proxy: https://api-cloud.browserstack.com
2026-03-09T10:45:36.121Z CLI info [debug-utility]   -------------------------------------------------
2026-03-09T10:45:36.121Z CLI info [debug-utility]   Host: www.browserstack.com
2026-03-09T10:45:36.121Z CLI info [debug-utility]   Checking connectivity to: https://www.browserstack.com/robots.txt without Proxy
2026-03-09T10:45:36.177Z CLI info [debug-utility]   Connectivity check completed for URL without Proxy: https://www.browserstack.com/robots.txt
2026-03-09T10:45:36.177Z CLI info [debug-utility]   -------------------------------------------------
2026-03-09T10:45:36.177Z CLI info [debug-utility]   Host: automate.browserstack.com
2026-03-09T10:45:36.178Z CLI info [debug-utility]   Checking connectivity to: https://automate.browserstack.com/robots.txt without Proxy
2026-03-09T10:45:36.306Z CLI info [debug-utility]   Connectivity check completed for URL without Proxy: https://automate.browserstack.com/robots.txt
2026-03-09T10:45:36.306Z CLI info [debug-utility]   -------------------------------------------------
2026-03-09T10:45:36.306Z CLI info [debug-utility]   Host: app-automate.browserstack.com
2026-03-09T10:45:36.307Z CLI info [debug-utility]   Checking connectivity to: https://app-automate.browserstack.com/robots.txt without Proxy
2026-03-09T10:45:36.431Z CLI info [debug-utility]   Connectivity check completed for URL without Proxy: https://app-automate.browserstack.com/robots.txt
2026-03-09T10:45:36.431Z CLI info [debug-utility]   -------------------------------------------------
2026-03-09T10:45:36.431Z CLI info [debug-utility]   Host: hub.browserstack.com
2026-03-09T10:45:36.431Z CLI info [debug-utility]   Checking connectivity to: https://hub.browserstack.com/wd/hub without Proxy
2026-03-09T10:45:36.469Z CLI info [debug-utility]   Connectivity check completed for URL without Proxy: https://hub.browserstack.com/wd/hub
2026-03-09T10:45:36.469Z CLI info [debug-utility]   -------------------------------------------------
2026-03-09T10:45:36.469Z CLI info [debug-utility]   Host: hub.browserstack.com
2026-03-09T10:45:36.469Z CLI info [debug-utility]   Checking connectivity to: http://hub.browserstack.com/wd/hub without Proxy
2026-03-09T10:45:36.497Z CLI info [debug-utility]   Connectivity check completed for URL without Proxy: http://hub.browserstack.com/wd/hub
2026-03-09T10:45:36.497Z CLI info [debug-utility]   -------------------------------------------------
2026-03-09T10:45:36.497Z CLI info [debug-utility]   Host: cdp.browserstack.com
2026-03-09T10:45:36.497Z CLI info [debug-utility]   Checking connectivity to: https://cdp.browserstack.com without Proxy
2026-03-09T10:45:36.579Z CLI info [debug-utility]   Connectivity check completed for URL without Proxy: https://cdp.browserstack.com
2026-03-09T10:45:36.580Z CLI info [debug-utility]   -------------------------------------------------
2026-03-09T10:45:36.580Z CLI info [debug-utility]   Host: upload-observability.browserstack.com
2026-03-09T10:45:36.580Z CLI info [debug-utility]   Checking connectivity to: https://upload-observability.browserstack.com without Proxy
2026-03-09T10:45:36.654Z CLI info [debug-utility]   Connectivity check completed for URL without Proxy: https://upload-observability.browserstack.com
2026-03-09T10:45:36.654Z CLI info [debug-utility]   -------------------------------------------------
2026-03-09T10:45:36.655Z CLI info [debug-utility]   Host: collector-observability.browserstack.com
2026-03-09T10:45:36.655Z CLI info [debug-utility]   Checking connectivity to: https://collector-observability.browserstack.com without Proxy
2026-03-09T10:45:36.680Z CLI info [debug-utility]   Connectivity check completed for URL without Proxy: https://collector-observability.browserstack.com
2026-03-09T10:45:36.680Z CLI info [debug-utility]   -------------------------------------------------
2026-03-09T10:45:36.680Z CLI info [debug-utility]   Host: eds.browserstack.com
2026-03-09T10:45:36.680Z CLI info [debug-utility]   Checking connectivity to: https://eds.browserstack.com without Proxy
2026-03-09T10:45:36.722Z CLI info [debug-utility]   Connectivity check completed for URL without Proxy: https://eds.browserstack.com
2026-03-09T10:45:36.723Z CLI info [debug-utility]   -------------------------------------------------
2026-03-09T10:45:36.723Z CLI info [debug-utility]   Host: sdk.browserstack.com
2026-03-09T10:45:36.723Z CLI info [debug-utility]   Checking connectivity to: https://sdk.browserstack.com without Proxy
2026-03-09T10:45:36.846Z CLI info [debug-utility]   Connectivity check completed for URL without Proxy: https://sdk.browserstack.com
2026-03-09T10:45:36.846Z CLI info [debug-utility]   
Connectivity check results summary:
2026-03-09T10:45:36.846Z CLI info [debug-utility]   All connectivity checks passed
2026-03-09T10:45:36.846Z CLI info [debug-utility]   

========================browserstack.yml checks========================
2026-03-09T10:45:36.846Z CLI info [debug-utility]   Validating browserstack.yml configuration
2026-03-09T10:45:36.847Z CLI info [debug-utility]   browserstack.yml configuration validation completed
2026-03-09T10:45:36.847Z CLI info [debug-utility]   

========================Project configuration checks========================
2026-03-09T10:45:38.054Z CLI info [debug-utility]   Detecting Node.js version used in the project
2026-03-09T10:45:38.205Z CLI info [debug-utility]   Node.js version detection failed
2026-03-09T10:45:38.205Z CLI error [debug-utility]          Error occurred while detecting Node.js version: Command failed: C:\Program Files\nodejs\node.exe -v
'C:\Program' is not recognized as an internal or external command,
operable program or batch file.

2026-03-09T10:45:38.205Z CLI info [debug-utility]   Verifying installation of BrowserStack SDK
2026-03-09T10:45:38.205Z CLI info [debug-utility]   BrowserStack SDK is installed
2026-03-09T10:45:38.205Z CLI info [debug-utility]          Detected BrowserStack SDK version: 1.50.1
2026-03-09T10:45:38.205Z CLI info [debug-utility]   Detecting frameworks used in the project
2026-03-09T10:45:38.205Z CLI info [debug-utility]   Framework detection completed
2026-03-09T10:45:38.205Z CLI info [debug-utility]          Detected frameworks with versions: {"@playwright/test":"1.58.2","@cucumber/cucumber":"11.3.0"}
2026-03-09T10:45:38.206Z CLI info [debug-utility]   

========================Version compatibility checks========================
2026-03-09T10:45:38.206Z CLI info [debug-utility]   Skipping version compatibility check due to incompatible setup detection.
2026-03-09T10:45:38.206Z CLI debug [debug-utility]   Sending data to EDS: {"event_type":"sdk_events","data":{"testhub_uuid":"","created_day":"2026-03-09T10:45:38.206 UTC","event_name":"SDK_DEBUG_UTILITY_REPORT","user_data":"kjavedirfan_eZBoq7","host_info":"{\"hostname\":\"pe2vdfqaper-018\",\"platform\":\"win32\",\"type\":\"Windows_NT\",\"version\":\"Windows 10 Enterprise\",\"arch\":\"x64\"}","event_json":{"cliArgs":"C:\\Users\\KSuvarna\\.browserstack\\cli\\binary-win-x64.exe C:\\snapshot\\browserstack-binary\\cli\\dist\\index.js sdk","cliVersion":"1.24.2","results":{"system_check":{"metadata":{},"status":true,"messages":[]},"parse_yml":{"metadata":{},"status":true,"messages":[]},"connectivity_check":{"metadata":{"proxySettings":""},"status":true,"messages":[]},"validate_yml":{"metadata":{},"status":true,"messages":[]},"parse_project_config":{"metadata":{"configFilePath":"C:\\Users\\KSuvarna\\Desktop\\follet-test-steps\\package.json"},"status":false,"messages":["Error occurred while detecting Node.js version: Command failed: C:\\Program Files\\nodejs\\node.exe -v\n'C:\\Program' is not recognized as an internal or external command,\r\noperable program or batch file.\r\n"]},"version_compatibility":{"metadata":{},"status":false,"messages":["skipped"]}},"projectDirectory":"C:\\Users\\KSuvarna\\Desktop\\follet-test-steps","bstackconfigFilePath":"C:\\Users\\KSuvarna\\Desktop\\follet-test-steps\\browserstack.yml","projectConfigFilePath":null,"userProxyConfig":null,"sdkVersion":"1.50.1","language":"node","languageVersion":null,"frameworks":{"@playwright/test":"1.58.2","@cucumber/cucumber":"11.3.0"}}}}
2026-03-09T10:45:38.243Z CLI debug [debug-utility]   Data sent successfully to https://eds.browserstack.com with response 200
2026-03-09T10:50:19.330Z CLI info [debug-utility]   Starting debug utility in non-interactive mode with options: {"projectDirectory":"C:\\Users\\KSuvarna\\Desktop\\follet-test-steps","language":"node","username":"kjavedirfan_eZBoq7","key":"wMYFrmsNHB7QEs1RBFu8","bstackconfigFilePath":"C:\\Users\\KSuvarna\\Desktop\\follet-test-steps\\browserstack.yml"}
2026-03-09T10:50:19.331Z CLI info [debug-utility]   ======================system permissions checks======================
2026-03-09T10:50:19.333Z CLI info [debug-utility]   Checking write permissions for directory: C:\Users\KSuvarna\Desktop\follet-test-steps
2026-03-09T10:50:19.333Z CLI info [debug-utility]   Write permissions check completed for directory: C:\Users\KSuvarna\Desktop\follet-test-steps
2026-03-09T10:50:19.334Z CLI info [debug-utility]   Checking write permissions for directory: C:\Users\KSuvarna\.browserstack
2026-03-09T10:50:19.334Z CLI info [debug-utility]   Write permissions check completed for directory: C:\Users\KSuvarna\.browserstack
2026-03-09T10:50:19.334Z CLI info [debug-utility]   

========================Detecting browserstack.yml========================
2026-03-09T10:50:19.337Z CLI info [debug-utility]   

========================connectivity checks========================
2026-03-09T10:50:19.337Z CLI info [debug-utility]   No proxy settings detected.
2026-03-09T10:50:19.337Z CLI info [debug-utility]   -------------------------------------------------
2026-03-09T10:50:19.337Z CLI info [debug-utility]   Host: api.browserstack.com
2026-03-09T10:50:19.337Z CLI info [debug-utility]   Checking connectivity to: https://api.browserstack.com/robots.txt without Proxy
2026-03-09T10:50:19.445Z CLI info [debug-utility]   Connectivity check completed for URL without Proxy: https://api.browserstack.com/robots.txt
2026-03-09T10:50:19.446Z CLI info [debug-utility]   -------------------------------------------------
2026-03-09T10:50:19.446Z CLI info [debug-utility]   Host: api-cloud.browserstack.com
2026-03-09T10:50:19.446Z CLI info [debug-utility]   Checking connectivity to: https://api-cloud.browserstack.com without Proxy
2026-03-09T10:50:19.696Z CLI info [debug-utility]   Connectivity check completed for URL without Proxy: https://api-cloud.browserstack.com
2026-03-09T10:50:19.696Z CLI info [debug-utility]   -------------------------------------------------
2026-03-09T10:50:19.696Z CLI info [debug-utility]   Host: www.browserstack.com
2026-03-09T10:50:19.696Z CLI info [debug-utility]   Checking connectivity to: https://www.browserstack.com/robots.txt without Proxy
2026-03-09T10:50:19.833Z CLI info [debug-utility]   Connectivity check completed for URL without Proxy: https://www.browserstack.com/robots.txt
2026-03-09T10:50:19.833Z CLI info [debug-utility]   -------------------------------------------------
2026-03-09T10:50:19.833Z CLI info [debug-utility]   Host: automate.browserstack.com
2026-03-09T10:50:19.833Z CLI info [debug-utility]   Checking connectivity to: https://automate.browserstack.com/robots.txt without Proxy
2026-03-09T10:50:19.995Z CLI info [debug-utility]   Connectivity check completed for URL without Proxy: https://automate.browserstack.com/robots.txt
2026-03-09T10:50:19.995Z CLI info [debug-utility]   -------------------------------------------------
2026-03-09T10:50:19.996Z CLI info [debug-utility]   Host: app-automate.browserstack.com
2026-03-09T10:50:19.996Z CLI info [debug-utility]   Checking connectivity to: https://app-automate.browserstack.com/robots.txt without Proxy
2026-03-09T10:50:20.157Z CLI info [debug-utility]   Connectivity check completed for URL without Proxy: https://app-automate.browserstack.com/robots.txt
2026-03-09T10:50:20.157Z CLI info [debug-utility]   -------------------------------------------------
2026-03-09T10:50:20.157Z CLI info [debug-utility]   Host: hub.browserstack.com
2026-03-09T10:50:20.157Z CLI info [debug-utility]   Checking connectivity to: https://hub.browserstack.com/wd/hub without Proxy
2026-03-09T10:50:20.211Z CLI info [debug-utility]   Connectivity check completed for URL without Proxy: https://hub.browserstack.com/wd/hub
2026-03-09T10:50:20.211Z CLI info [debug-utility]   -------------------------------------------------
2026-03-09T10:50:20.211Z CLI info [debug-utility]   Host: hub.browserstack.com
2026-03-09T10:50:20.211Z CLI info [debug-utility]   Checking connectivity to: http://hub.browserstack.com/wd/hub without Proxy
2026-03-09T10:50:20.246Z CLI info [debug-utility]   Connectivity check completed for URL without Proxy: http://hub.browserstack.com/wd/hub
2026-03-09T10:50:20.246Z CLI info [debug-utility]   -------------------------------------------------
2026-03-09T10:50:20.246Z CLI info [debug-utility]   Host: cdp.browserstack.com
2026-03-09T10:50:20.246Z CLI info [debug-utility]   Checking connectivity to: https://cdp.browserstack.com without Proxy
2026-03-09T10:50:20.368Z CLI info [debug-utility]   Connectivity check completed for URL without Proxy: https://cdp.browserstack.com
2026-03-09T10:50:20.368Z CLI info [debug-utility]   -------------------------------------------------
2026-03-09T10:50:20.368Z CLI info [debug-utility]   Host: upload-observability.browserstack.com
2026-03-09T10:50:20.368Z CLI info [debug-utility]   Checking connectivity to: https://upload-observability.browserstack.com without Proxy
2026-03-09T10:50:20.481Z CLI info [debug-utility]   Connectivity check completed for URL without Proxy: https://upload-observability.browserstack.com
2026-03-09T10:50:20.481Z CLI info [debug-utility]   -------------------------------------------------
2026-03-09T10:50:20.481Z CLI info [debug-utility]   Host: collector-observability.browserstack.com
2026-03-09T10:50:20.481Z CLI info [debug-utility]   Checking connectivity to: https://collector-observability.browserstack.com without Proxy
2026-03-09T10:50:20.854Z CLI info [debug-utility]   Connectivity check completed for URL without Proxy: https://collector-observability.browserstack.com
2026-03-09T10:50:20.854Z CLI info [debug-utility]   -------------------------------------------------
2026-03-09T10:50:20.854Z CLI info [debug-utility]   Host: eds.browserstack.com
2026-03-09T10:50:20.854Z CLI info [debug-utility]   Checking connectivity to: https://eds.browserstack.com without Proxy
2026-03-09T10:50:20.943Z CLI info [debug-utility]   Connectivity check completed for URL without Proxy: https://eds.browserstack.com
2026-03-09T10:50:20.944Z CLI info [debug-utility]   -------------------------------------------------
2026-03-09T10:50:20.944Z CLI info [debug-utility]   Host: sdk.browserstack.com
2026-03-09T10:50:20.944Z CLI info [debug-utility]   Checking connectivity to: https://sdk.browserstack.com without Proxy
2026-03-09T10:50:21.058Z CLI info [debug-utility]   Connectivity check completed for URL without Proxy: https://sdk.browserstack.com
2026-03-09T10:50:21.058Z CLI info [debug-utility]   
Connectivity check results summary:
2026-03-09T10:50:21.058Z CLI info [debug-utility]   All connectivity checks passed
2026-03-09T10:50:21.058Z CLI info [debug-utility]   

========================browserstack.yml checks========================
2026-03-09T10:50:21.058Z CLI info [debug-utility]   Validating browserstack.yml configuration
2026-03-09T10:50:21.059Z CLI info [debug-utility]   browserstack.yml configuration validation completed
2026-03-09T10:50:21.059Z CLI info [debug-utility]   

========================Project configuration checks========================
2026-03-09T10:50:22.280Z CLI info [debug-utility]   Detecting Node.js version used in the project
2026-03-09T10:50:22.419Z CLI info [debug-utility]   Node.js version detection failed
2026-03-09T10:50:22.419Z CLI error [debug-utility]          Error occurred while detecting Node.js version: Command failed: C:\Program Files\nodejs\node.exe -v
'C:\Program' is not recognized as an internal or external command,
operable program or batch file.

2026-03-09T10:50:22.419Z CLI info [debug-utility]   Verifying installation of BrowserStack SDK
2026-03-09T10:50:22.420Z CLI info [debug-utility]   BrowserStack SDK is installed
2026-03-09T10:50:22.420Z CLI info [debug-utility]          Detected BrowserStack SDK version: 1.50.1
2026-03-09T10:50:22.420Z CLI info [debug-utility]   Detecting frameworks used in the project
2026-03-09T10:50:22.420Z CLI info [debug-utility]   Framework detection completed
2026-03-09T10:50:22.420Z CLI info [debug-utility]          Detected frameworks with versions: {"@playwright/test":"1.58.2","@cucumber/cucumber":"11.3.0"}
2026-03-09T10:50:22.420Z CLI info [debug-utility]   

========================Version compatibility checks========================
2026-03-09T10:50:22.420Z CLI info [debug-utility]   Skipping version compatibility check due to incompatible setup detection.
2026-03-09T10:50:22.421Z CLI debug [debug-utility]   Sending data to EDS: {"event_type":"sdk_events","data":{"testhub_uuid":"","created_day":"2026-03-09T10:50:22.420 UTC","event_name":"SDK_DEBUG_UTILITY_REPORT","user_data":"kjavedirfan_eZBoq7","host_info":"{\"hostname\":\"pe2vdfqaper-018\",\"platform\":\"win32\",\"type\":\"Windows_NT\",\"version\":\"Windows 10 Enterprise\",\"arch\":\"x64\"}","event_json":{"cliArgs":"C:\\Users\\KSuvarna\\.browserstack\\cli\\binary-win-x64.exe C:\\snapshot\\browserstack-binary\\cli\\dist\\index.js sdk","cliVersion":"1.24.2","results":{"system_check":{"metadata":{},"status":true,"messages":[]},"parse_yml":{"metadata":{},"status":true,"messages":[]},"connectivity_check":{"metadata":{"proxySettings":""},"status":true,"messages":[]},"validate_yml":{"metadata":{},"status":true,"messages":[]},"parse_project_config":{"metadata":{"configFilePath":"C:\\Users\\KSuvarna\\Desktop\\follet-test-steps\\package.json"},"status":false,"messages":["Error occurred while detecting Node.js version: Command failed: C:\\Program Files\\nodejs\\node.exe -v\n'C:\\Program' is not recognized as an internal or external command,\r\noperable program or batch file.\r\n"]},"version_compatibility":{"metadata":{},"status":false,"messages":["skipped"]}},"projectDirectory":"C:\\Users\\KSuvarna\\Desktop\\follet-test-steps","bstackconfigFilePath":"C:\\Users\\KSuvarna\\Desktop\\follet-test-steps\\browserstack.yml","projectConfigFilePath":null,"userProxyConfig":null,"sdkVersion":"1.50.1","language":"node","languageVersion":null,"frameworks":{"@playwright/test":"1.58.2","@cucumber/cucumber":"11.3.0"}}}}
2026-03-09T10:50:22.451Z CLI debug [debug-utility]   Data sent successfully to https://eds.browserstack.com with response 200
2026-03-09T11:22:52.123Z CLI info [debug-utility]   Starting debug utility in non-interactive mode with options: {"projectDirectory":"C:\\Users\\KSuvarna\\Desktop\\follet-test-steps","language":"node","username":"kjavedirfan_eZBoq7","key":"wMYFrmsNHB7QEs1RBFu8","bstackconfigFilePath":"C:\\Users\\KSuvarna\\Desktop\\follet-test-steps\\browserstack.yml"}
2026-03-09T11:22:52.123Z CLI info [debug-utility]   ======================system permissions checks======================
2026-03-09T11:22:52.124Z CLI info [debug-utility]   Checking write permissions for directory: C:\Users\KSuvarna\Desktop\follet-test-steps
2026-03-09T11:22:52.125Z CLI info [debug-utility]   Write permissions check completed for directory: C:\Users\KSuvarna\Desktop\follet-test-steps
2026-03-09T11:22:52.125Z CLI info [debug-utility]   Checking write permissions for directory: C:\Users\KSuvarna\.browserstack
2026-03-09T11:22:52.125Z CLI info [debug-utility]   Write permissions check completed for directory: C:\Users\KSuvarna\.browserstack
2026-03-09T11:22:52.125Z CLI info [debug-utility]   

========================Detecting browserstack.yml========================
2026-03-09T11:22:52.129Z CLI info [debug-utility]   

========================connectivity checks========================
2026-03-09T11:22:52.129Z CLI info [debug-utility]   No proxy settings detected.
2026-03-09T11:22:52.129Z CLI info [debug-utility]   -------------------------------------------------
2026-03-09T11:22:52.129Z CLI info [debug-utility]   Host: api.browserstack.com
2026-03-09T11:22:52.129Z CLI info [debug-utility]   Checking connectivity to: https://api.browserstack.com/robots.txt without Proxy
2026-03-09T11:22:52.243Z CLI info [debug-utility]   Connectivity check completed for URL without Proxy: https://api.browserstack.com/robots.txt
2026-03-09T11:22:52.243Z CLI info [debug-utility]   -------------------------------------------------
2026-03-09T11:22:52.244Z CLI info [debug-utility]   Host: api-cloud.browserstack.com
2026-03-09T11:22:52.244Z CLI info [debug-utility]   Checking connectivity to: https://api-cloud.browserstack.com without Proxy
2026-03-09T11:22:52.443Z CLI info [debug-utility]   Connectivity check completed for URL without Proxy: https://api-cloud.browserstack.com
2026-03-09T11:22:52.443Z CLI info [debug-utility]   -------------------------------------------------
2026-03-09T11:22:52.443Z CLI info [debug-utility]   Host: www.browserstack.com
2026-03-09T11:22:52.443Z CLI info [debug-utility]   Checking connectivity to: https://www.browserstack.com/robots.txt without Proxy
2026-03-09T11:22:52.545Z CLI info [debug-utility]   Connectivity check completed for URL without Proxy: https://www.browserstack.com/robots.txt
2026-03-09T11:22:52.545Z CLI info [debug-utility]   -------------------------------------------------
2026-03-09T11:22:52.545Z CLI info [debug-utility]   Host: automate.browserstack.com
2026-03-09T11:22:52.545Z CLI info [debug-utility]   Checking connectivity to: https://automate.browserstack.com/robots.txt without Proxy
2026-03-09T11:22:52.679Z CLI info [debug-utility]   Connectivity check completed for URL without Proxy: https://automate.browserstack.com/robots.txt
2026-03-09T11:22:52.680Z CLI info [debug-utility]   -------------------------------------------------
2026-03-09T11:22:52.680Z CLI info [debug-utility]   Host: app-automate.browserstack.com
2026-03-09T11:22:52.680Z CLI info [debug-utility]   Checking connectivity to: https://app-automate.browserstack.com/robots.txt without Proxy
2026-03-09T11:22:52.847Z CLI info [debug-utility]   Connectivity check completed for URL without Proxy: https://app-automate.browserstack.com/robots.txt
2026-03-09T11:22:52.847Z CLI info [debug-utility]   -------------------------------------------------
2026-03-09T11:22:52.847Z CLI info [debug-utility]   Host: hub.browserstack.com
2026-03-09T11:22:52.847Z CLI info [debug-utility]   Checking connectivity to: https://hub.browserstack.com/wd/hub without Proxy
2026-03-09T11:22:52.899Z CLI info [debug-utility]   Connectivity check completed for URL without Proxy: https://hub.browserstack.com/wd/hub
2026-03-09T11:22:52.899Z CLI info [debug-utility]   -------------------------------------------------
2026-03-09T11:22:52.900Z CLI info [debug-utility]   Host: hub.browserstack.com
2026-03-09T11:22:52.900Z CLI info [debug-utility]   Checking connectivity to: http://hub.browserstack.com/wd/hub without Proxy
2026-03-09T11:22:52.922Z CLI info [debug-utility]   Connectivity check completed for URL without Proxy: http://hub.browserstack.com/wd/hub
2026-03-09T11:22:52.922Z CLI info [debug-utility]   -------------------------------------------------
2026-03-09T11:22:52.922Z CLI info [debug-utility]   Host: cdp.browserstack.com
2026-03-09T11:22:52.922Z CLI info [debug-utility]   Checking connectivity to: https://cdp.browserstack.com without Proxy
2026-03-09T11:22:53.050Z CLI info [debug-utility]   Connectivity check completed for URL without Proxy: https://cdp.browserstack.com
2026-03-09T11:22:53.050Z CLI info [debug-utility]   -------------------------------------------------
2026-03-09T11:22:53.050Z CLI info [debug-utility]   Host: upload-observability.browserstack.com
2026-03-09T11:22:53.051Z CLI info [debug-utility]   Checking connectivity to: https://upload-observability.browserstack.com without Proxy
2026-03-09T11:22:53.153Z CLI info [debug-utility]   Connectivity check completed for URL without Proxy: https://upload-observability.browserstack.com
2026-03-09T11:22:53.153Z CLI info [debug-utility]   -------------------------------------------------
2026-03-09T11:22:53.153Z CLI info [debug-utility]   Host: collector-observability.browserstack.com
2026-03-09T11:22:53.153Z CLI info [debug-utility]   Checking connectivity to: https://collector-observability.browserstack.com without Proxy
2026-03-09T11:22:53.254Z CLI info [debug-utility]   Connectivity check completed for URL without Proxy: https://collector-observability.browserstack.com
2026-03-09T11:22:53.254Z CLI info [debug-utility]   -------------------------------------------------
2026-03-09T11:22:53.254Z CLI info [debug-utility]   Host: eds.browserstack.com
2026-03-09T11:22:53.254Z CLI info [debug-utility]   Checking connectivity to: https://eds.browserstack.com without Proxy
2026-03-09T11:22:53.336Z CLI info [debug-utility]   Connectivity check completed for URL without Proxy: https://eds.browserstack.com
2026-03-09T11:22:53.336Z CLI info [debug-utility]   -------------------------------------------------
2026-03-09T11:22:53.336Z CLI info [debug-utility]   Host: sdk.browserstack.com
2026-03-09T11:22:53.336Z CLI info [debug-utility]   Checking connectivity to: https://sdk.browserstack.com without Proxy
2026-03-09T11:22:53.440Z CLI info [debug-utility]   Connectivity check completed for URL without Proxy: https://sdk.browserstack.com
2026-03-09T11:22:53.440Z CLI info [debug-utility]   
Connectivity check results summary:
2026-03-09T11:22:53.440Z CLI info [debug-utility]   All connectivity checks passed
2026-03-09T11:22:53.440Z CLI info [debug-utility]   

========================browserstack.yml checks========================
2026-03-09T11:22:53.440Z CLI info [debug-utility]   Validating browserstack.yml configuration
2026-03-09T11:22:53.441Z CLI info [debug-utility]   browserstack.yml configuration validation completed
2026-03-09T11:22:53.441Z CLI info [debug-utility]   

========================Project configuration checks========================
2026-03-09T11:22:54.730Z CLI info [debug-utility]   Detecting Node.js version used in the project
2026-03-09T11:22:54.861Z CLI info [debug-utility]   Node.js version detection failed
2026-03-09T11:22:54.861Z CLI error [debug-utility]          Error occurred while detecting Node.js version: Command failed: C:\Program Files\nodejs\node.exe -v
'C:\Program' is not recognized as an internal or external command,
operable program or batch file.

2026-03-09T11:22:54.861Z CLI info [debug-utility]   Verifying installation of BrowserStack SDK
2026-03-09T11:22:54.861Z CLI info [debug-utility]   BrowserStack SDK is installed
2026-03-09T11:22:54.862Z CLI info [debug-utility]          Detected BrowserStack SDK version: 1.50.1
2026-03-09T11:22:54.862Z CLI info [debug-utility]   Detecting frameworks used in the project
2026-03-09T11:22:54.862Z CLI info [debug-utility]   Framework detection completed
2026-03-09T11:22:54.862Z CLI info [debug-utility]          Detected frameworks with versions: {"@playwright/test":"1.58.2","@cucumber/cucumber":"11.3.0"}
2026-03-09T11:22:54.862Z CLI info [debug-utility]   

========================Version compatibility checks========================
2026-03-09T11:22:54.862Z CLI info [debug-utility]   Skipping version compatibility check due to incompatible setup detection.
2026-03-09T11:22:54.862Z CLI debug [debug-utility]   Sending data to EDS: {"event_type":"sdk_events","data":{"testhub_uuid":"","created_day":"2026-03-09T11:22:54.862 UTC","event_name":"SDK_DEBUG_UTILITY_REPORT","user_data":"kjavedirfan_eZBoq7","host_info":"{\"hostname\":\"pe2vdfqaper-018\",\"platform\":\"win32\",\"type\":\"Windows_NT\",\"version\":\"Windows 10 Enterprise\",\"arch\":\"x64\"}","event_json":{"cliArgs":"C:\\Users\\KSuvarna\\.browserstack\\cli\\binary-win-x64.exe C:\\snapshot\\browserstack-binary\\cli\\dist\\index.js sdk","cliVersion":"1.24.2","results":{"system_check":{"metadata":{},"status":true,"messages":[]},"parse_yml":{"metadata":{},"status":true,"messages":[]},"connectivity_check":{"metadata":{"proxySettings":""},"status":true,"messages":[]},"validate_yml":{"metadata":{},"status":true,"messages":[]},"parse_project_config":{"metadata":{"configFilePath":"C:\\Users\\KSuvarna\\Desktop\\follet-test-steps\\package.json"},"status":false,"messages":["Error occurred while detecting Node.js version: Command failed: C:\\Program Files\\nodejs\\node.exe -v\n'C:\\Program' is not recognized as an internal or external command,\r\noperable program or batch file.\r\n"]},"version_compatibility":{"metadata":{},"status":false,"messages":["skipped"]}},"projectDirectory":"C:\\Users\\KSuvarna\\Desktop\\follet-test-steps","bstackconfigFilePath":"C:\\Users\\KSuvarna\\Desktop\\follet-test-steps\\browserstack.yml","projectConfigFilePath":null,"userProxyConfig":null,"sdkVersion":"1.50.1","language":"node","languageVersion":null,"frameworks":{"@playwright/test":"1.58.2","@cucumber/cucumber":"11.3.0"}}}}
2026-03-09T11:22:54.896Z CLI debug [debug-utility]   Data sent successfully to https://eds.browserstack.com with response 200
2026-03-09T11:25:50.908Z CLI info [debug-utility]   Starting debug utility in non-interactive mode with options: {"projectDirectory":"C:\\Users\\KSuvarna\\Desktop\\follet-test-steps","language":"node","username":"kjavedirfan_eZBoq7","key":"wMYFrmsNHB7QEs1RBFu8","bstackconfigFilePath":"C:\\Users\\KSuvarna\\Desktop\\follet-test-steps\\browserstack.yml"}
2026-03-09T11:25:50.909Z CLI info [debug-utility]   ======================system permissions checks======================
2026-03-09T11:25:50.911Z CLI info [debug-utility]   Checking write permissions for directory: C:\Users\KSuvarna\Desktop\follet-test-steps
2026-03-09T11:25:50.912Z CLI info [debug-utility]   Write permissions check completed for directory: C:\Users\KSuvarna\Desktop\follet-test-steps
2026-03-09T11:25:50.912Z CLI info [debug-utility]   Checking write permissions for directory: C:\Users\KSuvarna\.browserstack
2026-03-09T11:25:50.912Z CLI info [debug-utility]   Write permissions check completed for directory: C:\Users\KSuvarna\.browserstack
2026-03-09T11:25:50.912Z CLI info [debug-utility]   

========================Detecting browserstack.yml========================
2026-03-09T11:25:50.915Z CLI info [debug-utility]   

========================connectivity checks========================
2026-03-09T11:25:50.915Z CLI info [debug-utility]   No proxy settings detected.
2026-03-09T11:25:50.915Z CLI info [debug-utility]   -------------------------------------------------
2026-03-09T11:25:50.915Z CLI info [debug-utility]   Host: api.browserstack.com
2026-03-09T11:25:50.916Z CLI info [debug-utility]   Checking connectivity to: https://api.browserstack.com/robots.txt without Proxy
2026-03-09T11:25:51.016Z CLI info [debug-utility]   Connectivity check completed for URL without Proxy: https://api.browserstack.com/robots.txt
2026-03-09T11:25:51.016Z CLI info [debug-utility]   -------------------------------------------------
2026-03-09T11:25:51.017Z CLI info [debug-utility]   Host: api-cloud.browserstack.com
2026-03-09T11:25:51.017Z CLI info [debug-utility]   Checking connectivity to: https://api-cloud.browserstack.com without Proxy
2026-03-09T11:25:51.191Z CLI info [debug-utility]   Connectivity check completed for URL without Proxy: https://api-cloud.browserstack.com
2026-03-09T11:25:51.192Z CLI info [debug-utility]   -------------------------------------------------
2026-03-09T11:25:51.192Z CLI info [debug-utility]   Host: www.browserstack.com
2026-03-09T11:25:51.192Z CLI info [debug-utility]   Checking connectivity to: https://www.browserstack.com/robots.txt without Proxy
2026-03-09T11:25:51.334Z CLI info [debug-utility]   Connectivity check completed for URL without Proxy: https://www.browserstack.com/robots.txt
2026-03-09T11:25:51.334Z CLI info [debug-utility]   -------------------------------------------------
2026-03-09T11:25:51.334Z CLI info [debug-utility]   Host: automate.browserstack.com
2026-03-09T11:25:51.334Z CLI info [debug-utility]   Checking connectivity to: https://automate.browserstack.com/robots.txt without Proxy
2026-03-09T11:25:51.487Z CLI info [debug-utility]   Connectivity check completed for URL without Proxy: https://automate.browserstack.com/robots.txt
2026-03-09T11:25:51.487Z CLI info [debug-utility]   -------------------------------------------------
2026-03-09T11:25:51.488Z CLI info [debug-utility]   Host: app-automate.browserstack.com
2026-03-09T11:25:51.488Z CLI info [debug-utility]   Checking connectivity to: https://app-automate.browserstack.com/robots.txt without Proxy
2026-03-09T11:25:51.629Z CLI info [debug-utility]   Connectivity check completed for URL without Proxy: https://app-automate.browserstack.com/robots.txt
2026-03-09T11:25:51.629Z CLI info [debug-utility]   -------------------------------------------------
2026-03-09T11:25:51.629Z CLI info [debug-utility]   Host: hub.browserstack.com
2026-03-09T11:25:51.629Z CLI info [debug-utility]   Checking connectivity to: https://hub.browserstack.com/wd/hub without Proxy
2026-03-09T11:25:51.701Z CLI info [debug-utility]   Connectivity check completed for URL without Proxy: https://hub.browserstack.com/wd/hub
2026-03-09T11:25:51.702Z CLI info [debug-utility]   -------------------------------------------------
2026-03-09T11:25:51.702Z CLI info [debug-utility]   Host: hub.browserstack.com
2026-03-09T11:25:51.702Z CLI info [debug-utility]   Checking connectivity to: http://hub.browserstack.com/wd/hub without Proxy
2026-03-09T11:25:51.724Z CLI info [debug-utility]   Connectivity check completed for URL without Proxy: http://hub.browserstack.com/wd/hub
2026-03-09T11:25:51.724Z CLI info [debug-utility]   -------------------------------------------------
2026-03-09T11:25:51.725Z CLI info [debug-utility]   Host: cdp.browserstack.com
2026-03-09T11:25:51.725Z CLI info [debug-utility]   Checking connectivity to: https://cdp.browserstack.com without Proxy
2026-03-09T11:25:51.819Z CLI info [debug-utility]   Connectivity check completed for URL without Proxy: https://cdp.browserstack.com
2026-03-09T11:25:51.819Z CLI info [debug-utility]   -------------------------------------------------
2026-03-09T11:25:51.819Z CLI info [debug-utility]   Host: upload-observability.browserstack.com
2026-03-09T11:25:51.819Z CLI info [debug-utility]   Checking connectivity to: https://upload-observability.browserstack.com without Proxy
2026-03-09T11:25:51.917Z CLI info [debug-utility]   Connectivity check completed for URL without Proxy: https://upload-observability.browserstack.com
2026-03-09T11:25:51.918Z CLI info [debug-utility]   -------------------------------------------------
2026-03-09T11:25:51.918Z CLI info [debug-utility]   Host: collector-observability.browserstack.com
2026-03-09T11:25:51.918Z CLI info [debug-utility]   Checking connectivity to: https://collector-observability.browserstack.com without Proxy
2026-03-09T11:25:52.253Z CLI info [debug-utility]   Connectivity check completed for URL without Proxy: https://collector-observability.browserstack.com
2026-03-09T11:25:52.253Z CLI info [debug-utility]   -------------------------------------------------
2026-03-09T11:25:52.253Z CLI info [debug-utility]   Host: eds.browserstack.com
2026-03-09T11:25:52.253Z CLI info [debug-utility]   Checking connectivity to: https://eds.browserstack.com without Proxy
2026-03-09T11:25:52.291Z CLI info [debug-utility]   Connectivity check completed for URL without Proxy: https://eds.browserstack.com
2026-03-09T11:25:52.291Z CLI info [debug-utility]   -------------------------------------------------
2026-03-09T11:25:52.291Z CLI info [debug-utility]   Host: sdk.browserstack.com
2026-03-09T11:25:52.291Z CLI info [debug-utility]   Checking connectivity to: https://sdk.browserstack.com without Proxy
2026-03-09T11:25:52.419Z CLI info [debug-utility]   Connectivity check completed for URL without Proxy: https://sdk.browserstack.com
2026-03-09T11:25:52.420Z CLI info [debug-utility]   
Connectivity check results summary:
2026-03-09T11:25:52.420Z CLI info [debug-utility]   All connectivity checks passed
2026-03-09T11:25:52.420Z CLI info [debug-utility]   

========================browserstack.yml checks========================
2026-03-09T11:25:52.420Z CLI info [debug-utility]   Validating browserstack.yml configuration
2026-03-09T11:25:52.421Z CLI info [debug-utility]   browserstack.yml configuration validation completed
2026-03-09T11:25:52.421Z CLI info [debug-utility]   

========================Project configuration checks========================
2026-03-09T11:25:53.599Z CLI info [debug-utility]   Detecting Node.js version used in the project
2026-03-09T11:25:53.728Z CLI info [debug-utility]   Node.js version detection failed
2026-03-09T11:25:53.729Z CLI error [debug-utility]          Error occurred while detecting Node.js version: Command failed: C:\Program Files\nodejs\node.exe -v
'C:\Program' is not recognized as an internal or external command,
operable program or batch file.

2026-03-09T11:25:53.729Z CLI info [debug-utility]   Verifying installation of BrowserStack SDK
2026-03-09T11:25:53.729Z CLI info [debug-utility]   BrowserStack SDK is installed
2026-03-09T11:25:53.729Z CLI info [debug-utility]          Detected BrowserStack SDK version: 1.50.1
2026-03-09T11:25:53.729Z CLI info [debug-utility]   Detecting frameworks used in the project
2026-03-09T11:25:53.729Z CLI info [debug-utility]   Framework detection completed
2026-03-09T11:25:53.729Z CLI info [debug-utility]          Detected frameworks with versions: {"@playwright/test":"1.58.2","@cucumber/cucumber":"11.3.0"}
2026-03-09T11:25:53.729Z CLI info [debug-utility]   

========================Version compatibility checks========================
2026-03-09T11:25:53.729Z CLI info [debug-utility]   Skipping version compatibility check due to incompatible setup detection.
2026-03-09T11:25:53.730Z CLI debug [debug-utility]   Sending data to EDS: {"event_type":"sdk_events","data":{"testhub_uuid":"","created_day":"2026-03-09T11:25:53.729 UTC","event_name":"SDK_DEBUG_UTILITY_REPORT","user_data":"kjavedirfan_eZBoq7","host_info":"{\"hostname\":\"pe2vdfqaper-018\",\"platform\":\"win32\",\"type\":\"Windows_NT\",\"version\":\"Windows 10 Enterprise\",\"arch\":\"x64\"}","event_json":{"cliArgs":"C:\\Users\\KSuvarna\\.browserstack\\cli\\binary-win-x64.exe C:\\snapshot\\browserstack-binary\\cli\\dist\\index.js sdk","cliVersion":"1.24.2","results":{"system_check":{"metadata":{},"status":true,"messages":[]},"parse_yml":{"metadata":{},"status":true,"messages":[]},"connectivity_check":{"metadata":{"proxySettings":""},"status":true,"messages":[]},"validate_yml":{"metadata":{},"status":true,"messages":[]},"parse_project_config":{"metadata":{"configFilePath":"C:\\Users\\KSuvarna\\Desktop\\follet-test-steps\\package.json"},"status":false,"messages":["Error occurred while detecting Node.js version: Command failed: C:\\Program Files\\nodejs\\node.exe -v\n'C:\\Program' is not recognized as an internal or external command,\r\noperable program or batch file.\r\n"]},"version_compatibility":{"metadata":{},"status":false,"messages":["skipped"]}},"projectDirectory":"C:\\Users\\KSuvarna\\Desktop\\follet-test-steps","bstackconfigFilePath":"C:\\Users\\KSuvarna\\Desktop\\follet-test-steps\\browserstack.yml","projectConfigFilePath":null,"userProxyConfig":null,"sdkVersion":"1.50.1","language":"node","languageVersion":null,"frameworks":{"@playwright/test":"1.58.2","@cucumber/cucumber":"11.3.0"}}}}
2026-03-09T11:25:53.765Z CLI debug [debug-utility]   Data sent successfully to https://eds.browserstack.com with response 200
2026-03-09T11:28:39.004Z CLI info [debug-utility]   Starting debug utility in non-interactive mode with options: {"projectDirectory":"C:\\Users\\KSuvarna\\Desktop\\follet-test-steps","language":"node","username":"kjavedirfan_eZBoq7","key":"wMYFrmsNHB7QEs1RBFu8","bstackconfigFilePath":"C:\\Users\\KSuvarna\\Desktop\\follet-test-steps\\browserstack.yml"}
2026-03-09T11:28:39.004Z CLI info [debug-utility]   ======================system permissions checks======================
2026-03-09T11:28:39.006Z CLI info [debug-utility]   Checking write permissions for directory: C:\Users\KSuvarna\Desktop\follet-test-steps
2026-03-09T11:28:39.006Z CLI info [debug-utility]   Write permissions check completed for directory: C:\Users\KSuvarna\Desktop\follet-test-steps
2026-03-09T11:28:39.007Z CLI info [debug-utility]   Checking write permissions for directory: C:\Users\KSuvarna\.browserstack
2026-03-09T11:28:39.007Z CLI info [debug-utility]   Write permissions check completed for directory: C:\Users\KSuvarna\.browserstack
2026-03-09T11:28:39.007Z CLI info [debug-utility]   

========================Detecting browserstack.yml========================
2026-03-09T11:28:39.010Z CLI info [debug-utility]   

========================connectivity checks========================
2026-03-09T11:28:39.010Z CLI info [debug-utility]   No proxy settings detected.
2026-03-09T11:28:39.010Z CLI info [debug-utility]   -------------------------------------------------
2026-03-09T11:28:39.010Z CLI info [debug-utility]   Host: api.browserstack.com
2026-03-09T11:28:39.010Z CLI info [debug-utility]   Checking connectivity to: https://api.browserstack.com/robots.txt without Proxy
2026-03-09T11:28:39.132Z CLI info [debug-utility]   Connectivity check completed for URL without Proxy: https://api.browserstack.com/robots.txt
2026-03-09T11:28:39.133Z CLI info [debug-utility]   -------------------------------------------------
2026-03-09T11:28:39.133Z CLI info [debug-utility]   Host: api-cloud.browserstack.com
2026-03-09T11:28:39.133Z CLI info [debug-utility]   Checking connectivity to: https://api-cloud.browserstack.com without Proxy
2026-03-09T11:28:39.314Z CLI info [debug-utility]   Connectivity check completed for URL without Proxy: https://api-cloud.browserstack.com
2026-03-09T11:28:39.315Z CLI info [debug-utility]   -------------------------------------------------
2026-03-09T11:28:39.315Z CLI info [debug-utility]   Host: www.browserstack.com
2026-03-09T11:28:39.315Z CLI info [debug-utility]   Checking connectivity to: https://www.browserstack.com/robots.txt without Proxy
2026-03-09T11:28:39.377Z CLI info [debug-utility]   Connectivity check completed for URL without Proxy: https://www.browserstack.com/robots.txt
2026-03-09T11:28:39.377Z CLI info [debug-utility]   -------------------------------------------------
2026-03-09T11:28:39.378Z CLI info [debug-utility]   Host: automate.browserstack.com
2026-03-09T11:28:39.378Z CLI info [debug-utility]   Checking connectivity to: https://automate.browserstack.com/robots.txt without Proxy
2026-03-09T11:28:39.507Z CLI info [debug-utility]   Connectivity check completed for URL without Proxy: https://automate.browserstack.com/robots.txt
2026-03-09T11:28:39.507Z CLI info [debug-utility]   -------------------------------------------------
2026-03-09T11:28:39.507Z CLI info [debug-utility]   Host: app-automate.browserstack.com
2026-03-09T11:28:39.507Z CLI info [debug-utility]   Checking connectivity to: https://app-automate.browserstack.com/robots.txt without Proxy
2026-03-09T11:28:39.646Z CLI info [debug-utility]   Connectivity check completed for URL without Proxy: https://app-automate.browserstack.com/robots.txt
2026-03-09T11:28:39.646Z CLI info [debug-utility]   -------------------------------------------------
2026-03-09T11:28:39.646Z CLI info [debug-utility]   Host: hub.browserstack.com
2026-03-09T11:28:39.646Z CLI info [debug-utility]   Checking connectivity to: https://hub.browserstack.com/wd/hub without Proxy
2026-03-09T11:28:39.692Z CLI info [debug-utility]   Connectivity check completed for URL without Proxy: https://hub.browserstack.com/wd/hub
2026-03-09T11:28:39.692Z CLI info [debug-utility]   -------------------------------------------------
2026-03-09T11:28:39.692Z CLI info [debug-utility]   Host: hub.browserstack.com
2026-03-09T11:28:39.692Z CLI info [debug-utility]   Checking connectivity to: http://hub.browserstack.com/wd/hub without Proxy
2026-03-09T11:28:39.714Z CLI info [debug-utility]   Connectivity check completed for URL without Proxy: http://hub.browserstack.com/wd/hub
2026-03-09T11:28:39.714Z CLI info [debug-utility]   -------------------------------------------------
2026-03-09T11:28:39.714Z CLI info [debug-utility]   Host: cdp.browserstack.com
2026-03-09T11:28:39.714Z CLI info [debug-utility]   Checking connectivity to: https://cdp.browserstack.com without Proxy
2026-03-09T11:28:39.848Z CLI info [debug-utility]   Connectivity check completed for URL without Proxy: https://cdp.browserstack.com
2026-03-09T11:28:39.848Z CLI info [debug-utility]   -------------------------------------------------
2026-03-09T11:28:39.848Z CLI info [debug-utility]   Host: upload-observability.browserstack.com
2026-03-09T11:28:39.848Z CLI info [debug-utility]   Checking connectivity to: https://upload-observability.browserstack.com without Proxy
2026-03-09T11:28:39.951Z CLI info [debug-utility]   Connectivity check completed for URL without Proxy: https://upload-observability.browserstack.com
2026-03-09T11:28:39.951Z CLI info [debug-utility]   -------------------------------------------------
2026-03-09T11:28:39.951Z CLI info [debug-utility]   Host: collector-observability.browserstack.com
2026-03-09T11:28:39.951Z CLI info [debug-utility]   Checking connectivity to: https://collector-observability.browserstack.com without Proxy
2026-03-09T11:28:39.996Z CLI info [debug-utility]   Connectivity check completed for URL without Proxy: https://collector-observability.browserstack.com
2026-03-09T11:28:39.997Z CLI info [debug-utility]   -------------------------------------------------
2026-03-09T11:28:39.997Z CLI info [debug-utility]   Host: eds.browserstack.com
2026-03-09T11:28:39.997Z CLI info [debug-utility]   Checking connectivity to: https://eds.browserstack.com without Proxy
2026-03-09T11:28:40.036Z CLI info [debug-utility]   Connectivity check completed for URL without Proxy: https://eds.browserstack.com
2026-03-09T11:28:40.037Z CLI info [debug-utility]   -------------------------------------------------
2026-03-09T11:28:40.037Z CLI info [debug-utility]   Host: sdk.browserstack.com
2026-03-09T11:28:40.037Z CLI info [debug-utility]   Checking connectivity to: https://sdk.browserstack.com without Proxy
2026-03-09T11:28:40.162Z CLI info [debug-utility]   Connectivity check completed for URL without Proxy: https://sdk.browserstack.com
2026-03-09T11:28:40.163Z CLI info [debug-utility]   
Connectivity check results summary:
2026-03-09T11:28:40.163Z CLI info [debug-utility]   All connectivity checks passed
2026-03-09T11:28:40.163Z CLI info [debug-utility]   

========================browserstack.yml checks========================
2026-03-09T11:28:40.163Z CLI info [debug-utility]   Validating browserstack.yml configuration
2026-03-09T11:28:40.163Z CLI info [debug-utility]   browserstack.yml configuration validation completed
2026-03-09T11:28:40.163Z CLI info [debug-utility]   

========================Project configuration checks========================
2026-03-09T11:28:41.355Z CLI info [debug-utility]   Detecting Node.js version used in the project
2026-03-09T11:28:41.484Z CLI info [debug-utility]   Node.js version detection failed
2026-03-09T11:28:41.484Z CLI error [debug-utility]          Error occurred while detecting Node.js version: Command failed: C:\Program Files\nodejs\node.exe -v
'C:\Program' is not recognized as an internal or external command,
operable program or batch file.

2026-03-09T11:28:41.485Z CLI info [debug-utility]   Verifying installation of BrowserStack SDK
2026-03-09T11:28:41.485Z CLI info [debug-utility]   BrowserStack SDK is installed
2026-03-09T11:28:41.485Z CLI info [debug-utility]          Detected BrowserStack SDK version: 1.50.1
2026-03-09T11:28:41.485Z CLI info [debug-utility]   Detecting frameworks used in the project
2026-03-09T11:28:41.485Z CLI info [debug-utility]   Framework detection completed
2026-03-09T11:28:41.485Z CLI info [debug-utility]          Detected frameworks with versions: {"@playwright/test":"1.58.2","@cucumber/cucumber":"11.3.0"}
2026-03-09T11:28:41.485Z CLI info [debug-utility]   

========================Version compatibility checks========================
2026-03-09T11:28:41.485Z CLI info [debug-utility]   Skipping version compatibility check due to incompatible setup detection.
2026-03-09T11:28:41.486Z CLI debug [debug-utility]   Sending data to EDS: {"event_type":"sdk_events","data":{"testhub_uuid":"","created_day":"2026-03-09T11:28:41.485 UTC","event_name":"SDK_DEBUG_UTILITY_REPORT","user_data":"kjavedirfan_eZBoq7","host_info":"{\"hostname\":\"pe2vdfqaper-018\",\"platform\":\"win32\",\"type\":\"Windows_NT\",\"version\":\"Windows 10 Enterprise\",\"arch\":\"x64\"}","event_json":{"cliArgs":"C:\\Users\\KSuvarna\\.browserstack\\cli\\binary-win-x64.exe C:\\snapshot\\browserstack-binary\\cli\\dist\\index.js sdk","cliVersion":"1.24.2","results":{"system_check":{"metadata":{},"status":true,"messages":[]},"parse_yml":{"metadata":{},"status":true,"messages":[]},"connectivity_check":{"metadata":{"proxySettings":""},"status":true,"messages":[]},"validate_yml":{"metadata":{},"status":true,"messages":[]},"parse_project_config":{"metadata":{"configFilePath":"C:\\Users\\KSuvarna\\Desktop\\follet-test-steps\\package.json"},"status":false,"messages":["Error occurred while detecting Node.js version: Command failed: C:\\Program Files\\nodejs\\node.exe -v\n'C:\\Program' is not recognized as an internal or external command,\r\noperable program or batch file.\r\n"]},"version_compatibility":{"metadata":{},"status":false,"messages":["skipped"]}},"projectDirectory":"C:\\Users\\KSuvarna\\Desktop\\follet-test-steps","bstackconfigFilePath":"C:\\Users\\KSuvarna\\Desktop\\follet-test-steps\\browserstack.yml","projectConfigFilePath":null,"userProxyConfig":null,"sdkVersion":"1.50.1","language":"node","languageVersion":null,"frameworks":{"@playwright/test":"1.58.2","@cucumber/cucumber":"11.3.0"}}}}
2026-03-09T11:28:41.519Z CLI debug [debug-utility]   Data sent successfully to https://eds.browserstack.com with response 200
2026-03-09T12:55:19.334Z CLI info [debug-utility]   Starting debug utility in non-interactive mode with options: {"projectDirectory":"C:\\Users\\KSuvarna\\Desktop\\follet-test-steps","language":"node","username":"kjavedirfan_eZBoq7","key":"wMYFrmsNHB7QEs1RBFu8","bstackconfigFilePath":"C:\\Users\\KSuvarna\\Desktop\\follet-test-steps\\browserstack.yml"}
2026-03-09T12:55:19.334Z CLI info [debug-utility]   ======================system permissions checks======================
2026-03-09T12:55:19.335Z CLI info [debug-utility]   Checking write permissions for directory: C:\Users\KSuvarna\Desktop\follet-test-steps
2026-03-09T12:55:19.335Z CLI info [debug-utility]   Write permissions check completed for directory: C:\Users\KSuvarna\Desktop\follet-test-steps
2026-03-09T12:55:19.335Z CLI info [debug-utility]   Checking write permissions for directory: C:\Users\KSuvarna\.browserstack
2026-03-09T12:55:19.336Z CLI info [debug-utility]   Write permissions check completed for directory: C:\Users\KSuvarna\.browserstack
2026-03-09T12:55:19.336Z CLI info [debug-utility]   

========================Detecting browserstack.yml========================
2026-03-09T12:55:19.340Z CLI info [debug-utility]   

========================connectivity checks========================
2026-03-09T12:55:19.340Z CLI info [debug-utility]   No proxy settings detected.
2026-03-09T12:55:19.340Z CLI info [debug-utility]   -------------------------------------------------
2026-03-09T12:55:19.340Z CLI info [debug-utility]   Host: api.browserstack.com
2026-03-09T12:55:19.340Z CLI info [debug-utility]   Checking connectivity to: https://api.browserstack.com/robots.txt without Proxy
2026-03-09T12:55:19.444Z CLI info [debug-utility]   Connectivity check completed for URL without Proxy: https://api.browserstack.com/robots.txt
2026-03-09T12:55:19.445Z CLI info [debug-utility]   -------------------------------------------------
2026-03-09T12:55:19.445Z CLI info [debug-utility]   Host: api-cloud.browserstack.com
2026-03-09T12:55:19.445Z CLI info [debug-utility]   Checking connectivity to: https://api-cloud.browserstack.com without Proxy
2026-03-09T12:55:19.663Z CLI info [debug-utility]   Connectivity check completed for URL without Proxy: https://api-cloud.browserstack.com
2026-03-09T12:55:19.664Z CLI info [debug-utility]   -------------------------------------------------
2026-03-09T12:55:19.664Z CLI info [debug-utility]   Host: www.browserstack.com
2026-03-09T12:55:19.664Z CLI info [debug-utility]   Checking connectivity to: https://www.browserstack.com/robots.txt without Proxy
2026-03-09T12:55:19.833Z CLI info [debug-utility]   Connectivity check completed for URL without Proxy: https://www.browserstack.com/robots.txt
2026-03-09T12:55:19.833Z CLI info [debug-utility]   -------------------------------------------------
2026-03-09T12:55:19.833Z CLI info [debug-utility]   Host: automate.browserstack.com
2026-03-09T12:55:19.834Z CLI info [debug-utility]   Checking connectivity to: https://automate.browserstack.com/robots.txt without Proxy
2026-03-09T12:55:19.988Z CLI info [debug-utility]   Connectivity check completed for URL without Proxy: https://automate.browserstack.com/robots.txt
2026-03-09T12:55:19.989Z CLI info [debug-utility]   -------------------------------------------------
2026-03-09T12:55:19.989Z CLI info [debug-utility]   Host: app-automate.browserstack.com
2026-03-09T12:55:19.989Z CLI info [debug-utility]   Checking connectivity to: https://app-automate.browserstack.com/robots.txt without Proxy
2026-03-09T12:55:20.157Z CLI info [debug-utility]   Connectivity check completed for URL without Proxy: https://app-automate.browserstack.com/robots.txt
2026-03-09T12:55:20.157Z CLI info [debug-utility]   -------------------------------------------------
2026-03-09T12:55:20.157Z CLI info [debug-utility]   Host: hub.browserstack.com
2026-03-09T12:55:20.157Z CLI info [debug-utility]   Checking connectivity to: https://hub.browserstack.com/wd/hub without Proxy
2026-03-09T12:55:20.205Z CLI info [debug-utility]   Connectivity check completed for URL without Proxy: https://hub.browserstack.com/wd/hub
2026-03-09T12:55:20.205Z CLI info [debug-utility]   -------------------------------------------------
2026-03-09T12:55:20.206Z CLI info [debug-utility]   Host: hub.browserstack.com
2026-03-09T12:55:20.206Z CLI info [debug-utility]   Checking connectivity to: http://hub.browserstack.com/wd/hub without Proxy
2026-03-09T12:55:20.228Z CLI info [debug-utility]   Connectivity check completed for URL without Proxy: http://hub.browserstack.com/wd/hub
2026-03-09T12:55:20.228Z CLI info [debug-utility]   -------------------------------------------------
2026-03-09T12:55:20.228Z CLI info [debug-utility]   Host: cdp.browserstack.com
2026-03-09T12:55:20.228Z CLI info [debug-utility]   Checking connectivity to: https://cdp.browserstack.com without Proxy
2026-03-09T12:55:20.358Z CLI info [debug-utility]   Connectivity check completed for URL without Proxy: https://cdp.browserstack.com
2026-03-09T12:55:20.358Z CLI info [debug-utility]   -------------------------------------------------
2026-03-09T12:55:20.358Z CLI info [debug-utility]   Host: upload-observability.browserstack.com
2026-03-09T12:55:20.358Z CLI info [debug-utility]   Checking connectivity to: https://upload-observability.browserstack.com without Proxy
2026-03-09T12:55:20.465Z CLI info [debug-utility]   Connectivity check completed for URL without Proxy: https://upload-observability.browserstack.com
2026-03-09T12:55:20.466Z CLI info [debug-utility]   -------------------------------------------------
2026-03-09T12:55:20.466Z CLI info [debug-utility]   Host: collector-observability.browserstack.com
2026-03-09T12:55:20.466Z CLI info [debug-utility]   Checking connectivity to: https://collector-observability.browserstack.com without Proxy
2026-03-09T12:55:20.568Z CLI info [debug-utility]   Connectivity check completed for URL without Proxy: https://collector-observability.browserstack.com
2026-03-09T12:55:20.569Z CLI info [debug-utility]   -------------------------------------------------
2026-03-09T12:55:20.569Z CLI info [debug-utility]   Host: eds.browserstack.com
2026-03-09T12:55:20.569Z CLI info [debug-utility]   Checking connectivity to: https://eds.browserstack.com without Proxy
2026-03-09T12:55:20.681Z CLI info [debug-utility]   Connectivity check completed for URL without Proxy: https://eds.browserstack.com
2026-03-09T12:55:20.681Z CLI info [debug-utility]   -------------------------------------------------
2026-03-09T12:55:20.681Z CLI info [debug-utility]   Host: sdk.browserstack.com
2026-03-09T12:55:20.681Z CLI info [debug-utility]   Checking connectivity to: https://sdk.browserstack.com without Proxy
2026-03-09T12:55:20.817Z CLI info [debug-utility]   Connectivity check completed for URL without Proxy: https://sdk.browserstack.com
2026-03-09T12:55:20.818Z CLI info [debug-utility]   
Connectivity check results summary:
2026-03-09T12:55:20.818Z CLI info [debug-utility]   All connectivity checks passed
2026-03-09T12:55:20.818Z CLI info [debug-utility]   

========================browserstack.yml checks========================
2026-03-09T12:55:20.818Z CLI info [debug-utility]   Validating browserstack.yml configuration
2026-03-09T12:55:20.818Z CLI info [debug-utility]   browserstack.yml configuration validation completed
2026-03-09T12:55:20.818Z CLI info [debug-utility]   

========================Project configuration checks========================
2026-03-09T12:55:22.014Z CLI info [debug-utility]   Detecting Node.js version used in the project
2026-03-09T12:55:22.141Z CLI info [debug-utility]   Node.js version detection failed
2026-03-09T12:55:22.141Z CLI error [debug-utility]          Error occurred while detecting Node.js version: Command failed: C:\Program Files\nodejs\node.exe -v
'C:\Program' is not recognized as an internal or external command,
operable program or batch file.

2026-03-09T12:55:22.141Z CLI info [debug-utility]   Verifying installation of BrowserStack SDK
2026-03-09T12:55:22.141Z CLI info [debug-utility]   BrowserStack SDK is installed
2026-03-09T12:55:22.141Z CLI info [debug-utility]          Detected BrowserStack SDK version: 1.50.1
2026-03-09T12:55:22.141Z CLI info [debug-utility]   Detecting frameworks used in the project
2026-03-09T12:55:22.142Z CLI info [debug-utility]   Framework detection completed
2026-03-09T12:55:22.142Z CLI info [debug-utility]          Detected frameworks with versions: {"@playwright/test":"1.58.2","@cucumber/cucumber":"11.3.0"}
2026-03-09T12:55:22.142Z CLI info [debug-utility]   

========================Version compatibility checks========================
2026-03-09T12:55:22.142Z CLI info [debug-utility]   Skipping version compatibility check due to incompatible setup detection.
2026-03-09T12:55:22.142Z CLI debug [debug-utility]   Sending data to EDS: {"event_type":"sdk_events","data":{"testhub_uuid":"","created_day":"2026-03-09T12:55:22.142 UTC","event_name":"SDK_DEBUG_UTILITY_REPORT","user_data":"kjavedirfan_eZBoq7","host_info":"{\"hostname\":\"pe2vdfqaper-018\",\"platform\":\"win32\",\"type\":\"Windows_NT\",\"version\":\"Windows 10 Enterprise\",\"arch\":\"x64\"}","event_json":{"cliArgs":"C:\\Users\\KSuvarna\\.browserstack\\cli\\binary-win-x64.exe C:\\snapshot\\browserstack-binary\\cli\\dist\\index.js sdk","cliVersion":"1.24.2","results":{"system_check":{"metadata":{},"status":true,"messages":[]},"parse_yml":{"metadata":{},"status":true,"messages":[]},"connectivity_check":{"metadata":{"proxySettings":""},"status":true,"messages":[]},"validate_yml":{"metadata":{},"status":true,"messages":[]},"parse_project_config":{"metadata":{"configFilePath":"C:\\Users\\KSuvarna\\Desktop\\follet-test-steps\\package.json"},"status":false,"messages":["Error occurred while detecting Node.js version: Command failed: C:\\Program Files\\nodejs\\node.exe -v\n'C:\\Program' is not recognized as an internal or external command,\r\noperable program or batch file.\r\n"]},"version_compatibility":{"metadata":{},"status":false,"messages":["skipped"]}},"projectDirectory":"C:\\Users\\KSuvarna\\Desktop\\follet-test-steps","bstackconfigFilePath":"C:\\Users\\KSuvarna\\Desktop\\follet-test-steps\\browserstack.yml","projectConfigFilePath":null,"userProxyConfig":null,"sdkVersion":"1.50.1","language":"node","languageVersion":null,"frameworks":{"@playwright/test":"1.58.2","@cucumber/cucumber":"11.3.0"}}}}
2026-03-09T12:55:22.175Z CLI debug [debug-utility]   Data sent successfully to https://eds.browserstack.com with response 200
2026-03-09T12:59:37.644Z CLI info [debug-utility]   Starting debug utility in non-interactive mode with options: {"projectDirectory":"C:\\Users\\KSuvarna\\Desktop\\follet-test-steps","language":"node","username":"kjavedirfan_eZBoq7","key":"wMYFrmsNHB7QEs1RBFu8","bstackconfigFilePath":"C:\\Users\\KSuvarna\\Desktop\\follet-test-steps\\browserstack.yml"}
2026-03-09T12:59:37.645Z CLI info [debug-utility]   ======================system permissions checks======================
2026-03-09T12:59:37.648Z CLI info [debug-utility]   Checking write permissions for directory: C:\Users\KSuvarna\Desktop\follet-test-steps
2026-03-09T12:59:37.649Z CLI info [debug-utility]   Write permissions check completed for directory: C:\Users\KSuvarna\Desktop\follet-test-steps
2026-03-09T12:59:37.649Z CLI info [debug-utility]   Checking write permissions for directory: C:\Users\KSuvarna\.browserstack
2026-03-09T12:59:37.649Z CLI info [debug-utility]   Write permissions check completed for directory: C:\Users\KSuvarna\.browserstack
2026-03-09T12:59:37.649Z CLI info [debug-utility]   

========================Detecting browserstack.yml========================
2026-03-09T12:59:37.652Z CLI info [debug-utility]   

========================connectivity checks========================
2026-03-09T12:59:37.652Z CLI info [debug-utility]   No proxy settings detected.
2026-03-09T12:59:37.652Z CLI info [debug-utility]   -------------------------------------------------
2026-03-09T12:59:37.652Z CLI info [debug-utility]   Host: api.browserstack.com
2026-03-09T12:59:37.652Z CLI info [debug-utility]   Checking connectivity to: https://api.browserstack.com/robots.txt without Proxy
2026-03-09T12:59:37.746Z CLI info [debug-utility]   Connectivity check completed for URL without Proxy: https://api.browserstack.com/robots.txt
2026-03-09T12:59:37.747Z CLI info [debug-utility]   -------------------------------------------------
2026-03-09T12:59:37.747Z CLI info [debug-utility]   Host: api-cloud.browserstack.com
2026-03-09T12:59:37.747Z CLI info [debug-utility]   Checking connectivity to: https://api-cloud.browserstack.com without Proxy
2026-03-09T12:59:37.936Z CLI info [debug-utility]   Connectivity check completed for URL without Proxy: https://api-cloud.browserstack.com
2026-03-09T12:59:37.937Z CLI info [debug-utility]   -------------------------------------------------
2026-03-09T12:59:37.937Z CLI info [debug-utility]   Host: www.browserstack.com
2026-03-09T12:59:37.937Z CLI info [debug-utility]   Checking connectivity to: https://www.browserstack.com/robots.txt without Proxy
2026-03-09T12:59:38.002Z CLI info [debug-utility]   Connectivity check completed for URL without Proxy: https://www.browserstack.com/robots.txt
2026-03-09T12:59:38.002Z CLI info [debug-utility]   -------------------------------------------------
2026-03-09T12:59:38.002Z CLI info [debug-utility]   Host: automate.browserstack.com
2026-03-09T12:59:38.003Z CLI info [debug-utility]   Checking connectivity to: https://automate.browserstack.com/robots.txt without Proxy
2026-03-09T12:59:38.148Z CLI info [debug-utility]   Connectivity check completed for URL without Proxy: https://automate.browserstack.com/robots.txt
2026-03-09T12:59:38.148Z CLI info [debug-utility]   -------------------------------------------------
2026-03-09T12:59:38.148Z CLI info [debug-utility]   Host: app-automate.browserstack.com
2026-03-09T12:59:38.148Z CLI info [debug-utility]   Checking connectivity to: https://app-automate.browserstack.com/robots.txt without Proxy
2026-03-09T12:59:38.279Z CLI info [debug-utility]   Connectivity check completed for URL without Proxy: https://app-automate.browserstack.com/robots.txt
2026-03-09T12:59:38.279Z CLI info [debug-utility]   -------------------------------------------------
2026-03-09T12:59:38.279Z CLI info [debug-utility]   Host: hub.browserstack.com
2026-03-09T12:59:38.279Z CLI info [debug-utility]   Checking connectivity to: https://hub.browserstack.com/wd/hub without Proxy
2026-03-09T12:59:38.316Z CLI info [debug-utility]   Connectivity check completed for URL without Proxy: https://hub.browserstack.com/wd/hub
2026-03-09T12:59:38.316Z CLI info [debug-utility]   -------------------------------------------------
2026-03-09T12:59:38.317Z CLI info [debug-utility]   Host: hub.browserstack.com
2026-03-09T12:59:38.317Z CLI info [debug-utility]   Checking connectivity to: http://hub.browserstack.com/wd/hub without Proxy
2026-03-09T12:59:38.355Z CLI info [debug-utility]   Connectivity check completed for URL without Proxy: http://hub.browserstack.com/wd/hub
2026-03-09T12:59:38.355Z CLI info [debug-utility]   -------------------------------------------------
2026-03-09T12:59:38.355Z CLI info [debug-utility]   Host: cdp.browserstack.com
2026-03-09T12:59:38.355Z CLI info [debug-utility]   Checking connectivity to: https://cdp.browserstack.com without Proxy
2026-03-09T12:59:38.435Z CLI info [debug-utility]   Connectivity check completed for URL without Proxy: https://cdp.browserstack.com
2026-03-09T12:59:38.435Z CLI info [debug-utility]   -------------------------------------------------
2026-03-09T12:59:38.435Z CLI info [debug-utility]   Host: upload-observability.browserstack.com
2026-03-09T12:59:38.435Z CLI info [debug-utility]   Checking connectivity to: https://upload-observability.browserstack.com without Proxy
2026-03-09T12:59:38.569Z CLI info [debug-utility]   Connectivity check completed for URL without Proxy: https://upload-observability.browserstack.com
2026-03-09T12:59:38.569Z CLI info [debug-utility]   -------------------------------------------------
2026-03-09T12:59:38.570Z CLI info [debug-utility]   Host: collector-observability.browserstack.com
2026-03-09T12:59:38.570Z CLI info [debug-utility]   Checking connectivity to: https://collector-observability.browserstack.com without Proxy
2026-03-09T12:59:38.643Z CLI info [debug-utility]   Connectivity check completed for URL without Proxy: https://collector-observability.browserstack.com
2026-03-09T12:59:38.643Z CLI info [debug-utility]   -------------------------------------------------
2026-03-09T12:59:38.643Z CLI info [debug-utility]   Host: eds.browserstack.com
2026-03-09T12:59:38.643Z CLI info [debug-utility]   Checking connectivity to: https://eds.browserstack.com without Proxy
2026-03-09T12:59:38.682Z CLI info [debug-utility]   Connectivity check completed for URL without Proxy: https://eds.browserstack.com
2026-03-09T12:59:38.683Z CLI info [debug-utility]   -------------------------------------------------
2026-03-09T12:59:38.683Z CLI info [debug-utility]   Host: sdk.browserstack.com
2026-03-09T12:59:38.683Z CLI info [debug-utility]   Checking connectivity to: https://sdk.browserstack.com without Proxy
2026-03-09T12:59:38.821Z CLI info [debug-utility]   Connectivity check completed for URL without Proxy: https://sdk.browserstack.com
2026-03-09T12:59:38.821Z CLI info [debug-utility]   
Connectivity check results summary:
2026-03-09T12:59:38.821Z CLI info [debug-utility]   All connectivity checks passed
2026-03-09T12:59:38.821Z CLI info [debug-utility]   

========================browserstack.yml checks========================
2026-03-09T12:59:38.821Z CLI info [debug-utility]   Validating browserstack.yml configuration
2026-03-09T12:59:38.822Z CLI info [debug-utility]   browserstack.yml configuration validation completed
2026-03-09T12:59:38.822Z CLI info [debug-utility]   

========================Project configuration checks========================
2026-03-09T12:59:40.030Z CLI info [debug-utility]   Detecting Node.js version used in the project
2026-03-09T12:59:40.162Z CLI info [debug-utility]   Node.js version detection failed
2026-03-09T12:59:40.162Z CLI error [debug-utility]          Error occurred while detecting Node.js version: Command failed: C:\Program Files\nodejs\node.exe -v
'C:\Program' is not recognized as an internal or external command,
operable program or batch file.

2026-03-09T12:59:40.162Z CLI info [debug-utility]   Verifying installation of BrowserStack SDK
2026-03-09T12:59:40.162Z CLI info [debug-utility]   BrowserStack SDK is installed
2026-03-09T12:59:40.163Z CLI info [debug-utility]          Detected BrowserStack SDK version: 1.50.1
2026-03-09T12:59:40.163Z CLI info [debug-utility]   Detecting frameworks used in the project
2026-03-09T12:59:40.163Z CLI info [debug-utility]   Framework detection completed
2026-03-09T12:59:40.163Z CLI info [debug-utility]          Detected frameworks with versions: {"@playwright/test":"1.58.2","@cucumber/cucumber":"11.3.0"}
2026-03-09T12:59:40.163Z CLI info [debug-utility]   

========================Version compatibility checks========================
2026-03-09T12:59:40.163Z CLI info [debug-utility]   Skipping version compatibility check due to incompatible setup detection.
2026-03-09T12:59:40.163Z CLI debug [debug-utility]   Sending data to EDS: {"event_type":"sdk_events","data":{"testhub_uuid":"","created_day":"2026-03-09T12:59:40.163 UTC","event_name":"SDK_DEBUG_UTILITY_REPORT","user_data":"kjavedirfan_eZBoq7","host_info":"{\"hostname\":\"pe2vdfqaper-018\",\"platform\":\"win32\",\"type\":\"Windows_NT\",\"version\":\"Windows 10 Enterprise\",\"arch\":\"x64\"}","event_json":{"cliArgs":"C:\\Users\\KSuvarna\\.browserstack\\cli\\binary-win-x64.exe C:\\snapshot\\browserstack-binary\\cli\\dist\\index.js sdk","cliVersion":"1.24.2","results":{"system_check":{"metadata":{},"status":true,"messages":[]},"parse_yml":{"metadata":{},"status":true,"messages":[]},"connectivity_check":{"metadata":{"proxySettings":""},"status":true,"messages":[]},"validate_yml":{"metadata":{},"status":true,"messages":[]},"parse_project_config":{"metadata":{"configFilePath":"C:\\Users\\KSuvarna\\Desktop\\follet-test-steps\\package.json"},"status":false,"messages":["Error occurred while detecting Node.js version: Command failed: C:\\Program Files\\nodejs\\node.exe -v\n'C:\\Program' is not recognized as an internal or external command,\r\noperable program or batch file.\r\n"]},"version_compatibility":{"metadata":{},"status":false,"messages":["skipped"]}},"projectDirectory":"C:\\Users\\KSuvarna\\Desktop\\follet-test-steps","bstackconfigFilePath":"C:\\Users\\KSuvarna\\Desktop\\follet-test-steps\\browserstack.yml","projectConfigFilePath":null,"userProxyConfig":null,"sdkVersion":"1.50.1","language":"node","languageVersion":null,"frameworks":{"@playwright/test":"1.58.2","@cucumber/cucumber":"11.3.0"}}}}
2026-03-09T12:59:40.194Z CLI debug [debug-utility]   Data sent successfully to https://eds.browserstack.com with response 200
2026-03-09T13:02:35.274Z CLI info [debug-utility]   Starting debug utility in non-interactive mode with options: {"projectDirectory":"C:\\Users\\KSuvarna\\Desktop\\follet-test-steps","language":"node","username":"kjavedirfan_eZBoq7","key":"wMYFrmsNHB7QEs1RBFu8","bstackconfigFilePath":"C:\\Users\\KSuvarna\\Desktop\\follet-test-steps\\browserstack.yml"}
2026-03-09T13:02:35.274Z CLI info [debug-utility]   ======================system permissions checks======================
2026-03-09T13:02:35.277Z CLI info [debug-utility]   Checking write permissions for directory: C:\Users\KSuvarna\Desktop\follet-test-steps
2026-03-09T13:02:35.278Z CLI info [debug-utility]   Write permissions check completed for directory: C:\Users\KSuvarna\Desktop\follet-test-steps
2026-03-09T13:02:35.278Z CLI info [debug-utility]   Checking write permissions for directory: C:\Users\KSuvarna\.browserstack
2026-03-09T13:02:35.278Z CLI info [debug-utility]   Write permissions check completed for directory: C:\Users\KSuvarna\.browserstack
2026-03-09T13:02:35.278Z CLI info [debug-utility]   

========================Detecting browserstack.yml========================
2026-03-09T13:02:35.282Z CLI info [debug-utility]   

========================connectivity checks========================
2026-03-09T13:02:35.282Z CLI info [debug-utility]   No proxy settings detected.
2026-03-09T13:02:35.282Z CLI info [debug-utility]   -------------------------------------------------
2026-03-09T13:02:35.282Z CLI info [debug-utility]   Host: api.browserstack.com
2026-03-09T13:02:35.282Z CLI info [debug-utility]   Checking connectivity to: https://api.browserstack.com/robots.txt without Proxy
2026-03-09T13:02:35.483Z CLI info [debug-utility]   Connectivity check completed for URL without Proxy: https://api.browserstack.com/robots.txt
2026-03-09T13:02:35.483Z CLI info [debug-utility]   -------------------------------------------------
2026-03-09T13:02:35.483Z CLI info [debug-utility]   Host: api-cloud.browserstack.com
2026-03-09T13:02:35.483Z CLI info [debug-utility]   Checking connectivity to: https://api-cloud.browserstack.com without Proxy
2026-03-09T13:02:35.712Z CLI info [debug-utility]   Connectivity check completed for URL without Proxy: https://api-cloud.browserstack.com
2026-03-09T13:02:35.712Z CLI info [debug-utility]   -------------------------------------------------
2026-03-09T13:02:35.712Z CLI info [debug-utility]   Host: www.browserstack.com
2026-03-09T13:02:35.712Z CLI info [debug-utility]   Checking connectivity to: https://www.browserstack.com/robots.txt without Proxy
2026-03-09T13:02:35.868Z CLI info [debug-utility]   Connectivity check completed for URL without Proxy: https://www.browserstack.com/robots.txt
2026-03-09T13:02:35.868Z CLI info [debug-utility]   -------------------------------------------------
2026-03-09T13:02:35.868Z CLI info [debug-utility]   Host: automate.browserstack.com
2026-03-09T13:02:35.868Z CLI info [debug-utility]   Checking connectivity to: https://automate.browserstack.com/robots.txt without Proxy
2026-03-09T13:02:36.053Z CLI info [debug-utility]   Connectivity check completed for URL without Proxy: https://automate.browserstack.com/robots.txt
2026-03-09T13:02:36.053Z CLI info [debug-utility]   -------------------------------------------------
2026-03-09T13:02:36.054Z CLI info [debug-utility]   Host: app-automate.browserstack.com
2026-03-09T13:02:36.054Z CLI info [debug-utility]   Checking connectivity to: https://app-automate.browserstack.com/robots.txt without Proxy
2026-03-09T13:02:36.223Z CLI info [debug-utility]   Connectivity check completed for URL without Proxy: https://app-automate.browserstack.com/robots.txt
2026-03-09T13:02:36.223Z CLI info [debug-utility]   -------------------------------------------------
2026-03-09T13:02:36.223Z CLI info [debug-utility]   Host: hub.browserstack.com
2026-03-09T13:02:36.224Z CLI info [debug-utility]   Checking connectivity to: https://hub.browserstack.com/wd/hub without Proxy
2026-03-09T13:02:36.283Z CLI info [debug-utility]   Connectivity check completed for URL without Proxy: https://hub.browserstack.com/wd/hub
2026-03-09T13:02:36.283Z CLI info [debug-utility]   -------------------------------------------------
2026-03-09T13:02:36.283Z CLI info [debug-utility]   Host: hub.browserstack.com
2026-03-09T13:02:36.283Z CLI info [debug-utility]   Checking connectivity to: http://hub.browserstack.com/wd/hub without Proxy
2026-03-09T13:02:36.309Z CLI info [debug-utility]   Connectivity check completed for URL without Proxy: http://hub.browserstack.com/wd/hub
2026-03-09T13:02:36.309Z CLI info [debug-utility]   -------------------------------------------------
2026-03-09T13:02:36.309Z CLI info [debug-utility]   Host: cdp.browserstack.com
2026-03-09T13:02:36.309Z CLI info [debug-utility]   Checking connectivity to: https://cdp.browserstack.com without Proxy
2026-03-09T13:02:36.425Z CLI info [debug-utility]   Connectivity check completed for URL without Proxy: https://cdp.browserstack.com
2026-03-09T13:02:36.426Z CLI info [debug-utility]   -------------------------------------------------
2026-03-09T13:02:36.426Z CLI info [debug-utility]   Host: upload-observability.browserstack.com
2026-03-09T13:02:36.426Z CLI info [debug-utility]   Checking connectivity to: https://upload-observability.browserstack.com without Proxy
2026-03-09T13:02:36.528Z CLI info [debug-utility]   Connectivity check completed for URL without Proxy: https://upload-observability.browserstack.com
2026-03-09T13:02:36.528Z CLI info [debug-utility]   -------------------------------------------------
2026-03-09T13:02:36.528Z CLI info [debug-utility]   Host: collector-observability.browserstack.com
2026-03-09T13:02:36.528Z CLI info [debug-utility]   Checking connectivity to: https://collector-observability.browserstack.com without Proxy
2026-03-09T13:02:36.554Z CLI info [debug-utility]   Connectivity check completed for URL without Proxy: https://collector-observability.browserstack.com
2026-03-09T13:02:36.554Z CLI info [debug-utility]   -------------------------------------------------
2026-03-09T13:02:36.554Z CLI info [debug-utility]   Host: eds.browserstack.com
2026-03-09T13:02:36.554Z CLI info [debug-utility]   Checking connectivity to: https://eds.browserstack.com without Proxy
2026-03-09T13:02:36.591Z CLI info [debug-utility]   Connectivity check completed for URL without Proxy: https://eds.browserstack.com
2026-03-09T13:02:36.592Z CLI info [debug-utility]   -------------------------------------------------
2026-03-09T13:02:36.592Z CLI info [debug-utility]   Host: sdk.browserstack.com
2026-03-09T13:02:36.592Z CLI info [debug-utility]   Checking connectivity to: https://sdk.browserstack.com without Proxy
2026-03-09T13:02:36.717Z CLI info [debug-utility]   Connectivity check completed for URL without Proxy: https://sdk.browserstack.com
2026-03-09T13:02:36.718Z CLI info [debug-utility]   
Connectivity check results summary:
2026-03-09T13:02:36.718Z CLI info [debug-utility]   All connectivity checks passed
2026-03-09T13:02:36.718Z CLI info [debug-utility]   

========================browserstack.yml checks========================
2026-03-09T13:02:36.718Z CLI info [debug-utility]   Validating browserstack.yml configuration
2026-03-09T13:02:36.719Z CLI info [debug-utility]   browserstack.yml configuration validation completed
2026-03-09T13:02:36.719Z CLI info [debug-utility]   

========================Project configuration checks========================
2026-03-09T13:02:37.898Z CLI info [debug-utility]   Detecting Node.js version used in the project
2026-03-09T13:02:38.025Z CLI info [debug-utility]   Node.js version detection failed
2026-03-09T13:02:38.025Z CLI error [debug-utility]          Error occurred while detecting Node.js version: Command failed: C:\Program Files\nodejs\node.exe -v
'C:\Program' is not recognized as an internal or external command,
operable program or batch file.

2026-03-09T13:02:38.025Z CLI info [debug-utility]   Verifying installation of BrowserStack SDK
2026-03-09T13:02:38.025Z CLI info [debug-utility]   BrowserStack SDK is installed
2026-03-09T13:02:38.025Z CLI info [debug-utility]          Detected BrowserStack SDK version: 1.50.1
2026-03-09T13:02:38.025Z CLI info [debug-utility]   Detecting frameworks used in the project
2026-03-09T13:02:38.025Z CLI info [debug-utility]   Framework detection completed
2026-03-09T13:02:38.026Z CLI info [debug-utility]          Detected frameworks with versions: {"@playwright/test":"1.58.2","@cucumber/cucumber":"11.3.0"}
2026-03-09T13:02:38.026Z CLI info [debug-utility]   

========================Version compatibility checks========================
2026-03-09T13:02:38.026Z CLI info [debug-utility]   Skipping version compatibility check due to incompatible setup detection.
2026-03-09T13:02:38.026Z CLI debug [debug-utility]   Sending data to EDS: {"event_type":"sdk_events","data":{"testhub_uuid":"","created_day":"2026-03-09T13:02:38.026 UTC","event_name":"SDK_DEBUG_UTILITY_REPORT","user_data":"kjavedirfan_eZBoq7","host_info":"{\"hostname\":\"pe2vdfqaper-018\",\"platform\":\"win32\",\"type\":\"Windows_NT\",\"version\":\"Windows 10 Enterprise\",\"arch\":\"x64\"}","event_json":{"cliArgs":"C:\\Users\\KSuvarna\\.browserstack\\cli\\binary-win-x64.exe C:\\snapshot\\browserstack-binary\\cli\\dist\\index.js sdk","cliVersion":"1.24.2","results":{"system_check":{"metadata":{},"status":true,"messages":[]},"parse_yml":{"metadata":{},"status":true,"messages":[]},"connectivity_check":{"metadata":{"proxySettings":""},"status":true,"messages":[]},"validate_yml":{"metadata":{},"status":true,"messages":[]},"parse_project_config":{"metadata":{"configFilePath":"C:\\Users\\KSuvarna\\Desktop\\follet-test-steps\\package.json"},"status":false,"messages":["Error occurred while detecting Node.js version: Command failed: C:\\Program Files\\nodejs\\node.exe -v\n'C:\\Program' is not recognized as an internal or external command,\r\noperable program or batch file.\r\n"]},"version_compatibility":{"metadata":{},"status":false,"messages":["skipped"]}},"projectDirectory":"C:\\Users\\KSuvarna\\Desktop\\follet-test-steps","bstackconfigFilePath":"C:\\Users\\KSuvarna\\Desktop\\follet-test-steps\\browserstack.yml","projectConfigFilePath":null,"userProxyConfig":null,"sdkVersion":"1.50.1","language":"node","languageVersion":null,"frameworks":{"@playwright/test":"1.58.2","@cucumber/cucumber":"11.3.0"}}}}
2026-03-09T13:02:38.058Z CLI debug [debug-utility]   Data sent successfully to https://eds.browserstack.com with response 200
2026-03-09T13:08:29.506Z CLI info [debug-utility]   Starting debug utility in non-interactive mode with options: {"projectDirectory":"C:\\Users\\KSuvarna\\Desktop\\follet-test-steps","language":"node","username":"kjavedirfan_eZBoq7","key":"wMYFrmsNHB7QEs1RBFu8","bstackconfigFilePath":"C:\\Users\\KSuvarna\\Desktop\\follet-test-steps\\browserstack.yml"}
2026-03-09T13:08:29.506Z CLI info [debug-utility]   ======================system permissions checks======================
2026-03-09T13:08:29.509Z CLI info [debug-utility]   Checking write permissions for directory: C:\Users\KSuvarna\Desktop\follet-test-steps
2026-03-09T13:08:29.509Z CLI info [debug-utility]   Write permissions check completed for directory: C:\Users\KSuvarna\Desktop\follet-test-steps
2026-03-09T13:08:29.510Z CLI info [debug-utility]   Checking write permissions for directory: C:\Users\KSuvarna\.browserstack
2026-03-09T13:08:29.510Z CLI info [debug-utility]   Write permissions check completed for directory: C:\Users\KSuvarna\.browserstack
2026-03-09T13:08:29.510Z CLI info [debug-utility]   

========================Detecting browserstack.yml========================
2026-03-09T13:08:29.515Z CLI info [debug-utility]   

========================connectivity checks========================
2026-03-09T13:08:29.516Z CLI info [debug-utility]   No proxy settings detected.
2026-03-09T13:08:29.516Z CLI info [debug-utility]   -------------------------------------------------
2026-03-09T13:08:29.516Z CLI info [debug-utility]   Host: api.browserstack.com
2026-03-09T13:08:29.516Z CLI info [debug-utility]   Checking connectivity to: https://api.browserstack.com/robots.txt without Proxy
2026-03-09T13:08:29.662Z CLI info [debug-utility]   Connectivity check completed for URL without Proxy: https://api.browserstack.com/robots.txt
2026-03-09T13:08:29.662Z CLI info [debug-utility]   -------------------------------------------------
2026-03-09T13:08:29.662Z CLI info [debug-utility]   Host: api-cloud.browserstack.com
2026-03-09T13:08:29.662Z CLI info [debug-utility]   Checking connectivity to: https://api-cloud.browserstack.com without Proxy
2026-03-09T13:08:29.864Z CLI info [debug-utility]   Connectivity check completed for URL without Proxy: https://api-cloud.browserstack.com
2026-03-09T13:08:29.864Z CLI info [debug-utility]   -------------------------------------------------
2026-03-09T13:08:29.865Z CLI info [debug-utility]   Host: www.browserstack.com
2026-03-09T13:08:29.865Z CLI info [debug-utility]   Checking connectivity to: https://www.browserstack.com/robots.txt without Proxy
2026-03-09T13:08:30.042Z CLI info [debug-utility]   Connectivity check completed for URL without Proxy: https://www.browserstack.com/robots.txt
2026-03-09T13:08:30.043Z CLI info [debug-utility]   -------------------------------------------------
2026-03-09T13:08:30.043Z CLI info [debug-utility]   Host: automate.browserstack.com
2026-03-09T13:08:30.043Z CLI info [debug-utility]   Checking connectivity to: https://automate.browserstack.com/robots.txt without Proxy
2026-03-09T13:08:30.209Z CLI info [debug-utility]   Connectivity check completed for URL without Proxy: https://automate.browserstack.com/robots.txt
2026-03-09T13:08:30.209Z CLI info [debug-utility]   -------------------------------------------------
2026-03-09T13:08:30.209Z CLI info [debug-utility]   Host: app-automate.browserstack.com
2026-03-09T13:08:30.210Z CLI info [debug-utility]   Checking connectivity to: https://app-automate.browserstack.com/robots.txt without Proxy
2026-03-09T13:08:30.381Z CLI info [debug-utility]   Connectivity check completed for URL without Proxy: https://app-automate.browserstack.com/robots.txt
2026-03-09T13:08:30.381Z CLI info [debug-utility]   -------------------------------------------------
2026-03-09T13:08:30.382Z CLI info [debug-utility]   Host: hub.browserstack.com
2026-03-09T13:08:30.382Z CLI info [debug-utility]   Checking connectivity to: https://hub.browserstack.com/wd/hub without Proxy
2026-03-09T13:08:30.420Z CLI info [debug-utility]   Connectivity check completed for URL without Proxy: https://hub.browserstack.com/wd/hub
2026-03-09T13:08:30.420Z CLI info [debug-utility]   -------------------------------------------------
2026-03-09T13:08:30.420Z CLI info [debug-utility]   Host: hub.browserstack.com
2026-03-09T13:08:30.420Z CLI info [debug-utility]   Checking connectivity to: http://hub.browserstack.com/wd/hub without Proxy
2026-03-09T13:08:30.463Z CLI info [debug-utility]   Connectivity check completed for URL without Proxy: http://hub.browserstack.com/wd/hub
2026-03-09T13:08:30.463Z CLI info [debug-utility]   -------------------------------------------------
2026-03-09T13:08:30.463Z CLI info [debug-utility]   Host: cdp.browserstack.com
2026-03-09T13:08:30.463Z CLI info [debug-utility]   Checking connectivity to: https://cdp.browserstack.com without Proxy
2026-03-09T13:08:30.599Z CLI info [debug-utility]   Connectivity check completed for URL without Proxy: https://cdp.browserstack.com
2026-03-09T13:08:30.599Z CLI info [debug-utility]   -------------------------------------------------
2026-03-09T13:08:30.599Z CLI info [debug-utility]   Host: upload-observability.browserstack.com
2026-03-09T13:08:30.599Z CLI info [debug-utility]   Checking connectivity to: https://upload-observability.browserstack.com without Proxy
2026-03-09T13:08:30.702Z CLI info [debug-utility]   Connectivity check completed for URL without Proxy: https://upload-observability.browserstack.com
2026-03-09T13:08:30.702Z CLI info [debug-utility]   -------------------------------------------------
2026-03-09T13:08:30.702Z CLI info [debug-utility]   Host: collector-observability.browserstack.com
2026-03-09T13:08:30.702Z CLI info [debug-utility]   Checking connectivity to: https://collector-observability.browserstack.com without Proxy
2026-03-09T13:08:30.872Z CLI info [debug-utility]   Connectivity check completed for URL without Proxy: https://collector-observability.browserstack.com
2026-03-09T13:08:30.872Z CLI info [debug-utility]   -------------------------------------------------
2026-03-09T13:08:30.872Z CLI info [debug-utility]   Host: eds.browserstack.com
2026-03-09T13:08:30.872Z CLI info [debug-utility]   Checking connectivity to: https://eds.browserstack.com without Proxy
2026-03-09T13:08:30.984Z CLI info [debug-utility]   Connectivity check completed for URL without Proxy: https://eds.browserstack.com
2026-03-09T13:08:30.984Z CLI info [debug-utility]   -------------------------------------------------
2026-03-09T13:08:30.984Z CLI info [debug-utility]   Host: sdk.browserstack.com
2026-03-09T13:08:30.984Z CLI info [debug-utility]   Checking connectivity to: https://sdk.browserstack.com without Proxy
2026-03-09T13:08:31.119Z CLI info [debug-utility]   Connectivity check completed for URL without Proxy: https://sdk.browserstack.com
2026-03-09T13:08:31.119Z CLI info [debug-utility]   
Connectivity check results summary:
2026-03-09T13:08:31.119Z CLI info [debug-utility]   All connectivity checks passed
2026-03-09T13:08:31.119Z CLI info [debug-utility]   

========================browserstack.yml checks========================
2026-03-09T13:08:31.119Z CLI info [debug-utility]   Validating browserstack.yml configuration
2026-03-09T13:08:31.120Z CLI info [debug-utility]   browserstack.yml configuration validation completed
2026-03-09T13:08:31.120Z CLI info [debug-utility]   

========================Project configuration checks========================
2026-03-09T13:08:32.432Z CLI info [debug-utility]   Detecting Node.js version used in the project
2026-03-09T13:08:32.577Z CLI info [debug-utility]   Node.js version detection failed
2026-03-09T13:08:32.577Z CLI error [debug-utility]          Error occurred while detecting Node.js version: Command failed: C:\Program Files\nodejs\node.exe -v
'C:\Program' is not recognized as an internal or external command,
operable program or batch file.

2026-03-09T13:08:32.577Z CLI info [debug-utility]   Verifying installation of BrowserStack SDK
2026-03-09T13:08:32.577Z CLI info [debug-utility]   BrowserStack SDK is installed
2026-03-09T13:08:32.577Z CLI info [debug-utility]          Detected BrowserStack SDK version: 1.50.1
2026-03-09T13:08:32.577Z CLI info [debug-utility]   Detecting frameworks used in the project
2026-03-09T13:08:32.577Z CLI info [debug-utility]   Framework detection completed
2026-03-09T13:08:32.577Z CLI info [debug-utility]          Detected frameworks with versions: {"@playwright/test":"1.58.2","@cucumber/cucumber":"11.3.0"}
2026-03-09T13:08:32.578Z CLI info [debug-utility]   

========================Version compatibility checks========================
2026-03-09T13:08:32.578Z CLI info [debug-utility]   Skipping version compatibility check due to incompatible setup detection.
2026-03-09T13:08:32.578Z CLI debug [debug-utility]   Sending data to EDS: {"event_type":"sdk_events","data":{"testhub_uuid":"","created_day":"2026-03-09T13:08:32.578 UTC","event_name":"SDK_DEBUG_UTILITY_REPORT","user_data":"kjavedirfan_eZBoq7","host_info":"{\"hostname\":\"pe2vdfqaper-018\",\"platform\":\"win32\",\"type\":\"Windows_NT\",\"version\":\"Windows 10 Enterprise\",\"arch\":\"x64\"}","event_json":{"cliArgs":"C:\\Users\\KSuvarna\\.browserstack\\cli\\binary-win-x64.exe C:\\snapshot\\browserstack-binary\\cli\\dist\\index.js sdk","cliVersion":"1.24.2","results":{"system_check":{"metadata":{},"status":true,"messages":[]},"parse_yml":{"metadata":{},"status":true,"messages":[]},"connectivity_check":{"metadata":{"proxySettings":""},"status":true,"messages":[]},"validate_yml":{"metadata":{},"status":true,"messages":[]},"parse_project_config":{"metadata":{"configFilePath":"C:\\Users\\KSuvarna\\Desktop\\follet-test-steps\\package.json"},"status":false,"messages":["Error occurred while detecting Node.js version: Command failed: C:\\Program Files\\nodejs\\node.exe -v\n'C:\\Program' is not recognized as an internal or external command,\r\noperable program or batch file.\r\n"]},"version_compatibility":{"metadata":{},"status":false,"messages":["skipped"]}},"projectDirectory":"C:\\Users\\KSuvarna\\Desktop\\follet-test-steps","bstackconfigFilePath":"C:\\Users\\KSuvarna\\Desktop\\follet-test-steps\\browserstack.yml","projectConfigFilePath":null,"userProxyConfig":null,"sdkVersion":"1.50.1","language":"node","languageVersion":null,"frameworks":{"@playwright/test":"1.58.2","@cucumber/cucumber":"11.3.0"}}}}
2026-03-09T13:08:32.613Z CLI debug [debug-utility]   Data sent successfully to https://eds.browserstack.com with response 200
2026-03-09T13:10:26.270Z CLI info [debug-utility]   Starting debug utility in non-interactive mode with options: {"projectDirectory":"C:\\Users\\KSuvarna\\Desktop\\follet-test-steps","language":"node","username":"kjavedirfan_eZBoq7","key":"wMYFrmsNHB7QEs1RBFu8","bstackconfigFilePath":"C:\\Users\\KSuvarna\\Desktop\\follet-test-steps\\browserstack.yml"}
2026-03-09T13:10:26.270Z CLI info [debug-utility]   ======================system permissions checks======================
2026-03-09T13:10:26.274Z CLI info [debug-utility]   Checking write permissions for directory: C:\Users\KSuvarna\Desktop\follet-test-steps
2026-03-09T13:10:26.275Z CLI info [debug-utility]   Write permissions check completed for directory: C:\Users\KSuvarna\Desktop\follet-test-steps
2026-03-09T13:10:26.275Z CLI info [debug-utility]   Checking write permissions for directory: C:\Users\KSuvarna\.browserstack
2026-03-09T13:10:26.275Z CLI info [debug-utility]   Write permissions check completed for directory: C:\Users\KSuvarna\.browserstack
2026-03-09T13:10:26.275Z CLI info [debug-utility]   

========================Detecting browserstack.yml========================
2026-03-09T13:10:26.300Z CLI info [debug-utility]   

========================connectivity checks========================
2026-03-09T13:10:26.300Z CLI info [debug-utility]   No proxy settings detected.
2026-03-09T13:10:26.300Z CLI info [debug-utility]   -------------------------------------------------
2026-03-09T13:10:26.300Z CLI info [debug-utility]   Host: api.browserstack.com
2026-03-09T13:10:26.301Z CLI info [debug-utility]   Checking connectivity to: https://api.browserstack.com/robots.txt without Proxy
2026-03-09T13:10:26.455Z CLI info [debug-utility]   Connectivity check completed for URL without Proxy: https://api.browserstack.com/robots.txt
2026-03-09T13:10:26.455Z CLI info [debug-utility]   -------------------------------------------------
2026-03-09T13:10:26.455Z CLI info [debug-utility]   Host: api-cloud.browserstack.com
2026-03-09T13:10:26.455Z CLI info [debug-utility]   Checking connectivity to: https://api-cloud.browserstack.com without Proxy
2026-03-09T13:10:26.662Z CLI info [debug-utility]   Connectivity check completed for URL without Proxy: https://api-cloud.browserstack.com
2026-03-09T13:10:26.662Z CLI info [debug-utility]   -------------------------------------------------
2026-03-09T13:10:26.662Z CLI info [debug-utility]   Host: www.browserstack.com
2026-03-09T13:10:26.662Z CLI info [debug-utility]   Checking connectivity to: https://www.browserstack.com/robots.txt without Proxy
2026-03-09T13:10:26.784Z CLI info [debug-utility]   Connectivity check completed for URL without Proxy: https://www.browserstack.com/robots.txt
2026-03-09T13:10:26.784Z CLI info [debug-utility]   -------------------------------------------------
2026-03-09T13:10:26.785Z CLI info [debug-utility]   Host: automate.browserstack.com
2026-03-09T13:10:26.785Z CLI info [debug-utility]   Checking connectivity to: https://automate.browserstack.com/robots.txt without Proxy
2026-03-09T13:10:26.948Z CLI info [debug-utility]   Connectivity check completed for URL without Proxy: https://automate.browserstack.com/robots.txt
2026-03-09T13:10:26.948Z CLI info [debug-utility]   -------------------------------------------------
2026-03-09T13:10:26.948Z CLI info [debug-utility]   Host: app-automate.browserstack.com
2026-03-09T13:10:26.948Z CLI info [debug-utility]   Checking connectivity to: https://app-automate.browserstack.com/robots.txt without Proxy
2026-03-09T13:10:27.082Z CLI info [debug-utility]   Connectivity check completed for URL without Proxy: https://app-automate.browserstack.com/robots.txt
2026-03-09T13:10:27.082Z CLI info [debug-utility]   -------------------------------------------------
2026-03-09T13:10:27.082Z CLI info [debug-utility]   Host: hub.browserstack.com
2026-03-09T13:10:27.082Z CLI info [debug-utility]   Checking connectivity to: https://hub.browserstack.com/wd/hub without Proxy
2026-03-09T13:10:27.138Z CLI info [debug-utility]   Connectivity check completed for URL without Proxy: https://hub.browserstack.com/wd/hub
2026-03-09T13:10:27.138Z CLI info [debug-utility]   -------------------------------------------------
2026-03-09T13:10:27.139Z CLI info [debug-utility]   Host: hub.browserstack.com
2026-03-09T13:10:27.139Z CLI info [debug-utility]   Checking connectivity to: http://hub.browserstack.com/wd/hub without Proxy
2026-03-09T13:10:27.160Z CLI info [debug-utility]   Connectivity check completed for URL without Proxy: http://hub.browserstack.com/wd/hub
2026-03-09T13:10:27.160Z CLI info [debug-utility]   -------------------------------------------------
2026-03-09T13:10:27.160Z CLI info [debug-utility]   Host: cdp.browserstack.com
2026-03-09T13:10:27.160Z CLI info [debug-utility]   Checking connectivity to: https://cdp.browserstack.com without Proxy
2026-03-09T13:10:27.242Z CLI info [debug-utility]   Connectivity check completed for URL without Proxy: https://cdp.browserstack.com
2026-03-09T13:10:27.242Z CLI info [debug-utility]   -------------------------------------------------
2026-03-09T13:10:27.242Z CLI info [debug-utility]   Host: upload-observability.browserstack.com
2026-03-09T13:10:27.242Z CLI info [debug-utility]   Checking connectivity to: https://upload-observability.browserstack.com without Proxy
2026-03-09T13:10:27.315Z CLI info [debug-utility]   Connectivity check completed for URL without Proxy: https://upload-observability.browserstack.com
2026-03-09T13:10:27.315Z CLI info [debug-utility]   -------------------------------------------------
2026-03-09T13:10:27.315Z CLI info [debug-utility]   Host: collector-observability.browserstack.com
2026-03-09T13:10:27.315Z CLI info [debug-utility]   Checking connectivity to: https://collector-observability.browserstack.com without Proxy
2026-03-09T13:10:27.342Z CLI info [debug-utility]   Connectivity check completed for URL without Proxy: https://collector-observability.browserstack.com
2026-03-09T13:10:27.343Z CLI info [debug-utility]   -------------------------------------------------
2026-03-09T13:10:27.343Z CLI info [debug-utility]   Host: eds.browserstack.com
2026-03-09T13:10:27.343Z CLI info [debug-utility]   Checking connectivity to: https://eds.browserstack.com without Proxy
2026-03-09T13:10:27.381Z CLI info [debug-utility]   Connectivity check completed for URL without Proxy: https://eds.browserstack.com
2026-03-09T13:10:27.381Z CLI info [debug-utility]   -------------------------------------------------
2026-03-09T13:10:27.382Z CLI info [debug-utility]   Host: sdk.browserstack.com
2026-03-09T13:10:27.382Z CLI info [debug-utility]   Checking connectivity to: https://sdk.browserstack.com without Proxy
2026-03-09T13:10:27.495Z CLI info [debug-utility]   Connectivity check completed for URL without Proxy: https://sdk.browserstack.com
2026-03-09T13:10:27.495Z CLI info [debug-utility]   
Connectivity check results summary:
2026-03-09T13:10:27.495Z CLI info [debug-utility]   All connectivity checks passed
2026-03-09T13:10:27.495Z CLI info [debug-utility]   

========================browserstack.yml checks========================
2026-03-09T13:10:27.495Z CLI info [debug-utility]   Validating browserstack.yml configuration
2026-03-09T13:10:27.496Z CLI info [debug-utility]   browserstack.yml configuration validation completed
2026-03-09T13:10:27.496Z CLI info [debug-utility]   

========================Project configuration checks========================
2026-03-09T13:10:28.658Z CLI info [debug-utility]   Detecting Node.js version used in the project
2026-03-09T13:10:28.783Z CLI info [debug-utility]   Node.js version detection failed
2026-03-09T13:10:28.783Z CLI error [debug-utility]          Error occurred while detecting Node.js version: Command failed: C:\Program Files\nodejs\node.exe -v
'C:\Program' is not recognized as an internal or external command,
operable program or batch file.

2026-03-09T13:10:28.783Z CLI info [debug-utility]   Verifying installation of BrowserStack SDK
2026-03-09T13:10:28.783Z CLI info [debug-utility]   BrowserStack SDK is installed
2026-03-09T13:10:28.784Z CLI info [debug-utility]          Detected BrowserStack SDK version: 1.50.1
2026-03-09T13:10:28.784Z CLI info [debug-utility]   Detecting frameworks used in the project
2026-03-09T13:10:28.784Z CLI info [debug-utility]   Framework detection completed
2026-03-09T13:10:28.784Z CLI info [debug-utility]          Detected frameworks with versions: {"@playwright/test":"1.58.2","@cucumber/cucumber":"11.3.0"}
2026-03-09T13:10:28.784Z CLI info [debug-utility]   

========================Version compatibility checks========================
2026-03-09T13:10:28.784Z CLI info [debug-utility]   Skipping version compatibility check due to incompatible setup detection.
2026-03-09T13:10:28.785Z CLI debug [debug-utility]   Sending data to EDS: {"event_type":"sdk_events","data":{"testhub_uuid":"","created_day":"2026-03-09T13:10:28.784 UTC","event_name":"SDK_DEBUG_UTILITY_REPORT","user_data":"kjavedirfan_eZBoq7","host_info":"{\"hostname\":\"pe2vdfqaper-018\",\"platform\":\"win32\",\"type\":\"Windows_NT\",\"version\":\"Windows 10 Enterprise\",\"arch\":\"x64\"}","event_json":{"cliArgs":"C:\\Users\\KSuvarna\\.browserstack\\cli\\binary-win-x64.exe C:\\snapshot\\browserstack-binary\\cli\\dist\\index.js sdk","cliVersion":"1.24.2","results":{"system_check":{"metadata":{},"status":true,"messages":[]},"parse_yml":{"metadata":{},"status":true,"messages":[]},"connectivity_check":{"metadata":{"proxySettings":""},"status":true,"messages":[]},"validate_yml":{"metadata":{},"status":true,"messages":[]},"parse_project_config":{"metadata":{"configFilePath":"C:\\Users\\KSuvarna\\Desktop\\follet-test-steps\\package.json"},"status":false,"messages":["Error occurred while detecting Node.js version: Command failed: C:\\Program Files\\nodejs\\node.exe -v\n'C:\\Program' is not recognized as an internal or external command,\r\noperable program or batch file.\r\n"]},"version_compatibility":{"metadata":{},"status":false,"messages":["skipped"]}},"projectDirectory":"C:\\Users\\KSuvarna\\Desktop\\follet-test-steps","bstackconfigFilePath":"C:\\Users\\KSuvarna\\Desktop\\follet-test-steps\\browserstack.yml","projectConfigFilePath":null,"userProxyConfig":null,"sdkVersion":"1.50.1","language":"node","languageVersion":null,"frameworks":{"@playwright/test":"1.58.2","@cucumber/cucumber":"11.3.0"}}}}
2026-03-09T13:10:28.817Z CLI debug [debug-utility]   Data sent successfully to https://eds.browserstack.com with response 200
2026-03-09T13:18:16.985Z CLI info [debug-utility]   Starting debug utility in non-interactive mode with options: {"projectDirectory":"C:\\Users\\KSuvarna\\Desktop\\follet-test-steps","language":"node","username":"kjavedirfan_eZBoq7","key":"wMYFrmsNHB7QEs1RBFu8","bstackconfigFilePath":"C:\\Users\\KSuvarna\\Desktop\\follet-test-steps\\browserstack.yml"}
2026-03-09T13:18:16.985Z CLI info [debug-utility]   ======================system permissions checks======================
2026-03-09T13:18:16.990Z CLI info [debug-utility]   Checking write permissions for directory: C:\Users\KSuvarna\Desktop\follet-test-steps
2026-03-09T13:18:16.990Z CLI info [debug-utility]   Write permissions check completed for directory: C:\Users\KSuvarna\Desktop\follet-test-steps
2026-03-09T13:18:16.991Z CLI info [debug-utility]   Checking write permissions for directory: C:\Users\KSuvarna\.browserstack
2026-03-09T13:18:16.991Z CLI info [debug-utility]   Write permissions check completed for directory: C:\Users\KSuvarna\.browserstack
2026-03-09T13:18:16.991Z CLI info [debug-utility]   

========================Detecting browserstack.yml========================
2026-03-09T13:18:16.996Z CLI info [debug-utility]   

========================connectivity checks========================
2026-03-09T13:18:16.996Z CLI info [debug-utility]   No proxy settings detected.
2026-03-09T13:18:16.996Z CLI info [debug-utility]   -------------------------------------------------
2026-03-09T13:18:16.996Z CLI info [debug-utility]   Host: api.browserstack.com
2026-03-09T13:18:16.996Z CLI info [debug-utility]   Checking connectivity to: https://api.browserstack.com/robots.txt without Proxy
2026-03-09T13:18:17.135Z CLI info [debug-utility]   Connectivity check completed for URL without Proxy: https://api.browserstack.com/robots.txt
2026-03-09T13:18:17.135Z CLI info [debug-utility]   -------------------------------------------------
2026-03-09T13:18:17.135Z CLI info [debug-utility]   Host: api-cloud.browserstack.com
2026-03-09T13:18:17.135Z CLI info [debug-utility]   Checking connectivity to: https://api-cloud.browserstack.com without Proxy
2026-03-09T13:18:17.386Z CLI info [debug-utility]   Connectivity check completed for URL without Proxy: https://api-cloud.browserstack.com
2026-03-09T13:18:17.386Z CLI info [debug-utility]   -------------------------------------------------
2026-03-09T13:18:17.386Z CLI info [debug-utility]   Host: www.browserstack.com
2026-03-09T13:18:17.386Z CLI info [debug-utility]   Checking connectivity to: https://www.browserstack.com/robots.txt without Proxy
2026-03-09T13:18:17.536Z CLI info [debug-utility]   Connectivity check completed for URL without Proxy: https://www.browserstack.com/robots.txt
2026-03-09T13:18:17.536Z CLI info [debug-utility]   -------------------------------------------------
2026-03-09T13:18:17.536Z CLI info [debug-utility]   Host: automate.browserstack.com
2026-03-09T13:18:17.536Z CLI info [debug-utility]   Checking connectivity to: https://automate.browserstack.com/robots.txt without Proxy
2026-03-09T13:18:17.743Z CLI info [debug-utility]   Connectivity check completed for URL without Proxy: https://automate.browserstack.com/robots.txt
2026-03-09T13:18:17.744Z CLI info [debug-utility]   -------------------------------------------------
2026-03-09T13:18:17.744Z CLI info [debug-utility]   Host: app-automate.browserstack.com
2026-03-09T13:18:17.744Z CLI info [debug-utility]   Checking connectivity to: https://app-automate.browserstack.com/robots.txt without Proxy
2026-03-09T13:18:17.925Z CLI info [debug-utility]   Connectivity check completed for URL without Proxy: https://app-automate.browserstack.com/robots.txt
2026-03-09T13:18:17.926Z CLI info [debug-utility]   -------------------------------------------------
2026-03-09T13:18:17.926Z CLI info [debug-utility]   Host: hub.browserstack.com
2026-03-09T13:18:17.926Z CLI info [debug-utility]   Checking connectivity to: https://hub.browserstack.com/wd/hub without Proxy
2026-03-09T13:18:17.964Z CLI info [debug-utility]   Connectivity check completed for URL without Proxy: https://hub.browserstack.com/wd/hub
2026-03-09T13:18:17.964Z CLI info [debug-utility]   -------------------------------------------------
2026-03-09T13:18:17.964Z CLI info [debug-utility]   Host: hub.browserstack.com
2026-03-09T13:18:17.964Z CLI info [debug-utility]   Checking connectivity to: http://hub.browserstack.com/wd/hub without Proxy
2026-03-09T13:18:17.988Z CLI info [debug-utility]   Connectivity check completed for URL without Proxy: http://hub.browserstack.com/wd/hub
2026-03-09T13:18:17.988Z CLI info [debug-utility]   -------------------------------------------------
2026-03-09T13:18:17.988Z CLI info [debug-utility]   Host: cdp.browserstack.com
2026-03-09T13:18:17.988Z CLI info [debug-utility]   Checking connectivity to: https://cdp.browserstack.com without Proxy
2026-03-09T13:18:18.110Z CLI info [debug-utility]   Connectivity check completed for URL without Proxy: https://cdp.browserstack.com
2026-03-09T13:18:18.111Z CLI info [debug-utility]   -------------------------------------------------
2026-03-09T13:18:18.111Z CLI info [debug-utility]   Host: upload-observability.browserstack.com
2026-03-09T13:18:18.111Z CLI info [debug-utility]   Checking connectivity to: https://upload-observability.browserstack.com without Proxy
2026-03-09T13:18:18.218Z CLI info [debug-utility]   Connectivity check completed for URL without Proxy: https://upload-observability.browserstack.com
2026-03-09T13:18:18.218Z CLI info [debug-utility]   -------------------------------------------------
2026-03-09T13:18:18.218Z CLI info [debug-utility]   Host: collector-observability.browserstack.com
2026-03-09T13:18:18.218Z CLI info [debug-utility]   Checking connectivity to: https://collector-observability.browserstack.com without Proxy
2026-03-09T13:18:18.324Z CLI info [debug-utility]   Connectivity check completed for URL without Proxy: https://collector-observability.browserstack.com
2026-03-09T13:18:18.324Z CLI info [debug-utility]   -------------------------------------------------
2026-03-09T13:18:18.324Z CLI info [debug-utility]   Host: eds.browserstack.com
2026-03-09T13:18:18.324Z CLI info [debug-utility]   Checking connectivity to: https://eds.browserstack.com without Proxy
2026-03-09T13:18:18.445Z CLI info [debug-utility]   Connectivity check completed for URL without Proxy: https://eds.browserstack.com
2026-03-09T13:18:18.446Z CLI info [debug-utility]   -------------------------------------------------
2026-03-09T13:18:18.446Z CLI info [debug-utility]   Host: sdk.browserstack.com
2026-03-09T13:18:18.446Z CLI info [debug-utility]   Checking connectivity to: https://sdk.browserstack.com without Proxy
2026-03-09T13:18:18.574Z CLI info [debug-utility]   Connectivity check completed for URL without Proxy: https://sdk.browserstack.com
2026-03-09T13:18:18.574Z CLI info [debug-utility]   
Connectivity check results summary:
2026-03-09T13:18:18.575Z CLI info [debug-utility]   All connectivity checks passed
2026-03-09T13:18:18.575Z CLI info [debug-utility]   

========================browserstack.yml checks========================
2026-03-09T13:18:18.575Z CLI info [debug-utility]   Validating browserstack.yml configuration
2026-03-09T13:18:18.576Z CLI info [debug-utility]   browserstack.yml configuration validation completed
2026-03-09T13:18:18.576Z CLI info [debug-utility]   

========================Project configuration checks========================
2026-03-09T13:18:20.228Z CLI info [debug-utility]   Detecting Node.js version used in the project
2026-03-09T13:18:20.442Z CLI info [debug-utility]   Node.js version detection failed
2026-03-09T13:18:20.442Z CLI error [debug-utility]          Error occurred while detecting Node.js version: Command failed: C:\Program Files\nodejs\node.exe -v
'C:\Program' is not recognized as an internal or external command,
operable program or batch file.

2026-03-09T13:18:20.442Z CLI info [debug-utility]   Verifying installation of BrowserStack SDK
2026-03-09T13:18:20.442Z CLI info [debug-utility]   BrowserStack SDK is installed
2026-03-09T13:18:20.442Z CLI info [debug-utility]          Detected BrowserStack SDK version: 1.50.1
2026-03-09T13:18:20.442Z CLI info [debug-utility]   Detecting frameworks used in the project
2026-03-09T13:18:20.442Z CLI info [debug-utility]   Framework detection completed
2026-03-09T13:18:20.443Z CLI info [debug-utility]          Detected frameworks with versions: {"@playwright/test":"1.58.2","@cucumber/cucumber":"11.3.0"}
2026-03-09T13:18:20.443Z CLI info [debug-utility]   

========================Version compatibility checks========================
2026-03-09T13:18:20.443Z CLI info [debug-utility]   Skipping version compatibility check due to incompatible setup detection.
2026-03-09T13:18:20.443Z CLI debug [debug-utility]   Sending data to EDS: {"event_type":"sdk_events","data":{"testhub_uuid":"","created_day":"2026-03-09T13:18:20.443 UTC","event_name":"SDK_DEBUG_UTILITY_REPORT","user_data":"kjavedirfan_eZBoq7","host_info":"{\"hostname\":\"pe2vdfqaper-018\",\"platform\":\"win32\",\"type\":\"Windows_NT\",\"version\":\"Windows 10 Enterprise\",\"arch\":\"x64\"}","event_json":{"cliArgs":"C:\\Users\\KSuvarna\\.browserstack\\cli\\binary-win-x64.exe C:\\snapshot\\browserstack-binary\\cli\\dist\\index.js sdk","cliVersion":"1.24.2","results":{"system_check":{"metadata":{},"status":true,"messages":[]},"parse_yml":{"metadata":{},"status":true,"messages":[]},"connectivity_check":{"metadata":{"proxySettings":""},"status":true,"messages":[]},"validate_yml":{"metadata":{},"status":true,"messages":[]},"parse_project_config":{"metadata":{"configFilePath":"C:\\Users\\KSuvarna\\Desktop\\follet-test-steps\\package.json"},"status":false,"messages":["Error occurred while detecting Node.js version: Command failed: C:\\Program Files\\nodejs\\node.exe -v\n'C:\\Program' is not recognized as an internal or external command,\r\noperable program or batch file.\r\n"]},"version_compatibility":{"metadata":{},"status":false,"messages":["skipped"]}},"projectDirectory":"C:\\Users\\KSuvarna\\Desktop\\follet-test-steps","bstackconfigFilePath":"C:\\Users\\KSuvarna\\Desktop\\follet-test-steps\\browserstack.yml","projectConfigFilePath":null,"userProxyConfig":null,"sdkVersion":"1.50.1","language":"node","languageVersion":null,"frameworks":{"@playwright/test":"1.58.2","@cucumber/cucumber":"11.3.0"}}}}
2026-03-09T13:18:20.477Z CLI debug [debug-utility]   Data sent successfully to https://eds.browserstack.com with response 200
2026-03-09T13:22:00.683Z CLI info [debug-utility]   Starting debug utility in non-interactive mode with options: {"projectDirectory":"C:\\Users\\KSuvarna\\Desktop\\follet-test-steps","language":"node","username":"kjavedirfan_eZBoq7","key":"wMYFrmsNHB7QEs1RBFu8","bstackconfigFilePath":"C:\\Users\\KSuvarna\\Desktop\\follet-test-steps\\browserstack.yml"}
2026-03-09T13:22:00.684Z CLI info [debug-utility]   ======================system permissions checks======================
2026-03-09T13:22:00.685Z CLI info [debug-utility]   Checking write permissions for directory: C:\Users\KSuvarna\Desktop\follet-test-steps
2026-03-09T13:22:00.685Z CLI info [debug-utility]   Write permissions check completed for directory: C:\Users\KSuvarna\Desktop\follet-test-steps
2026-03-09T13:22:00.685Z CLI info [debug-utility]   Checking write permissions for directory: C:\Users\KSuvarna\.browserstack
2026-03-09T13:22:00.686Z CLI info [debug-utility]   Write permissions check completed for directory: C:\Users\KSuvarna\.browserstack
2026-03-09T13:22:00.686Z CLI info [debug-utility]   

========================Detecting browserstack.yml========================
2026-03-09T13:22:00.689Z CLI info [debug-utility]   

========================connectivity checks========================
2026-03-09T13:22:00.689Z CLI info [debug-utility]   No proxy settings detected.
2026-03-09T13:22:00.689Z CLI info [debug-utility]   -------------------------------------------------
2026-03-09T13:22:00.689Z CLI info [debug-utility]   Host: api.browserstack.com
2026-03-09T13:22:00.689Z CLI info [debug-utility]   Checking connectivity to: https://api.browserstack.com/robots.txt without Proxy
2026-03-09T13:22:00.814Z CLI info [debug-utility]   Connectivity check completed for URL without Proxy: https://api.browserstack.com/robots.txt
2026-03-09T13:22:00.814Z CLI info [debug-utility]   -------------------------------------------------
2026-03-09T13:22:00.814Z CLI info [debug-utility]   Host: api-cloud.browserstack.com
2026-03-09T13:22:00.814Z CLI info [debug-utility]   Checking connectivity to: https://api-cloud.browserstack.com without Proxy
2026-03-09T13:22:01.054Z CLI info [debug-utility]   Connectivity check completed for URL without Proxy: https://api-cloud.browserstack.com
2026-03-09T13:22:01.054Z CLI info [debug-utility]   -------------------------------------------------
2026-03-09T13:22:01.054Z CLI info [debug-utility]   Host: www.browserstack.com
2026-03-09T13:22:01.054Z CLI info [debug-utility]   Checking connectivity to: https://www.browserstack.com/robots.txt without Proxy
2026-03-09T13:22:01.092Z CLI info [debug-utility]   Connectivity check completed for URL without Proxy: https://www.browserstack.com/robots.txt
2026-03-09T13:22:01.092Z CLI info [debug-utility]   -------------------------------------------------
2026-03-09T13:22:01.092Z CLI info [debug-utility]   Host: automate.browserstack.com
2026-03-09T13:22:01.092Z CLI info [debug-utility]   Checking connectivity to: https://automate.browserstack.com/robots.txt without Proxy
2026-03-09T13:22:01.233Z CLI info [debug-utility]   Connectivity check completed for URL without Proxy: https://automate.browserstack.com/robots.txt
2026-03-09T13:22:01.233Z CLI info [debug-utility]   -------------------------------------------------
2026-03-09T13:22:01.233Z CLI info [debug-utility]   Host: app-automate.browserstack.com
2026-03-09T13:22:01.233Z CLI info [debug-utility]   Checking connectivity to: https://app-automate.browserstack.com/robots.txt without Proxy
2026-03-09T13:22:01.438Z CLI info [debug-utility]   Connectivity check completed for URL without Proxy: https://app-automate.browserstack.com/robots.txt
2026-03-09T13:22:01.438Z CLI info [debug-utility]   -------------------------------------------------
2026-03-09T13:22:01.438Z CLI info [debug-utility]   Host: hub.browserstack.com
2026-03-09T13:22:01.438Z CLI info [debug-utility]   Checking connectivity to: https://hub.browserstack.com/wd/hub without Proxy
2026-03-09T13:22:01.493Z CLI info [debug-utility]   Connectivity check completed for URL without Proxy: https://hub.browserstack.com/wd/hub
2026-03-09T13:22:01.493Z CLI info [debug-utility]   -------------------------------------------------
2026-03-09T13:22:01.493Z CLI info [debug-utility]   Host: hub.browserstack.com
2026-03-09T13:22:01.493Z CLI info [debug-utility]   Checking connectivity to: http://hub.browserstack.com/wd/hub without Proxy
2026-03-09T13:22:01.532Z CLI info [debug-utility]   Connectivity check completed for URL without Proxy: http://hub.browserstack.com/wd/hub
2026-03-09T13:22:01.532Z CLI info [debug-utility]   -------------------------------------------------
2026-03-09T13:22:01.532Z CLI info [debug-utility]   Host: cdp.browserstack.com
2026-03-09T13:22:01.532Z CLI info [debug-utility]   Checking connectivity to: https://cdp.browserstack.com without Proxy
2026-03-09T13:22:01.649Z CLI info [debug-utility]   Connectivity check completed for URL without Proxy: https://cdp.browserstack.com
2026-03-09T13:22:01.649Z CLI info [debug-utility]   -------------------------------------------------
2026-03-09T13:22:01.649Z CLI info [debug-utility]   Host: upload-observability.browserstack.com
2026-03-09T13:22:01.649Z CLI info [debug-utility]   Checking connectivity to: https://upload-observability.browserstack.com without Proxy
2026-03-09T13:22:01.722Z CLI info [debug-utility]   Connectivity check completed for URL without Proxy: https://upload-observability.browserstack.com
2026-03-09T13:22:01.723Z CLI info [debug-utility]   -------------------------------------------------
2026-03-09T13:22:01.723Z CLI info [debug-utility]   Host: collector-observability.browserstack.com
2026-03-09T13:22:01.723Z CLI info [debug-utility]   Checking connectivity to: https://collector-observability.browserstack.com without Proxy
2026-03-09T13:22:01.748Z CLI info [debug-utility]   Connectivity check completed for URL without Proxy: https://collector-observability.browserstack.com
2026-03-09T13:22:01.748Z CLI info [debug-utility]   -------------------------------------------------
2026-03-09T13:22:01.748Z CLI info [debug-utility]   Host: eds.browserstack.com
2026-03-09T13:22:01.748Z CLI info [debug-utility]   Checking connectivity to: https://eds.browserstack.com without Proxy
2026-03-09T13:22:01.808Z CLI info [debug-utility]   Connectivity check completed for URL without Proxy: https://eds.browserstack.com
2026-03-09T13:22:01.808Z CLI info [debug-utility]   -------------------------------------------------
2026-03-09T13:22:01.808Z CLI info [debug-utility]   Host: sdk.browserstack.com
2026-03-09T13:22:01.808Z CLI info [debug-utility]   Checking connectivity to: https://sdk.browserstack.com without Proxy
2026-03-09T13:22:01.951Z CLI info [debug-utility]   Connectivity check completed for URL without Proxy: https://sdk.browserstack.com
2026-03-09T13:22:01.952Z CLI info [debug-utility]   
Connectivity check results summary:
2026-03-09T13:22:01.952Z CLI info [debug-utility]   All connectivity checks passed
2026-03-09T13:22:01.952Z CLI info [debug-utility]   

========================browserstack.yml checks========================
2026-03-09T13:22:01.952Z CLI info [debug-utility]   Validating browserstack.yml configuration
2026-03-09T13:22:01.952Z CLI info [debug-utility]   browserstack.yml configuration validation completed
2026-03-09T13:22:01.952Z CLI info [debug-utility]   

========================Project configuration checks========================
2026-03-09T13:22:03.176Z CLI info [debug-utility]   Detecting Node.js version used in the project
2026-03-09T13:22:03.307Z CLI info [debug-utility]   Node.js version detection failed
2026-03-09T13:22:03.308Z CLI error [debug-utility]          Error occurred while detecting Node.js version: Command failed: C:\Program Files\nodejs\node.exe -v
'C:\Program' is not recognized as an internal or external command,
operable program or batch file.

2026-03-09T13:22:03.308Z CLI info [debug-utility]   Verifying installation of BrowserStack SDK
2026-03-09T13:22:03.308Z CLI info [debug-utility]   BrowserStack SDK is installed
2026-03-09T13:22:03.308Z CLI info [debug-utility]          Detected BrowserStack SDK version: 1.50.1
2026-03-09T13:22:03.308Z CLI info [debug-utility]   Detecting frameworks used in the project
2026-03-09T13:22:03.308Z CLI info [debug-utility]   Framework detection completed
2026-03-09T13:22:03.308Z CLI info [debug-utility]          Detected frameworks with versions: {"@playwright/test":"1.58.2","@cucumber/cucumber":"11.3.0"}
2026-03-09T13:22:03.308Z CLI info [debug-utility]   

========================Version compatibility checks========================
2026-03-09T13:22:03.308Z CLI info [debug-utility]   Skipping version compatibility check due to incompatible setup detection.
2026-03-09T13:22:03.309Z CLI debug [debug-utility]   Sending data to EDS: {"event_type":"sdk_events","data":{"testhub_uuid":"","created_day":"2026-03-09T13:22:03.308 UTC","event_name":"SDK_DEBUG_UTILITY_REPORT","user_data":"kjavedirfan_eZBoq7","host_info":"{\"hostname\":\"pe2vdfqaper-018\",\"platform\":\"win32\",\"type\":\"Windows_NT\",\"version\":\"Windows 10 Enterprise\",\"arch\":\"x64\"}","event_json":{"cliArgs":"C:\\Users\\KSuvarna\\.browserstack\\cli\\binary-win-x64.exe C:\\snapshot\\browserstack-binary\\cli\\dist\\index.js sdk","cliVersion":"1.24.2","results":{"system_check":{"metadata":{},"status":true,"messages":[]},"parse_yml":{"metadata":{},"status":true,"messages":[]},"connectivity_check":{"metadata":{"proxySettings":""},"status":true,"messages":[]},"validate_yml":{"metadata":{},"status":true,"messages":[]},"parse_project_config":{"metadata":{"configFilePath":"C:\\Users\\KSuvarna\\Desktop\\follet-test-steps\\package.json"},"status":false,"messages":["Error occurred while detecting Node.js version: Command failed: C:\\Program Files\\nodejs\\node.exe -v\n'C:\\Program' is not recognized as an internal or external command,\r\noperable program or batch file.\r\n"]},"version_compatibility":{"metadata":{},"status":false,"messages":["skipped"]}},"projectDirectory":"C:\\Users\\KSuvarna\\Desktop\\follet-test-steps","bstackconfigFilePath":"C:\\Users\\KSuvarna\\Desktop\\follet-test-steps\\browserstack.yml","projectConfigFilePath":null,"userProxyConfig":null,"sdkVersion":"1.50.1","language":"node","languageVersion":null,"frameworks":{"@playwright/test":"1.58.2","@cucumber/cucumber":"11.3.0"}}}}
2026-03-09T13:22:03.340Z CLI debug [debug-utility]   Data sent successfully to https://eds.browserstack.com with response 200
2026-03-09T13:24:35.850Z CLI info [debug-utility]   Starting debug utility in non-interactive mode with options: {"projectDirectory":"C:\\Users\\KSuvarna\\Desktop\\follet-test-steps","language":"node","username":"kjavedirfan_eZBoq7","key":"wMYFrmsNHB7QEs1RBFu8","bstackconfigFilePath":"C:\\Users\\KSuvarna\\Desktop\\follet-test-steps\\browserstack.yml"}
2026-03-09T13:24:35.850Z CLI info [debug-utility]   ======================system permissions checks======================
2026-03-09T13:24:35.853Z CLI info [debug-utility]   Checking write permissions for directory: C:\Users\KSuvarna\Desktop\follet-test-steps
2026-03-09T13:24:35.853Z CLI info [debug-utility]   Write permissions check completed for directory: C:\Users\KSuvarna\Desktop\follet-test-steps
2026-03-09T13:24:35.854Z CLI info [debug-utility]   Checking write permissions for directory: C:\Users\KSuvarna\.browserstack
2026-03-09T13:24:35.854Z CLI info [debug-utility]   Write permissions check completed for directory: C:\Users\KSuvarna\.browserstack
2026-03-09T13:24:35.854Z CLI info [debug-utility]   

========================Detecting browserstack.yml========================
2026-03-09T13:24:35.857Z CLI info [debug-utility]   

========================connectivity checks========================
2026-03-09T13:24:35.858Z CLI info [debug-utility]   No proxy settings detected.
2026-03-09T13:24:35.858Z CLI info [debug-utility]   -------------------------------------------------
2026-03-09T13:24:35.858Z CLI info [debug-utility]   Host: api.browserstack.com
2026-03-09T13:24:35.858Z CLI info [debug-utility]   Checking connectivity to: https://api.browserstack.com/robots.txt without Proxy
2026-03-09T13:24:36.003Z CLI info [debug-utility]   Connectivity check completed for URL without Proxy: https://api.browserstack.com/robots.txt
2026-03-09T13:24:36.003Z CLI info [debug-utility]   -------------------------------------------------
2026-03-09T13:24:36.004Z CLI info [debug-utility]   Host: api-cloud.browserstack.com
2026-03-09T13:24:36.004Z CLI info [debug-utility]   Checking connectivity to: https://api-cloud.browserstack.com without Proxy
2026-03-09T13:24:36.220Z CLI info [debug-utility]   Connectivity check completed for URL without Proxy: https://api-cloud.browserstack.com
2026-03-09T13:24:36.220Z CLI info [debug-utility]   -------------------------------------------------
2026-03-09T13:24:36.220Z CLI info [debug-utility]   Host: www.browserstack.com
2026-03-09T13:24:36.220Z CLI info [debug-utility]   Checking connectivity to: https://www.browserstack.com/robots.txt without Proxy
2026-03-09T13:24:36.369Z CLI info [debug-utility]   Connectivity check completed for URL without Proxy: https://www.browserstack.com/robots.txt
2026-03-09T13:24:36.369Z CLI info [debug-utility]   -------------------------------------------------
2026-03-09T13:24:36.369Z CLI info [debug-utility]   Host: automate.browserstack.com
2026-03-09T13:24:36.369Z CLI info [debug-utility]   Checking connectivity to: https://automate.browserstack.com/robots.txt without Proxy
2026-03-09T13:24:36.546Z CLI info [debug-utility]   Connectivity check completed for URL without Proxy: https://automate.browserstack.com/robots.txt
2026-03-09T13:24:36.546Z CLI info [debug-utility]   -------------------------------------------------
2026-03-09T13:24:36.546Z CLI info [debug-utility]   Host: app-automate.browserstack.com
2026-03-09T13:24:36.546Z CLI info [debug-utility]   Checking connectivity to: https://app-automate.browserstack.com/robots.txt without Proxy
2026-03-09T13:24:36.731Z CLI info [debug-utility]   Connectivity check completed for URL without Proxy: https://app-automate.browserstack.com/robots.txt
2026-03-09T13:24:36.732Z CLI info [debug-utility]   -------------------------------------------------
2026-03-09T13:24:36.732Z CLI info [debug-utility]   Host: hub.browserstack.com
2026-03-09T13:24:36.732Z CLI info [debug-utility]   Checking connectivity to: https://hub.browserstack.com/wd/hub without Proxy
2026-03-09T13:24:36.783Z CLI info [debug-utility]   Connectivity check completed for URL without Proxy: https://hub.browserstack.com/wd/hub
2026-03-09T13:24:36.783Z CLI info [debug-utility]   -------------------------------------------------
2026-03-09T13:24:36.783Z CLI info [debug-utility]   Host: hub.browserstack.com
2026-03-09T13:24:36.783Z CLI info [debug-utility]   Checking connectivity to: http://hub.browserstack.com/wd/hub without Proxy
2026-03-09T13:24:36.806Z CLI info [debug-utility]   Connectivity check completed for URL without Proxy: http://hub.browserstack.com/wd/hub
2026-03-09T13:24:36.806Z CLI info [debug-utility]   -------------------------------------------------
2026-03-09T13:24:36.806Z CLI info [debug-utility]   Host: cdp.browserstack.com
2026-03-09T13:24:36.806Z CLI info [debug-utility]   Checking connectivity to: https://cdp.browserstack.com without Proxy
2026-03-09T13:24:36.944Z CLI info [debug-utility]   Connectivity check completed for URL without Proxy: https://cdp.browserstack.com
2026-03-09T13:24:36.944Z CLI info [debug-utility]   -------------------------------------------------
2026-03-09T13:24:36.944Z CLI info [debug-utility]   Host: upload-observability.browserstack.com
2026-03-09T13:24:36.944Z CLI info [debug-utility]   Checking connectivity to: https://upload-observability.browserstack.com without Proxy
2026-03-09T13:24:37.055Z CLI info [debug-utility]   Connectivity check completed for URL without Proxy: https://upload-observability.browserstack.com
2026-03-09T13:24:37.055Z CLI info [debug-utility]   -------------------------------------------------
2026-03-09T13:24:37.055Z CLI info [debug-utility]   Host: collector-observability.browserstack.com
2026-03-09T13:24:37.055Z CLI info [debug-utility]   Checking connectivity to: https://collector-observability.browserstack.com without Proxy
2026-03-09T13:24:37.161Z CLI info [debug-utility]   Connectivity check completed for URL without Proxy: https://collector-observability.browserstack.com
2026-03-09T13:24:37.162Z CLI info [debug-utility]   -------------------------------------------------
2026-03-09T13:24:37.162Z CLI info [debug-utility]   Host: eds.browserstack.com
2026-03-09T13:24:37.162Z CLI info [debug-utility]   Checking connectivity to: https://eds.browserstack.com without Proxy
2026-03-09T13:24:37.203Z CLI info [debug-utility]   Connectivity check completed for URL without Proxy: https://eds.browserstack.com
2026-03-09T13:24:37.203Z CLI info [debug-utility]   -------------------------------------------------
2026-03-09T13:24:37.203Z CLI info [debug-utility]   Host: sdk.browserstack.com
2026-03-09T13:24:37.203Z CLI info [debug-utility]   Checking connectivity to: https://sdk.browserstack.com without Proxy
2026-03-09T13:24:37.338Z CLI info [debug-utility]   Connectivity check completed for URL without Proxy: https://sdk.browserstack.com
2026-03-09T13:24:37.338Z CLI info [debug-utility]   
Connectivity check results summary:
2026-03-09T13:24:37.338Z CLI info [debug-utility]   All connectivity checks passed
2026-03-09T13:24:37.338Z CLI info [debug-utility]   

========================browserstack.yml checks========================
2026-03-09T13:24:37.338Z CLI info [debug-utility]   Validating browserstack.yml configuration
2026-03-09T13:24:37.339Z CLI info [debug-utility]   browserstack.yml configuration validation completed
2026-03-09T13:24:37.339Z CLI info [debug-utility]   

========================Project configuration checks========================
2026-03-09T13:24:38.571Z CLI info [debug-utility]   Detecting Node.js version used in the project
2026-03-09T13:24:38.701Z CLI info [debug-utility]   Node.js version detection failed
2026-03-09T13:24:38.701Z CLI error [debug-utility]          Error occurred while detecting Node.js version: Command failed: C:\Program Files\nodejs\node.exe -v
'C:\Program' is not recognized as an internal or external command,
operable program or batch file.

2026-03-09T13:24:38.701Z CLI info [debug-utility]   Verifying installation of BrowserStack SDK
2026-03-09T13:24:38.701Z CLI info [debug-utility]   BrowserStack SDK is installed
2026-03-09T13:24:38.702Z CLI info [debug-utility]          Detected BrowserStack SDK version: 1.50.1
2026-03-09T13:24:38.702Z CLI info [debug-utility]   Detecting frameworks used in the project
2026-03-09T13:24:38.702Z CLI info [debug-utility]   Framework detection completed
2026-03-09T13:24:38.702Z CLI info [debug-utility]          Detected frameworks with versions: {"@playwright/test":"1.58.2","@cucumber/cucumber":"11.3.0"}
2026-03-09T13:24:38.702Z CLI info [debug-utility]   

========================Version compatibility checks========================
2026-03-09T13:24:38.702Z CLI info [debug-utility]   Skipping version compatibility check due to incompatible setup detection.
2026-03-09T13:24:38.702Z CLI debug [debug-utility]   Sending data to EDS: {"event_type":"sdk_events","data":{"testhub_uuid":"","created_day":"2026-03-09T13:24:38.702 UTC","event_name":"SDK_DEBUG_UTILITY_REPORT","user_data":"kjavedirfan_eZBoq7","host_info":"{\"hostname\":\"pe2vdfqaper-018\",\"platform\":\"win32\",\"type\":\"Windows_NT\",\"version\":\"Windows 10 Enterprise\",\"arch\":\"x64\"}","event_json":{"cliArgs":"C:\\Users\\KSuvarna\\.browserstack\\cli\\binary-win-x64.exe C:\\snapshot\\browserstack-binary\\cli\\dist\\index.js sdk","cliVersion":"1.24.2","results":{"system_check":{"metadata":{},"status":true,"messages":[]},"parse_yml":{"metadata":{},"status":true,"messages":[]},"connectivity_check":{"metadata":{"proxySettings":""},"status":true,"messages":[]},"validate_yml":{"metadata":{},"status":true,"messages":[]},"parse_project_config":{"metadata":{"configFilePath":"C:\\Users\\KSuvarna\\Desktop\\follet-test-steps\\package.json"},"status":false,"messages":["Error occurred while detecting Node.js version: Command failed: C:\\Program Files\\nodejs\\node.exe -v\n'C:\\Program' is not recognized as an internal or external command,\r\noperable program or batch file.\r\n"]},"version_compatibility":{"metadata":{},"status":false,"messages":["skipped"]}},"projectDirectory":"C:\\Users\\KSuvarna\\Desktop\\follet-test-steps","bstackconfigFilePath":"C:\\Users\\KSuvarna\\Desktop\\follet-test-steps\\browserstack.yml","projectConfigFilePath":null,"userProxyConfig":null,"sdkVersion":"1.50.1","language":"node","languageVersion":null,"frameworks":{"@playwright/test":"1.58.2","@cucumber/cucumber":"11.3.0"}}}}
2026-03-09T13:24:38.735Z CLI debug [debug-utility]   Data sent successfully to https://eds.browserstack.com with response 200
2026-03-09T13:32:27.845Z CLI info [debug-utility]   Starting debug utility in non-interactive mode with options: {"projectDirectory":"C:\\Users\\KSuvarna\\Desktop\\follet-test-steps","language":"node","username":"kjavedirfan_eZBoq7","key":"wMYFrmsNHB7QEs1RBFu8","bstackconfigFilePath":"C:\\Users\\KSuvarna\\Desktop\\follet-test-steps\\browserstack.yml"}
2026-03-09T13:32:27.845Z CLI info [debug-utility]   ======================system permissions checks======================
2026-03-09T13:32:27.848Z CLI info [debug-utility]   Checking write permissions for directory: C:\Users\KSuvarna\Desktop\follet-test-steps
2026-03-09T13:32:27.848Z CLI info [debug-utility]   Write permissions check completed for directory: C:\Users\KSuvarna\Desktop\follet-test-steps
2026-03-09T13:32:27.848Z CLI info [debug-utility]   Checking write permissions for directory: C:\Users\KSuvarna\.browserstack
2026-03-09T13:32:27.849Z CLI info [debug-utility]   Write permissions check completed for directory: C:\Users\KSuvarna\.browserstack
2026-03-09T13:32:27.849Z CLI info [debug-utility]   

========================Detecting browserstack.yml========================
2026-03-09T13:32:27.852Z CLI info [debug-utility]   

========================connectivity checks========================
2026-03-09T13:32:27.852Z CLI info [debug-utility]   No proxy settings detected.
2026-03-09T13:32:27.852Z CLI info [debug-utility]   -------------------------------------------------
2026-03-09T13:32:27.852Z CLI info [debug-utility]   Host: api.browserstack.com
2026-03-09T13:32:27.852Z CLI info [debug-utility]   Checking connectivity to: https://api.browserstack.com/robots.txt without Proxy
2026-03-09T13:32:27.978Z CLI info [debug-utility]   Connectivity check completed for URL without Proxy: https://api.browserstack.com/robots.txt
2026-03-09T13:32:27.978Z CLI info [debug-utility]   -------------------------------------------------
2026-03-09T13:32:27.978Z CLI info [debug-utility]   Host: api-cloud.browserstack.com
2026-03-09T13:32:27.978Z CLI info [debug-utility]   Checking connectivity to: https://api-cloud.browserstack.com without Proxy
2026-03-09T13:32:28.207Z CLI info [debug-utility]   Connectivity check completed for URL without Proxy: https://api-cloud.browserstack.com
2026-03-09T13:32:28.207Z CLI info [debug-utility]   -------------------------------------------------
2026-03-09T13:32:28.207Z CLI info [debug-utility]   Host: www.browserstack.com
2026-03-09T13:32:28.207Z CLI info [debug-utility]   Checking connectivity to: https://www.browserstack.com/robots.txt without Proxy
2026-03-09T13:32:28.363Z CLI info [debug-utility]   Connectivity check completed for URL without Proxy: https://www.browserstack.com/robots.txt
2026-03-09T13:32:28.363Z CLI info [debug-utility]   -------------------------------------------------
2026-03-09T13:32:28.363Z CLI info [debug-utility]   Host: automate.browserstack.com
2026-03-09T13:32:28.363Z CLI info [debug-utility]   Checking connectivity to: https://automate.browserstack.com/robots.txt without Proxy
2026-03-09T13:32:28.521Z CLI info [debug-utility]   Connectivity check completed for URL without Proxy: https://automate.browserstack.com/robots.txt
2026-03-09T13:32:28.521Z CLI info [debug-utility]   -------------------------------------------------
2026-03-09T13:32:28.521Z CLI info [debug-utility]   Host: app-automate.browserstack.com
2026-03-09T13:32:28.521Z CLI info [debug-utility]   Checking connectivity to: https://app-automate.browserstack.com/robots.txt without Proxy
2026-03-09T13:32:28.705Z CLI info [debug-utility]   Connectivity check completed for URL without Proxy: https://app-automate.browserstack.com/robots.txt
2026-03-09T13:32:28.706Z CLI info [debug-utility]   -------------------------------------------------
2026-03-09T13:32:28.706Z CLI info [debug-utility]   Host: hub.browserstack.com
2026-03-09T13:32:28.706Z CLI info [debug-utility]   Checking connectivity to: https://hub.browserstack.com/wd/hub without Proxy
2026-03-09T13:32:28.759Z CLI info [debug-utility]   Connectivity check completed for URL without Proxy: https://hub.browserstack.com/wd/hub
2026-03-09T13:32:28.759Z CLI info [debug-utility]   -------------------------------------------------
2026-03-09T13:32:28.759Z CLI info [debug-utility]   Host: hub.browserstack.com
2026-03-09T13:32:28.759Z CLI info [debug-utility]   Checking connectivity to: http://hub.browserstack.com/wd/hub without Proxy
2026-03-09T13:32:28.782Z CLI info [debug-utility]   Connectivity check completed for URL without Proxy: http://hub.browserstack.com/wd/hub
2026-03-09T13:32:28.783Z CLI info [debug-utility]   -------------------------------------------------
2026-03-09T13:32:28.783Z CLI info [debug-utility]   Host: cdp.browserstack.com
2026-03-09T13:32:28.783Z CLI info [debug-utility]   Checking connectivity to: https://cdp.browserstack.com without Proxy
2026-03-09T13:32:28.918Z CLI info [debug-utility]   Connectivity check completed for URL without Proxy: https://cdp.browserstack.com
2026-03-09T13:32:28.918Z CLI info [debug-utility]   -------------------------------------------------
2026-03-09T13:32:28.918Z CLI info [debug-utility]   Host: upload-observability.browserstack.com
2026-03-09T13:32:28.918Z CLI info [debug-utility]   Checking connectivity to: https://upload-observability.browserstack.com without Proxy
2026-03-09T13:32:29.157Z CLI info [debug-utility]   Connectivity check completed for URL without Proxy: https://upload-observability.browserstack.com
2026-03-09T13:32:29.158Z CLI info [debug-utility]   -------------------------------------------------
2026-03-09T13:32:29.158Z CLI info [debug-utility]   Host: collector-observability.browserstack.com
2026-03-09T13:32:29.158Z CLI info [debug-utility]   Checking connectivity to: https://collector-observability.browserstack.com without Proxy
2026-03-09T13:32:29.298Z CLI info [debug-utility]   Connectivity check completed for URL without Proxy: https://collector-observability.browserstack.com
2026-03-09T13:32:29.298Z CLI info [debug-utility]   -------------------------------------------------
2026-03-09T13:32:29.298Z CLI info [debug-utility]   Host: eds.browserstack.com
2026-03-09T13:32:29.299Z CLI info [debug-utility]   Checking connectivity to: https://eds.browserstack.com without Proxy
2026-03-09T13:32:29.410Z CLI info [debug-utility]   Connectivity check completed for URL without Proxy: https://eds.browserstack.com
2026-03-09T13:32:29.411Z CLI info [debug-utility]   -------------------------------------------------
2026-03-09T13:32:29.411Z CLI info [debug-utility]   Host: sdk.browserstack.com
2026-03-09T13:32:29.411Z CLI info [debug-utility]   Checking connectivity to: https://sdk.browserstack.com without Proxy
2026-03-09T13:32:29.598Z CLI info [debug-utility]   Connectivity check completed for URL without Proxy: https://sdk.browserstack.com
2026-03-09T13:32:29.598Z CLI info [debug-utility]   
Connectivity check results summary:
2026-03-09T13:32:29.598Z CLI info [debug-utility]   All connectivity checks passed
2026-03-09T13:32:29.598Z CLI info [debug-utility]   

========================browserstack.yml checks========================
2026-03-09T13:32:29.598Z CLI info [debug-utility]   Validating browserstack.yml configuration
2026-03-09T13:32:29.599Z CLI info [debug-utility]   browserstack.yml configuration validation completed
2026-03-09T13:32:29.599Z CLI info [debug-utility]   

========================Project configuration checks========================
2026-03-09T13:32:30.833Z CLI info [debug-utility]   Detecting Node.js version used in the project
2026-03-09T13:32:30.974Z CLI info [debug-utility]   Node.js version detection failed
2026-03-09T13:32:30.974Z CLI error [debug-utility]          Error occurred while detecting Node.js version: Command failed: C:\Program Files\nodejs\node.exe -v
'C:\Program' is not recognized as an internal or external command,
operable program or batch file.

2026-03-09T13:32:30.974Z CLI info [debug-utility]   Verifying installation of BrowserStack SDK
2026-03-09T13:32:30.975Z CLI info [debug-utility]   BrowserStack SDK is installed
2026-03-09T13:32:30.975Z CLI info [debug-utility]          Detected BrowserStack SDK version: 1.50.1
2026-03-09T13:32:30.975Z CLI info [debug-utility]   Detecting frameworks used in the project
2026-03-09T13:32:30.975Z CLI info [debug-utility]   Framework detection completed
2026-03-09T13:32:30.975Z CLI info [debug-utility]          Detected frameworks with versions: {"@playwright/test":"1.58.2","@cucumber/cucumber":"11.3.0"}
2026-03-09T13:32:30.975Z CLI info [debug-utility]   

========================Version compatibility checks========================
2026-03-09T13:32:30.975Z CLI info [debug-utility]   Skipping version compatibility check due to incompatible setup detection.
2026-03-09T13:32:30.976Z CLI debug [debug-utility]   Sending data to EDS: {"event_type":"sdk_events","data":{"testhub_uuid":"","created_day":"2026-03-09T13:32:30.975 UTC","event_name":"SDK_DEBUG_UTILITY_REPORT","user_data":"kjavedirfan_eZBoq7","host_info":"{\"hostname\":\"pe2vdfqaper-018\",\"platform\":\"win32\",\"type\":\"Windows_NT\",\"version\":\"Windows 10 Enterprise\",\"arch\":\"x64\"}","event_json":{"cliArgs":"C:\\Users\\KSuvarna\\.browserstack\\cli\\binary-win-x64.exe C:\\snapshot\\browserstack-binary\\cli\\dist\\index.js sdk","cliVersion":"1.24.2","results":{"system_check":{"metadata":{},"status":true,"messages":[]},"parse_yml":{"metadata":{},"status":true,"messages":[]},"connectivity_check":{"metadata":{"proxySettings":""},"status":true,"messages":[]},"validate_yml":{"metadata":{},"status":true,"messages":[]},"parse_project_config":{"metadata":{"configFilePath":"C:\\Users\\KSuvarna\\Desktop\\follet-test-steps\\package.json"},"status":false,"messages":["Error occurred while detecting Node.js version: Command failed: C:\\Program Files\\nodejs\\node.exe -v\n'C:\\Program' is not recognized as an internal or external command,\r\noperable program or batch file.\r\n"]},"version_compatibility":{"metadata":{},"status":false,"messages":["skipped"]}},"projectDirectory":"C:\\Users\\KSuvarna\\Desktop\\follet-test-steps","bstackconfigFilePath":"C:\\Users\\KSuvarna\\Desktop\\follet-test-steps\\browserstack.yml","projectConfigFilePath":null,"userProxyConfig":null,"sdkVersion":"1.50.1","language":"node","languageVersion":null,"frameworks":{"@playwright/test":"1.58.2","@cucumber/cucumber":"11.3.0"}}}}
2026-03-09T13:32:31.009Z CLI debug [debug-utility]   Data sent successfully to https://eds.browserstack.com with response 200
2026-03-09T13:43:21.796Z CLI info [debug-utility]   Starting debug utility in non-interactive mode with options: {"projectDirectory":"C:\\Users\\KSuvarna\\Desktop\\follet-test-steps","language":"node","username":"kjavedirfan_eZBoq7","key":"wMYFrmsNHB7QEs1RBFu8","bstackconfigFilePath":"C:\\Users\\KSuvarna\\Desktop\\follet-test-steps\\browserstack.yml"}
2026-03-09T13:43:21.796Z CLI info [debug-utility]   ======================system permissions checks======================
2026-03-09T13:43:21.797Z CLI info [debug-utility]   Checking write permissions for directory: C:\Users\KSuvarna\Desktop\follet-test-steps
2026-03-09T13:43:21.798Z CLI info [debug-utility]   Write permissions check completed for directory: C:\Users\KSuvarna\Desktop\follet-test-steps
2026-03-09T13:43:21.798Z CLI info [debug-utility]   Checking write permissions for directory: C:\Users\KSuvarna\.browserstack
2026-03-09T13:43:21.798Z CLI info [debug-utility]   Write permissions check completed for directory: C:\Users\KSuvarna\.browserstack
2026-03-09T13:43:21.799Z CLI info [debug-utility]   

========================Detecting browserstack.yml========================
2026-03-09T13:43:21.804Z CLI info [debug-utility]   

========================connectivity checks========================
2026-03-09T13:43:21.804Z CLI info [debug-utility]   No proxy settings detected.
2026-03-09T13:43:21.804Z CLI info [debug-utility]   -------------------------------------------------
2026-03-09T13:43:21.804Z CLI info [debug-utility]   Host: api.browserstack.com
2026-03-09T13:43:21.804Z CLI info [debug-utility]   Checking connectivity to: https://api.browserstack.com/robots.txt without Proxy
2026-03-09T13:43:21.942Z CLI info [debug-utility]   Connectivity check completed for URL without Proxy: https://api.browserstack.com/robots.txt
2026-03-09T13:43:21.942Z CLI info [debug-utility]   -------------------------------------------------
2026-03-09T13:43:21.942Z CLI info [debug-utility]   Host: api-cloud.browserstack.com
2026-03-09T13:43:21.942Z CLI info [debug-utility]   Checking connectivity to: https://api-cloud.browserstack.com without Proxy
2026-03-09T13:43:22.124Z CLI info [debug-utility]   Connectivity check completed for URL without Proxy: https://api-cloud.browserstack.com
2026-03-09T13:43:22.124Z CLI info [debug-utility]   -------------------------------------------------
2026-03-09T13:43:22.124Z CLI info [debug-utility]   Host: www.browserstack.com
2026-03-09T13:43:22.124Z CLI info [debug-utility]   Checking connectivity to: https://www.browserstack.com/robots.txt without Proxy
2026-03-09T13:43:22.294Z CLI info [debug-utility]   Connectivity check completed for URL without Proxy: https://www.browserstack.com/robots.txt
2026-03-09T13:43:22.294Z CLI info [debug-utility]   -------------------------------------------------
2026-03-09T13:43:22.294Z CLI info [debug-utility]   Host: automate.browserstack.com
2026-03-09T13:43:22.294Z CLI info [debug-utility]   Checking connectivity to: https://automate.browserstack.com/robots.txt without Proxy
2026-03-09T13:43:22.450Z CLI info [debug-utility]   Connectivity check completed for URL without Proxy: https://automate.browserstack.com/robots.txt
2026-03-09T13:43:22.451Z CLI info [debug-utility]   -------------------------------------------------
2026-03-09T13:43:22.451Z CLI info [debug-utility]   Host: app-automate.browserstack.com
2026-03-09T13:43:22.451Z CLI info [debug-utility]   Checking connectivity to: https://app-automate.browserstack.com/robots.txt without Proxy
2026-03-09T13:43:22.614Z CLI info [debug-utility]   Connectivity check completed for URL without Proxy: https://app-automate.browserstack.com/robots.txt
2026-03-09T13:43:22.614Z CLI info [debug-utility]   -------------------------------------------------
2026-03-09T13:43:22.614Z CLI info [debug-utility]   Host: hub.browserstack.com
2026-03-09T13:43:22.614Z CLI info [debug-utility]   Checking connectivity to: https://hub.browserstack.com/wd/hub without Proxy
2026-03-09T13:43:22.646Z CLI info [debug-utility]   Connectivity check completed for URL without Proxy: https://hub.browserstack.com/wd/hub
2026-03-09T13:43:22.646Z CLI info [debug-utility]   -------------------------------------------------
2026-03-09T13:43:22.646Z CLI info [debug-utility]   Host: hub.browserstack.com
2026-03-09T13:43:22.647Z CLI info [debug-utility]   Checking connectivity to: http://hub.browserstack.com/wd/hub without Proxy
2026-03-09T13:43:22.666Z CLI info [debug-utility]   Connectivity check completed for URL without Proxy: http://hub.browserstack.com/wd/hub
2026-03-09T13:43:22.667Z CLI info [debug-utility]   -------------------------------------------------
2026-03-09T13:43:22.667Z CLI info [debug-utility]   Host: cdp.browserstack.com
2026-03-09T13:43:22.667Z CLI info [debug-utility]   Checking connectivity to: https://cdp.browserstack.com without Proxy
2026-03-09T13:43:22.775Z CLI info [debug-utility]   Connectivity check completed for URL without Proxy: https://cdp.browserstack.com
2026-03-09T13:43:22.775Z CLI info [debug-utility]   -------------------------------------------------
2026-03-09T13:43:22.775Z CLI info [debug-utility]   Host: upload-observability.browserstack.com
2026-03-09T13:43:22.776Z CLI info [debug-utility]   Checking connectivity to: https://upload-observability.browserstack.com without Proxy
2026-03-09T13:43:22.878Z CLI info [debug-utility]   Connectivity check completed for URL without Proxy: https://upload-observability.browserstack.com
2026-03-09T13:43:22.879Z CLI info [debug-utility]   -------------------------------------------------
2026-03-09T13:43:22.879Z CLI info [debug-utility]   Host: collector-observability.browserstack.com
2026-03-09T13:43:22.879Z CLI info [debug-utility]   Checking connectivity to: https://collector-observability.browserstack.com without Proxy
2026-03-09T13:43:22.985Z CLI info [debug-utility]   Connectivity check completed for URL without Proxy: https://collector-observability.browserstack.com
2026-03-09T13:43:22.985Z CLI info [debug-utility]   -------------------------------------------------
2026-03-09T13:43:22.986Z CLI info [debug-utility]   Host: eds.browserstack.com
2026-03-09T13:43:22.986Z CLI info [debug-utility]   Checking connectivity to: https://eds.browserstack.com without Proxy
2026-03-09T13:43:23.095Z CLI info [debug-utility]   Connectivity check completed for URL without Proxy: https://eds.browserstack.com
2026-03-09T13:43:23.095Z CLI info [debug-utility]   -------------------------------------------------
2026-03-09T13:43:23.096Z CLI info [debug-utility]   Host: sdk.browserstack.com
2026-03-09T13:43:23.096Z CLI info [debug-utility]   Checking connectivity to: https://sdk.browserstack.com without Proxy
2026-03-09T13:43:23.283Z CLI info [debug-utility]   Connectivity check completed for URL without Proxy: https://sdk.browserstack.com
2026-03-09T13:43:23.284Z CLI info [debug-utility]   
Connectivity check results summary:
2026-03-09T13:43:23.284Z CLI info [debug-utility]   All connectivity checks passed
2026-03-09T13:43:23.284Z CLI info [debug-utility]   

========================browserstack.yml checks========================
2026-03-09T13:43:23.284Z CLI info [debug-utility]   Validating browserstack.yml configuration
2026-03-09T13:43:23.284Z CLI info [debug-utility]   browserstack.yml configuration validation completed
2026-03-09T13:43:23.284Z CLI info [debug-utility]   

========================Project configuration checks========================
2026-03-09T13:43:24.467Z CLI info [debug-utility]   Detecting Node.js version used in the project
2026-03-09T13:43:24.590Z CLI info [debug-utility]   Node.js version detection failed
2026-03-09T13:43:24.591Z CLI error [debug-utility]          Error occurred while detecting Node.js version: Command failed: C:\Program Files\nodejs\node.exe -v
'C:\Program' is not recognized as an internal or external command,
operable program or batch file.

2026-03-09T13:43:24.591Z CLI info [debug-utility]   Verifying installation of BrowserStack SDK
2026-03-09T13:43:24.591Z CLI info [debug-utility]   BrowserStack SDK is installed
2026-03-09T13:43:24.591Z CLI info [debug-utility]          Detected BrowserStack SDK version: 1.50.1
2026-03-09T13:43:24.591Z CLI info [debug-utility]   Detecting frameworks used in the project
2026-03-09T13:43:24.591Z CLI info [debug-utility]   Framework detection completed
2026-03-09T13:43:24.591Z CLI info [debug-utility]          Detected frameworks with versions: {"@playwright/test":"1.58.2","@cucumber/cucumber":"11.3.0"}
2026-03-09T13:43:24.591Z CLI info [debug-utility]   

========================Version compatibility checks========================
2026-03-09T13:43:24.591Z CLI info [debug-utility]   Skipping version compatibility check due to incompatible setup detection.
2026-03-09T13:43:24.592Z CLI debug [debug-utility]   Sending data to EDS: {"event_type":"sdk_events","data":{"testhub_uuid":"","created_day":"2026-03-09T13:43:24.591 UTC","event_name":"SDK_DEBUG_UTILITY_REPORT","user_data":"kjavedirfan_eZBoq7","host_info":"{\"hostname\":\"pe2vdfqaper-018\",\"platform\":\"win32\",\"type\":\"Windows_NT\",\"version\":\"Windows 10 Enterprise\",\"arch\":\"x64\"}","event_json":{"cliArgs":"C:\\Users\\KSuvarna\\.browserstack\\cli\\binary-win-x64.exe C:\\snapshot\\browserstack-binary\\cli\\dist\\index.js sdk","cliVersion":"1.24.2","results":{"system_check":{"metadata":{},"status":true,"messages":[]},"parse_yml":{"metadata":{},"status":true,"messages":[]},"connectivity_check":{"metadata":{"proxySettings":""},"status":true,"messages":[]},"validate_yml":{"metadata":{},"status":true,"messages":[]},"parse_project_config":{"metadata":{"configFilePath":"C:\\Users\\KSuvarna\\Desktop\\follet-test-steps\\package.json"},"status":false,"messages":["Error occurred while detecting Node.js version: Command failed: C:\\Program Files\\nodejs\\node.exe -v\n'C:\\Program' is not recognized as an internal or external command,\r\noperable program or batch file.\r\n"]},"version_compatibility":{"metadata":{},"status":false,"messages":["skipped"]}},"projectDirectory":"C:\\Users\\KSuvarna\\Desktop\\follet-test-steps","bstackconfigFilePath":"C:\\Users\\KSuvarna\\Desktop\\follet-test-steps\\browserstack.yml","projectConfigFilePath":null,"userProxyConfig":null,"sdkVersion":"1.50.1","language":"node","languageVersion":null,"frameworks":{"@playwright/test":"1.58.2","@cucumber/cucumber":"11.3.0"}}}}
2026-03-09T13:43:24.626Z CLI debug [debug-utility]   Data sent successfully to https://eds.browserstack.com with response 200
2026-03-09T13:45:09.170Z CLI info [debug-utility]   Starting debug utility in non-interactive mode with options: {"projectDirectory":"C:\\Users\\KSuvarna\\Desktop\\follet-test-steps","language":"node","username":"kjavedirfan_eZBoq7","key":"wMYFrmsNHB7QEs1RBFu8","bstackconfigFilePath":"C:\\Users\\KSuvarna\\Desktop\\follet-test-steps\\browserstack.yml"}
2026-03-09T13:45:09.170Z CLI info [debug-utility]   ======================system permissions checks======================
2026-03-09T13:45:09.172Z CLI info [debug-utility]   Checking write permissions for directory: C:\Users\KSuvarna\Desktop\follet-test-steps
2026-03-09T13:45:09.173Z CLI info [debug-utility]   Write permissions check completed for directory: C:\Users\KSuvarna\Desktop\follet-test-steps
2026-03-09T13:45:09.173Z CLI info [debug-utility]   Checking write permissions for directory: C:\Users\KSuvarna\.browserstack
2026-03-09T13:45:09.173Z CLI info [debug-utility]   Write permissions check completed for directory: C:\Users\KSuvarna\.browserstack
2026-03-09T13:45:09.173Z CLI info [debug-utility]   

========================Detecting browserstack.yml========================
2026-03-09T13:45:09.176Z CLI info [debug-utility]   

========================connectivity checks========================
2026-03-09T13:45:09.177Z CLI info [debug-utility]   No proxy settings detected.
2026-03-09T13:45:09.177Z CLI info [debug-utility]   -------------------------------------------------
2026-03-09T13:45:09.177Z CLI info [debug-utility]   Host: api.browserstack.com
2026-03-09T13:45:09.177Z CLI info [debug-utility]   Checking connectivity to: https://api.browserstack.com/robots.txt without Proxy
2026-03-09T13:45:09.292Z CLI info [debug-utility]   Connectivity check completed for URL without Proxy: https://api.browserstack.com/robots.txt
2026-03-09T13:45:09.292Z CLI info [debug-utility]   -------------------------------------------------
2026-03-09T13:45:09.292Z CLI info [debug-utility]   Host: api-cloud.browserstack.com
2026-03-09T13:45:09.292Z CLI info [debug-utility]   Checking connectivity to: https://api-cloud.browserstack.com without Proxy
2026-03-09T13:45:09.485Z CLI info [debug-utility]   Connectivity check completed for URL without Proxy: https://api-cloud.browserstack.com
2026-03-09T13:45:09.485Z CLI info [debug-utility]   -------------------------------------------------
2026-03-09T13:45:09.485Z CLI info [debug-utility]   Host: www.browserstack.com
2026-03-09T13:45:09.485Z CLI info [debug-utility]   Checking connectivity to: https://www.browserstack.com/robots.txt without Proxy
2026-03-09T13:45:09.549Z CLI info [debug-utility]   Connectivity check completed for URL without Proxy: https://www.browserstack.com/robots.txt
2026-03-09T13:45:09.549Z CLI info [debug-utility]   -------------------------------------------------
2026-03-09T13:45:09.549Z CLI info [debug-utility]   Host: automate.browserstack.com
2026-03-09T13:45:09.549Z CLI info [debug-utility]   Checking connectivity to: https://automate.browserstack.com/robots.txt without Proxy
2026-03-09T13:45:09.693Z CLI info [debug-utility]   Connectivity check completed for URL without Proxy: https://automate.browserstack.com/robots.txt
2026-03-09T13:45:09.694Z CLI info [debug-utility]   -------------------------------------------------
2026-03-09T13:45:09.694Z CLI info [debug-utility]   Host: app-automate.browserstack.com
2026-03-09T13:45:09.694Z CLI info [debug-utility]   Checking connectivity to: https://app-automate.browserstack.com/robots.txt without Proxy
2026-03-09T13:45:09.934Z CLI info [debug-utility]   Connectivity check completed for URL without Proxy: https://app-automate.browserstack.com/robots.txt
2026-03-09T13:45:09.934Z CLI info [debug-utility]   -------------------------------------------------
2026-03-09T13:45:09.934Z CLI info [debug-utility]   Host: hub.browserstack.com
2026-03-09T13:45:09.934Z CLI info [debug-utility]   Checking connectivity to: https://hub.browserstack.com/wd/hub without Proxy
2026-03-09T13:45:09.978Z CLI info [debug-utility]   Connectivity check completed for URL without Proxy: https://hub.browserstack.com/wd/hub
2026-03-09T13:45:09.979Z CLI info [debug-utility]   -------------------------------------------------
2026-03-09T13:45:09.979Z CLI info [debug-utility]   Host: hub.browserstack.com
2026-03-09T13:45:09.979Z CLI info [debug-utility]   Checking connectivity to: http://hub.browserstack.com/wd/hub without Proxy
2026-03-09T13:45:10.000Z CLI info [debug-utility]   Connectivity check completed for URL without Proxy: http://hub.browserstack.com/wd/hub
2026-03-09T13:45:10.000Z CLI info [debug-utility]   -------------------------------------------------
2026-03-09T13:45:10.000Z CLI info [debug-utility]   Host: cdp.browserstack.com
2026-03-09T13:45:10.000Z CLI info [debug-utility]   Checking connectivity to: https://cdp.browserstack.com without Proxy
2026-03-09T13:45:10.090Z CLI info [debug-utility]   Connectivity check completed for URL without Proxy: https://cdp.browserstack.com
2026-03-09T13:45:10.091Z CLI info [debug-utility]   -------------------------------------------------
2026-03-09T13:45:10.091Z CLI info [debug-utility]   Host: upload-observability.browserstack.com
2026-03-09T13:45:10.091Z CLI info [debug-utility]   Checking connectivity to: https://upload-observability.browserstack.com without Proxy
2026-03-09T13:45:10.167Z CLI info [debug-utility]   Connectivity check completed for URL without Proxy: https://upload-observability.browserstack.com
2026-03-09T13:45:10.167Z CLI info [debug-utility]   -------------------------------------------------
2026-03-09T13:45:10.167Z CLI info [debug-utility]   Host: collector-observability.browserstack.com
2026-03-09T13:45:10.167Z CLI info [debug-utility]   Checking connectivity to: https://collector-observability.browserstack.com without Proxy
2026-03-09T13:45:10.198Z CLI info [debug-utility]   Connectivity check completed for URL without Proxy: https://collector-observability.browserstack.com
2026-03-09T13:45:10.198Z CLI info [debug-utility]   -------------------------------------------------
2026-03-09T13:45:10.198Z CLI info [debug-utility]   Host: eds.browserstack.com
2026-03-09T13:45:10.198Z CLI info [debug-utility]   Checking connectivity to: https://eds.browserstack.com without Proxy
2026-03-09T13:45:10.238Z CLI info [debug-utility]   Connectivity check completed for URL without Proxy: https://eds.browserstack.com
2026-03-09T13:45:10.238Z CLI info [debug-utility]   -------------------------------------------------
2026-03-09T13:45:10.239Z CLI info [debug-utility]   Host: sdk.browserstack.com
2026-03-09T13:45:10.239Z CLI info [debug-utility]   Checking connectivity to: https://sdk.browserstack.com without Proxy
2026-03-09T13:45:10.349Z CLI info [debug-utility]   Connectivity check completed for URL without Proxy: https://sdk.browserstack.com
2026-03-09T13:45:10.349Z CLI info [debug-utility]   
Connectivity check results summary:
2026-03-09T13:45:10.350Z CLI info [debug-utility]   All connectivity checks passed
2026-03-09T13:45:10.350Z CLI info [debug-utility]   

========================browserstack.yml checks========================
2026-03-09T13:45:10.350Z CLI info [debug-utility]   Validating browserstack.yml configuration
2026-03-09T13:45:10.350Z CLI info [debug-utility]   browserstack.yml configuration validation completed
2026-03-09T13:45:10.350Z CLI info [debug-utility]   

========================Project configuration checks========================
2026-03-09T13:45:11.679Z CLI info [debug-utility]   Detecting Node.js version used in the project
2026-03-09T13:45:11.808Z CLI info [debug-utility]   Node.js version detection failed
2026-03-09T13:45:11.808Z CLI error [debug-utility]          Error occurred while detecting Node.js version: Command failed: C:\Program Files\nodejs\node.exe -v
'C:\Program' is not recognized as an internal or external command,
operable program or batch file.

2026-03-09T13:45:11.808Z CLI info [debug-utility]   Verifying installation of BrowserStack SDK
2026-03-09T13:45:11.808Z CLI info [debug-utility]   BrowserStack SDK is installed
2026-03-09T13:45:11.808Z CLI info [debug-utility]          Detected BrowserStack SDK version: 1.50.1
2026-03-09T13:45:11.808Z CLI info [debug-utility]   Detecting frameworks used in the project
2026-03-09T13:45:11.809Z CLI info [debug-utility]   Framework detection completed
2026-03-09T13:45:11.809Z CLI info [debug-utility]          Detected frameworks with versions: {"@playwright/test":"1.58.2","@cucumber/cucumber":"11.3.0"}
2026-03-09T13:45:11.809Z CLI info [debug-utility]   

========================Version compatibility checks========================
2026-03-09T13:45:11.809Z CLI info [debug-utility]   Skipping version compatibility check due to incompatible setup detection.
2026-03-09T13:45:11.809Z CLI debug [debug-utility]   Sending data to EDS: {"event_type":"sdk_events","data":{"testhub_uuid":"","created_day":"2026-03-09T13:45:11.809 UTC","event_name":"SDK_DEBUG_UTILITY_REPORT","user_data":"kjavedirfan_eZBoq7","host_info":"{\"hostname\":\"pe2vdfqaper-018\",\"platform\":\"win32\",\"type\":\"Windows_NT\",\"version\":\"Windows 10 Enterprise\",\"arch\":\"x64\"}","event_json":{"cliArgs":"C:\\Users\\KSuvarna\\.browserstack\\cli\\binary-win-x64.exe C:\\snapshot\\browserstack-binary\\cli\\dist\\index.js sdk","cliVersion":"1.24.2","results":{"system_check":{"metadata":{},"status":true,"messages":[]},"parse_yml":{"metadata":{},"status":true,"messages":[]},"connectivity_check":{"metadata":{"proxySettings":""},"status":true,"messages":[]},"validate_yml":{"metadata":{},"status":true,"messages":[]},"parse_project_config":{"metadata":{"configFilePath":"C:\\Users\\KSuvarna\\Desktop\\follet-test-steps\\package.json"},"status":false,"messages":["Error occurred while detecting Node.js version: Command failed: C:\\Program Files\\nodejs\\node.exe -v\n'C:\\Program' is not recognized as an internal or external command,\r\noperable program or batch file.\r\n"]},"version_compatibility":{"metadata":{},"status":false,"messages":["skipped"]}},"projectDirectory":"C:\\Users\\KSuvarna\\Desktop\\follet-test-steps","bstackconfigFilePath":"C:\\Users\\KSuvarna\\Desktop\\follet-test-steps\\browserstack.yml","projectConfigFilePath":null,"userProxyConfig":null,"sdkVersion":"1.50.1","language":"node","languageVersion":null,"frameworks":{"@playwright/test":"1.58.2","@cucumber/cucumber":"11.3.0"}}}}
2026-03-09T13:45:11.842Z CLI debug [debug-utility]   Data sent successfully to https://eds.browserstack.com with response 200
2026-03-09T13:51:10.293Z CLI info [debug-utility]   Starting debug utility in non-interactive mode with options: {"projectDirectory":"C:\\Users\\KSuvarna\\Desktop\\follet-test-steps","language":"node","username":"kjavedirfan_eZBoq7","key":"wMYFrmsNHB7QEs1RBFu8","bstackconfigFilePath":"C:\\Users\\KSuvarna\\Desktop\\follet-test-steps\\browserstack.yml"}
2026-03-09T13:51:10.293Z CLI info [debug-utility]   ======================system permissions checks======================
2026-03-09T13:51:10.296Z CLI info [debug-utility]   Checking write permissions for directory: C:\Users\KSuvarna\Desktop\follet-test-steps
2026-03-09T13:51:10.297Z CLI info [debug-utility]   Write permissions check completed for directory: C:\Users\KSuvarna\Desktop\follet-test-steps
2026-03-09T13:51:10.297Z CLI info [debug-utility]   Checking write permissions for directory: C:\Users\KSuvarna\.browserstack
2026-03-09T13:51:10.298Z CLI info [debug-utility]   Write permissions check completed for directory: C:\Users\KSuvarna\.browserstack
2026-03-09T13:51:10.298Z CLI info [debug-utility]   

========================Detecting browserstack.yml========================
2026-03-09T13:51:10.303Z CLI info [debug-utility]   

========================connectivity checks========================
2026-03-09T13:51:10.303Z CLI info [debug-utility]   No proxy settings detected.
2026-03-09T13:51:10.303Z CLI info [debug-utility]   -------------------------------------------------
2026-03-09T13:51:10.303Z CLI info [debug-utility]   Host: api.browserstack.com
2026-03-09T13:51:10.303Z CLI info [debug-utility]   Checking connectivity to: https://api.browserstack.com/robots.txt without Proxy
2026-03-09T13:51:10.644Z CLI info [debug-utility]   Connectivity check completed for URL without Proxy: https://api.browserstack.com/robots.txt
2026-03-09T13:51:10.645Z CLI info [debug-utility]   -------------------------------------------------
2026-03-09T13:51:10.645Z CLI info [debug-utility]   Host: api-cloud.browserstack.com
2026-03-09T13:51:10.645Z CLI info [debug-utility]   Checking connectivity to: https://api-cloud.browserstack.com without Proxy
2026-03-09T13:51:10.844Z CLI info [debug-utility]   Connectivity check completed for URL without Proxy: https://api-cloud.browserstack.com
2026-03-09T13:51:10.844Z CLI info [debug-utility]   -------------------------------------------------
2026-03-09T13:51:10.844Z CLI info [debug-utility]   Host: www.browserstack.com
2026-03-09T13:51:10.844Z CLI info [debug-utility]   Checking connectivity to: https://www.browserstack.com/robots.txt without Proxy
2026-03-09T13:51:10.991Z CLI info [debug-utility]   Connectivity check completed for URL without Proxy: https://www.browserstack.com/robots.txt
2026-03-09T13:51:10.991Z CLI info [debug-utility]   -------------------------------------------------
2026-03-09T13:51:10.991Z CLI info [debug-utility]   Host: automate.browserstack.com
2026-03-09T13:51:10.991Z CLI info [debug-utility]   Checking connectivity to: https://automate.browserstack.com/robots.txt without Proxy
2026-03-09T13:51:11.210Z CLI info [debug-utility]   Connectivity check completed for URL without Proxy: https://automate.browserstack.com/robots.txt
2026-03-09T13:51:11.210Z CLI info [debug-utility]   -------------------------------------------------
2026-03-09T13:51:11.211Z CLI info [debug-utility]   Host: app-automate.browserstack.com
2026-03-09T13:51:11.211Z CLI info [debug-utility]   Checking connectivity to: https://app-automate.browserstack.com/robots.txt without Proxy
2026-03-09T13:51:11.367Z CLI info [debug-utility]   Connectivity check completed for URL without Proxy: https://app-automate.browserstack.com/robots.txt
2026-03-09T13:51:11.367Z CLI info [debug-utility]   -------------------------------------------------
2026-03-09T13:51:11.367Z CLI info [debug-utility]   Host: hub.browserstack.com
2026-03-09T13:51:11.367Z CLI info [debug-utility]   Checking connectivity to: https://hub.browserstack.com/wd/hub without Proxy
2026-03-09T13:51:11.407Z CLI info [debug-utility]   Connectivity check completed for URL without Proxy: https://hub.browserstack.com/wd/hub
2026-03-09T13:51:11.408Z CLI info [debug-utility]   -------------------------------------------------
2026-03-09T13:51:11.408Z CLI info [debug-utility]   Host: hub.browserstack.com
2026-03-09T13:51:11.408Z CLI info [debug-utility]   Checking connectivity to: http://hub.browserstack.com/wd/hub without Proxy
2026-03-09T13:51:11.441Z CLI info [debug-utility]   Connectivity check completed for URL without Proxy: http://hub.browserstack.com/wd/hub
2026-03-09T13:51:11.441Z CLI info [debug-utility]   -------------------------------------------------
2026-03-09T13:51:11.441Z CLI info [debug-utility]   Host: cdp.browserstack.com
2026-03-09T13:51:11.441Z CLI info [debug-utility]   Checking connectivity to: https://cdp.browserstack.com without Proxy
2026-03-09T13:51:11.576Z CLI info [debug-utility]   Connectivity check completed for URL without Proxy: https://cdp.browserstack.com
2026-03-09T13:51:11.576Z CLI info [debug-utility]   -------------------------------------------------
2026-03-09T13:51:11.576Z CLI info [debug-utility]   Host: upload-observability.browserstack.com
2026-03-09T13:51:11.576Z CLI info [debug-utility]   Checking connectivity to: https://upload-observability.browserstack.com without Proxy
2026-03-09T13:51:11.735Z CLI info [debug-utility]   Connectivity check completed for URL without Proxy: https://upload-observability.browserstack.com
2026-03-09T13:51:11.735Z CLI info [debug-utility]   -------------------------------------------------
2026-03-09T13:51:11.735Z CLI info [debug-utility]   Host: collector-observability.browserstack.com
2026-03-09T13:51:11.735Z CLI info [debug-utility]   Checking connectivity to: https://collector-observability.browserstack.com without Proxy
2026-03-09T13:51:11.832Z CLI info [debug-utility]   Connectivity check completed for URL without Proxy: https://collector-observability.browserstack.com
2026-03-09T13:51:11.832Z CLI info [debug-utility]   -------------------------------------------------
2026-03-09T13:51:11.833Z CLI info [debug-utility]   Host: eds.browserstack.com
2026-03-09T13:51:11.833Z CLI info [debug-utility]   Checking connectivity to: https://eds.browserstack.com without Proxy
2026-03-09T13:51:11.941Z CLI info [debug-utility]   Connectivity check completed for URL without Proxy: https://eds.browserstack.com
2026-03-09T13:51:11.941Z CLI info [debug-utility]   -------------------------------------------------
2026-03-09T13:51:11.941Z CLI info [debug-utility]   Host: sdk.browserstack.com
2026-03-09T13:51:11.941Z CLI info [debug-utility]   Checking connectivity to: https://sdk.browserstack.com without Proxy
2026-03-09T13:51:12.100Z CLI info [debug-utility]   Connectivity check completed for URL without Proxy: https://sdk.browserstack.com
2026-03-09T13:51:12.100Z CLI info [debug-utility]   
Connectivity check results summary:
2026-03-09T13:51:12.100Z CLI info [debug-utility]   All connectivity checks passed
2026-03-09T13:51:12.100Z CLI info [debug-utility]   

========================browserstack.yml checks========================
2026-03-09T13:51:12.100Z CLI info [debug-utility]   Validating browserstack.yml configuration
2026-03-09T13:51:12.101Z CLI info [debug-utility]   browserstack.yml configuration validation completed
2026-03-09T13:51:12.101Z CLI info [debug-utility]   

========================Project configuration checks========================
2026-03-09T13:51:13.326Z CLI info [debug-utility]   Detecting Node.js version used in the project
2026-03-09T13:51:13.463Z CLI info [debug-utility]   Node.js version detection failed
2026-03-09T13:51:13.463Z CLI error [debug-utility]          Error occurred while detecting Node.js version: Command failed: C:\Program Files\nodejs\node.exe -v
'C:\Program' is not recognized as an internal or external command,
operable program or batch file.

2026-03-09T13:51:13.463Z CLI info [debug-utility]   Verifying installation of BrowserStack SDK
2026-03-09T13:51:13.463Z CLI info [debug-utility]   BrowserStack SDK is installed
2026-03-09T13:51:13.463Z CLI info [debug-utility]          Detected BrowserStack SDK version: 1.50.1
2026-03-09T13:51:13.464Z CLI info [debug-utility]   Detecting frameworks used in the project
2026-03-09T13:51:13.464Z CLI info [debug-utility]   Framework detection completed
2026-03-09T13:51:13.464Z CLI info [debug-utility]          Detected frameworks with versions: {"@playwright/test":"1.58.2","@cucumber/cucumber":"11.3.0"}
2026-03-09T13:51:13.464Z CLI info [debug-utility]   

========================Version compatibility checks========================
2026-03-09T13:51:13.464Z CLI info [debug-utility]   Skipping version compatibility check due to incompatible setup detection.
2026-03-09T13:51:13.464Z CLI debug [debug-utility]   Sending data to EDS: {"event_type":"sdk_events","data":{"testhub_uuid":"","created_day":"2026-03-09T13:51:13.464 UTC","event_name":"SDK_DEBUG_UTILITY_REPORT","user_data":"kjavedirfan_eZBoq7","host_info":"{\"hostname\":\"pe2vdfqaper-018\",\"platform\":\"win32\",\"type\":\"Windows_NT\",\"version\":\"Windows 10 Enterprise\",\"arch\":\"x64\"}","event_json":{"cliArgs":"C:\\Users\\KSuvarna\\.browserstack\\cli\\binary-win-x64.exe C:\\snapshot\\browserstack-binary\\cli\\dist\\index.js sdk","cliVersion":"1.24.2","results":{"system_check":{"metadata":{},"status":true,"messages":[]},"parse_yml":{"metadata":{},"status":true,"messages":[]},"connectivity_check":{"metadata":{"proxySettings":""},"status":true,"messages":[]},"validate_yml":{"metadata":{},"status":true,"messages":[]},"parse_project_config":{"metadata":{"configFilePath":"C:\\Users\\KSuvarna\\Desktop\\follet-test-steps\\package.json"},"status":false,"messages":["Error occurred while detecting Node.js version: Command failed: C:\\Program Files\\nodejs\\node.exe -v\n'C:\\Program' is not recognized as an internal or external command,\r\noperable program or batch file.\r\n"]},"version_compatibility":{"metadata":{},"status":false,"messages":["skipped"]}},"projectDirectory":"C:\\Users\\KSuvarna\\Desktop\\follet-test-steps","bstackconfigFilePath":"C:\\Users\\KSuvarna\\Desktop\\follet-test-steps\\browserstack.yml","projectConfigFilePath":null,"userProxyConfig":null,"sdkVersion":"1.50.1","language":"node","languageVersion":null,"frameworks":{"@playwright/test":"1.58.2","@cucumber/cucumber":"11.3.0"}}}}
2026-03-09T13:51:13.497Z CLI debug [debug-utility]   Data sent successfully to https://eds.browserstack.com with response 200
2026-03-09T13:52:41.347Z CLI info [debug-utility]   Starting debug utility in non-interactive mode with options: {"projectDirectory":"C:\\Users\\KSuvarna\\Desktop\\follet-test-steps","language":"node","username":"kjavedirfan_eZBoq7","key":"wMYFrmsNHB7QEs1RBFu8","bstackconfigFilePath":"C:\\Users\\KSuvarna\\Desktop\\follet-test-steps\\browserstack.yml"}
2026-03-09T13:52:41.348Z CLI info [debug-utility]   ======================system permissions checks======================
2026-03-09T13:52:41.350Z CLI info [debug-utility]   Checking write permissions for directory: C:\Users\KSuvarna\Desktop\follet-test-steps
2026-03-09T13:52:41.351Z CLI info [debug-utility]   Write permissions check completed for directory: C:\Users\KSuvarna\Desktop\follet-test-steps
2026-03-09T13:52:41.351Z CLI info [debug-utility]   Checking write permissions for directory: C:\Users\KSuvarna\.browserstack
2026-03-09T13:52:41.351Z CLI info [debug-utility]   Write permissions check completed for directory: C:\Users\KSuvarna\.browserstack
2026-03-09T13:52:41.351Z CLI info [debug-utility]   

========================Detecting browserstack.yml========================
2026-03-09T13:52:41.355Z CLI info [debug-utility]   

========================connectivity checks========================
2026-03-09T13:52:41.356Z CLI info [debug-utility]   No proxy settings detected.
2026-03-09T13:52:41.356Z CLI info [debug-utility]   -------------------------------------------------
2026-03-09T13:52:41.356Z CLI info [debug-utility]   Host: api.browserstack.com
2026-03-09T13:52:41.356Z CLI info [debug-utility]   Checking connectivity to: https://api.browserstack.com/robots.txt without Proxy
2026-03-09T13:52:41.484Z CLI info [debug-utility]   Connectivity check completed for URL without Proxy: https://api.browserstack.com/robots.txt
2026-03-09T13:52:41.484Z CLI info [debug-utility]   -------------------------------------------------
2026-03-09T13:52:41.485Z CLI info [debug-utility]   Host: api-cloud.browserstack.com
2026-03-09T13:52:41.485Z CLI info [debug-utility]   Checking connectivity to: https://api-cloud.browserstack.com without Proxy
2026-03-09T13:52:41.692Z CLI info [debug-utility]   Connectivity check completed for URL without Proxy: https://api-cloud.browserstack.com
2026-03-09T13:52:41.692Z CLI info [debug-utility]   -------------------------------------------------
2026-03-09T13:52:41.692Z CLI info [debug-utility]   Host: www.browserstack.com
2026-03-09T13:52:41.692Z CLI info [debug-utility]   Checking connectivity to: https://www.browserstack.com/robots.txt without Proxy
2026-03-09T13:52:41.766Z CLI info [debug-utility]   Connectivity check completed for URL without Proxy: https://www.browserstack.com/robots.txt
2026-03-09T13:52:41.766Z CLI info [debug-utility]   -------------------------------------------------
2026-03-09T13:52:41.766Z CLI info [debug-utility]   Host: automate.browserstack.com
2026-03-09T13:52:41.766Z CLI info [debug-utility]   Checking connectivity to: https://automate.browserstack.com/robots.txt without Proxy
2026-03-09T13:52:41.896Z CLI info [debug-utility]   Connectivity check completed for URL without Proxy: https://automate.browserstack.com/robots.txt
2026-03-09T13:52:41.896Z CLI info [debug-utility]   -------------------------------------------------
2026-03-09T13:52:41.897Z CLI info [debug-utility]   Host: app-automate.browserstack.com
2026-03-09T13:52:41.897Z CLI info [debug-utility]   Checking connectivity to: https://app-automate.browserstack.com/robots.txt without Proxy
2026-03-09T13:52:42.037Z CLI info [debug-utility]   Connectivity check completed for URL without Proxy: https://app-automate.browserstack.com/robots.txt
2026-03-09T13:52:42.037Z CLI info [debug-utility]   -------------------------------------------------
2026-03-09T13:52:42.037Z CLI info [debug-utility]   Host: hub.browserstack.com
2026-03-09T13:52:42.037Z CLI info [debug-utility]   Checking connectivity to: https://hub.browserstack.com/wd/hub without Proxy
2026-03-09T13:52:42.077Z CLI info [debug-utility]   Connectivity check completed for URL without Proxy: https://hub.browserstack.com/wd/hub
2026-03-09T13:52:42.078Z CLI info [debug-utility]   -------------------------------------------------
2026-03-09T13:52:42.078Z CLI info [debug-utility]   Host: hub.browserstack.com
2026-03-09T13:52:42.078Z CLI info [debug-utility]   Checking connectivity to: http://hub.browserstack.com/wd/hub without Proxy
2026-03-09T13:52:42.102Z CLI info [debug-utility]   Connectivity check completed for URL without Proxy: http://hub.browserstack.com/wd/hub
2026-03-09T13:52:42.102Z CLI info [debug-utility]   -------------------------------------------------
2026-03-09T13:52:42.102Z CLI info [debug-utility]   Host: cdp.browserstack.com
2026-03-09T13:52:42.102Z CLI info [debug-utility]   Checking connectivity to: https://cdp.browserstack.com without Proxy
2026-03-09T13:52:42.183Z CLI info [debug-utility]   Connectivity check completed for URL without Proxy: https://cdp.browserstack.com
2026-03-09T13:52:42.183Z CLI info [debug-utility]   -------------------------------------------------
2026-03-09T13:52:42.184Z CLI info [debug-utility]   Host: upload-observability.browserstack.com
2026-03-09T13:52:42.184Z CLI info [debug-utility]   Checking connectivity to: https://upload-observability.browserstack.com without Proxy
2026-03-09T13:52:42.288Z CLI info [debug-utility]   Connectivity check completed for URL without Proxy: https://upload-observability.browserstack.com
2026-03-09T13:52:42.288Z CLI info [debug-utility]   -------------------------------------------------
2026-03-09T13:52:42.288Z CLI info [debug-utility]   Host: collector-observability.browserstack.com
2026-03-09T13:52:42.288Z CLI info [debug-utility]   Checking connectivity to: https://collector-observability.browserstack.com without Proxy
2026-03-09T13:52:42.360Z CLI info [debug-utility]   Connectivity check completed for URL without Proxy: https://collector-observability.browserstack.com
2026-03-09T13:52:42.361Z CLI info [debug-utility]   -------------------------------------------------
2026-03-09T13:52:42.361Z CLI info [debug-utility]   Host: eds.browserstack.com
2026-03-09T13:52:42.361Z CLI info [debug-utility]   Checking connectivity to: https://eds.browserstack.com without Proxy
2026-03-09T13:52:42.409Z CLI info [debug-utility]   Connectivity check completed for URL without Proxy: https://eds.browserstack.com
2026-03-09T13:52:42.410Z CLI info [debug-utility]   -------------------------------------------------
2026-03-09T13:52:42.410Z CLI info [debug-utility]   Host: sdk.browserstack.com
2026-03-09T13:52:42.410Z CLI info [debug-utility]   Checking connectivity to: https://sdk.browserstack.com without Proxy
2026-03-09T13:52:42.554Z CLI info [debug-utility]   Connectivity check completed for URL without Proxy: https://sdk.browserstack.com
2026-03-09T13:52:42.554Z CLI info [debug-utility]   
Connectivity check results summary:
2026-03-09T13:52:42.554Z CLI info [debug-utility]   All connectivity checks passed
2026-03-09T13:52:42.555Z CLI info [debug-utility]   

========================browserstack.yml checks========================
2026-03-09T13:52:42.555Z CLI info [debug-utility]   Validating browserstack.yml configuration
2026-03-09T13:52:42.555Z CLI info [debug-utility]   browserstack.yml configuration validation completed
2026-03-09T13:52:42.555Z CLI info [debug-utility]   

========================Project configuration checks========================
2026-03-09T13:52:43.946Z CLI info [debug-utility]   Detecting Node.js version used in the project
2026-03-09T13:52:44.115Z CLI info [debug-utility]   Node.js version detection failed
2026-03-09T13:52:44.115Z CLI error [debug-utility]          Error occurred while detecting Node.js version: Command failed: C:\Program Files\nodejs\node.exe -v
'C:\Program' is not recognized as an internal or external command,
operable program or batch file.

2026-03-09T13:52:44.115Z CLI info [debug-utility]   Verifying installation of BrowserStack SDK
2026-03-09T13:52:44.115Z CLI info [debug-utility]   BrowserStack SDK is installed
2026-03-09T13:52:44.116Z CLI info [debug-utility]          Detected BrowserStack SDK version: 1.50.1
2026-03-09T13:52:44.116Z CLI info [debug-utility]   Detecting frameworks used in the project
2026-03-09T13:52:44.116Z CLI info [debug-utility]   Framework detection completed
2026-03-09T13:52:44.116Z CLI info [debug-utility]          Detected frameworks with versions: {"@playwright/test":"1.58.2","@cucumber/cucumber":"11.3.0"}
2026-03-09T13:52:44.116Z CLI info [debug-utility]   

========================Version compatibility checks========================
2026-03-09T13:52:44.116Z CLI info [debug-utility]   Skipping version compatibility check due to incompatible setup detection.
2026-03-09T13:52:44.116Z CLI debug [debug-utility]   Sending data to EDS: {"event_type":"sdk_events","data":{"testhub_uuid":"","created_day":"2026-03-09T13:52:44.116 UTC","event_name":"SDK_DEBUG_UTILITY_REPORT","user_data":"kjavedirfan_eZBoq7","host_info":"{\"hostname\":\"pe2vdfqaper-018\",\"platform\":\"win32\",\"type\":\"Windows_NT\",\"version\":\"Windows 10 Enterprise\",\"arch\":\"x64\"}","event_json":{"cliArgs":"C:\\Users\\KSuvarna\\.browserstack\\cli\\binary-win-x64.exe C:\\snapshot\\browserstack-binary\\cli\\dist\\index.js sdk","cliVersion":"1.24.2","results":{"system_check":{"metadata":{},"status":true,"messages":[]},"parse_yml":{"metadata":{},"status":true,"messages":[]},"connectivity_check":{"metadata":{"proxySettings":""},"status":true,"messages":[]},"validate_yml":{"metadata":{},"status":true,"messages":[]},"parse_project_config":{"metadata":{"configFilePath":"C:\\Users\\KSuvarna\\Desktop\\follet-test-steps\\package.json"},"status":false,"messages":["Error occurred while detecting Node.js version: Command failed: C:\\Program Files\\nodejs\\node.exe -v\n'C:\\Program' is not recognized as an internal or external command,\r\noperable program or batch file.\r\n"]},"version_compatibility":{"metadata":{},"status":false,"messages":["skipped"]}},"projectDirectory":"C:\\Users\\KSuvarna\\Desktop\\follet-test-steps","bstackconfigFilePath":"C:\\Users\\KSuvarna\\Desktop\\follet-test-steps\\browserstack.yml","projectConfigFilePath":null,"userProxyConfig":null,"sdkVersion":"1.50.1","language":"node","languageVersion":null,"frameworks":{"@playwright/test":"1.58.2","@cucumber/cucumber":"11.3.0"}}}}
2026-03-09T13:52:44.147Z CLI debug [debug-utility]   Data sent successfully to https://eds.browserstack.com with response 200
2026-03-09T13:52:59.873Z CLI info [debug-utility]   Starting debug utility in non-interactive mode with options: {"projectDirectory":"C:\\Users\\KSuvarna\\Desktop\\follet-test-steps","language":"node","username":"kjavedirfan_eZBoq7","key":"wMYFrmsNHB7QEs1RBFu8","bstackconfigFilePath":"C:\\Users\\KSuvarna\\Desktop\\follet-test-steps\\browserstack.yml"}
2026-03-09T13:52:59.873Z CLI info [debug-utility]   ======================system permissions checks======================
2026-03-09T13:52:59.877Z CLI info [debug-utility]   Checking write permissions for directory: C:\Users\KSuvarna\Desktop\follet-test-steps
2026-03-09T13:52:59.878Z CLI info [debug-utility]   Write permissions check completed for directory: C:\Users\KSuvarna\Desktop\follet-test-steps
2026-03-09T13:52:59.878Z CLI info [debug-utility]   Checking write permissions for directory: C:\Users\KSuvarna\.browserstack
2026-03-09T13:52:59.878Z CLI info [debug-utility]   Write permissions check completed for directory: C:\Users\KSuvarna\.browserstack
2026-03-09T13:52:59.878Z CLI info [debug-utility]   

========================Detecting browserstack.yml========================
2026-03-09T13:52:59.881Z CLI info [debug-utility]   

========================connectivity checks========================
2026-03-09T13:52:59.882Z CLI info [debug-utility]   No proxy settings detected.
2026-03-09T13:52:59.882Z CLI info [debug-utility]   -------------------------------------------------
2026-03-09T13:52:59.882Z CLI info [debug-utility]   Host: api.browserstack.com
2026-03-09T13:52:59.882Z CLI info [debug-utility]   Checking connectivity to: https://api.browserstack.com/robots.txt without Proxy
2026-03-09T13:52:59.988Z CLI info [debug-utility]   Connectivity check completed for URL without Proxy: https://api.browserstack.com/robots.txt
2026-03-09T13:52:59.989Z CLI info [debug-utility]   -------------------------------------------------
2026-03-09T13:52:59.989Z CLI info [debug-utility]   Host: api-cloud.browserstack.com
2026-03-09T13:52:59.989Z CLI info [debug-utility]   Checking connectivity to: https://api-cloud.browserstack.com without Proxy
2026-03-09T13:53:00.084Z CLI info [debug-utility]   Connectivity check completed for URL without Proxy: https://api-cloud.browserstack.com
2026-03-09T13:53:00.084Z CLI info [debug-utility]   -------------------------------------------------
2026-03-09T13:53:00.084Z CLI info [debug-utility]   Host: www.browserstack.com
2026-03-09T13:53:00.084Z CLI info [debug-utility]   Checking connectivity to: https://www.browserstack.com/robots.txt without Proxy
2026-03-09T13:53:00.139Z CLI info [debug-utility]   Connectivity check completed for URL without Proxy: https://www.browserstack.com/robots.txt
2026-03-09T13:53:00.140Z CLI info [debug-utility]   -------------------------------------------------
2026-03-09T13:53:00.140Z CLI info [debug-utility]   Host: automate.browserstack.com
2026-03-09T13:53:00.140Z CLI info [debug-utility]   Checking connectivity to: https://automate.browserstack.com/robots.txt without Proxy
2026-03-09T13:53:00.215Z CLI info [debug-utility]   Connectivity check completed for URL without Proxy: https://automate.browserstack.com/robots.txt
2026-03-09T13:53:00.215Z CLI info [debug-utility]   -------------------------------------------------
2026-03-09T13:53:00.215Z CLI info [debug-utility]   Host: app-automate.browserstack.com
2026-03-09T13:53:00.215Z CLI info [debug-utility]   Checking connectivity to: https://app-automate.browserstack.com/robots.txt without Proxy
2026-03-09T13:53:00.280Z CLI info [debug-utility]   Connectivity check completed for URL without Proxy: https://app-automate.browserstack.com/robots.txt
2026-03-09T13:53:00.280Z CLI info [debug-utility]   -------------------------------------------------
2026-03-09T13:53:00.280Z CLI info [debug-utility]   Host: hub.browserstack.com
2026-03-09T13:53:00.280Z CLI info [debug-utility]   Checking connectivity to: https://hub.browserstack.com/wd/hub without Proxy
2026-03-09T13:53:00.317Z CLI info [debug-utility]   Connectivity check completed for URL without Proxy: https://hub.browserstack.com/wd/hub
2026-03-09T13:53:00.317Z CLI info [debug-utility]   -------------------------------------------------
2026-03-09T13:53:00.317Z CLI info [debug-utility]   Host: hub.browserstack.com
2026-03-09T13:53:00.317Z CLI info [debug-utility]   Checking connectivity to: http://hub.browserstack.com/wd/hub without Proxy
2026-03-09T13:53:00.343Z CLI info [debug-utility]   Connectivity check completed for URL without Proxy: http://hub.browserstack.com/wd/hub
2026-03-09T13:53:00.343Z CLI info [debug-utility]   -------------------------------------------------
2026-03-09T13:53:00.343Z CLI info [debug-utility]   Host: cdp.browserstack.com
2026-03-09T13:53:00.344Z CLI info [debug-utility]   Checking connectivity to: https://cdp.browserstack.com without Proxy
2026-03-09T13:53:00.424Z CLI info [debug-utility]   Connectivity check completed for URL without Proxy: https://cdp.browserstack.com
2026-03-09T13:53:00.425Z CLI info [debug-utility]   -------------------------------------------------
2026-03-09T13:53:00.425Z CLI info [debug-utility]   Host: upload-observability.browserstack.com
2026-03-09T13:53:00.425Z CLI info [debug-utility]   Checking connectivity to: https://upload-observability.browserstack.com without Proxy
2026-03-09T13:53:00.451Z CLI info [debug-utility]   Connectivity check completed for URL without Proxy: https://upload-observability.browserstack.com
2026-03-09T13:53:00.451Z CLI info [debug-utility]   -------------------------------------------------
2026-03-09T13:53:00.451Z CLI info [debug-utility]   Host: collector-observability.browserstack.com
2026-03-09T13:53:00.451Z CLI info [debug-utility]   Checking connectivity to: https://collector-observability.browserstack.com without Proxy
2026-03-09T13:53:00.576Z CLI info [debug-utility]   Connectivity check completed for URL without Proxy: https://collector-observability.browserstack.com
2026-03-09T13:53:00.576Z CLI info [debug-utility]   -------------------------------------------------
2026-03-09T13:53:00.576Z CLI info [debug-utility]   Host: eds.browserstack.com
2026-03-09T13:53:00.576Z CLI info [debug-utility]   Checking connectivity to: https://eds.browserstack.com without Proxy
2026-03-09T13:53:00.616Z CLI info [debug-utility]   Connectivity check completed for URL without Proxy: https://eds.browserstack.com
2026-03-09T13:53:00.617Z CLI info [debug-utility]   -------------------------------------------------
2026-03-09T13:53:00.617Z CLI info [debug-utility]   Host: sdk.browserstack.com
2026-03-09T13:53:00.617Z CLI info [debug-utility]   Checking connectivity to: https://sdk.browserstack.com without Proxy
2026-03-09T13:53:00.669Z CLI info [debug-utility]   Connectivity check completed for URL without Proxy: https://sdk.browserstack.com
2026-03-09T13:53:00.670Z CLI info [debug-utility]   
Connectivity check results summary:
2026-03-09T13:53:00.670Z CLI info [debug-utility]   All connectivity checks passed
2026-03-09T13:53:00.670Z CLI info [debug-utility]   

========================browserstack.yml checks========================
2026-03-09T13:53:00.670Z CLI info [debug-utility]   Validating browserstack.yml configuration
2026-03-09T13:53:00.670Z CLI info [debug-utility]   browserstack.yml configuration validation completed
2026-03-09T13:53:00.671Z CLI info [debug-utility]   

========================Project configuration checks========================
2026-03-09T13:53:02.121Z CLI info [debug-utility]   Detecting Node.js version used in the project
2026-03-09T13:53:02.268Z CLI info [debug-utility]   Node.js version detection failed
2026-03-09T13:53:02.268Z CLI error [debug-utility]          Error occurred while detecting Node.js version: Command failed: C:\Program Files\nodejs\node.exe -v
'C:\Program' is not recognized as an internal or external command,
operable program or batch file.

2026-03-09T13:53:02.268Z CLI info [debug-utility]   Verifying installation of BrowserStack SDK
2026-03-09T13:53:02.268Z CLI info [debug-utility]   BrowserStack SDK is installed
2026-03-09T13:53:02.269Z CLI info [debug-utility]          Detected BrowserStack SDK version: 1.50.1
2026-03-09T13:53:02.269Z CLI info [debug-utility]   Detecting frameworks used in the project
2026-03-09T13:53:02.269Z CLI info [debug-utility]   Framework detection completed
2026-03-09T13:53:02.269Z CLI info [debug-utility]          Detected frameworks with versions: {"@playwright/test":"1.58.2","@cucumber/cucumber":"11.3.0"}
2026-03-09T13:53:02.269Z CLI info [debug-utility]   

========================Version compatibility checks========================
2026-03-09T13:53:02.269Z CLI info [debug-utility]   Skipping version compatibility check due to incompatible setup detection.
2026-03-09T13:53:02.270Z CLI debug [debug-utility]   Sending data to EDS: {"event_type":"sdk_events","data":{"testhub_uuid":"","created_day":"2026-03-09T13:53:02.269 UTC","event_name":"SDK_DEBUG_UTILITY_REPORT","user_data":"kjavedirfan_eZBoq7","host_info":"{\"hostname\":\"pe2vdfqaper-018\",\"platform\":\"win32\",\"type\":\"Windows_NT\",\"version\":\"Windows 10 Enterprise\",\"arch\":\"x64\"}","event_json":{"cliArgs":"C:\\Users\\KSuvarna\\.browserstack\\cli\\binary-win-x64.exe C:\\snapshot\\browserstack-binary\\cli\\dist\\index.js sdk","cliVersion":"1.24.2","results":{"system_check":{"metadata":{},"status":true,"messages":[]},"parse_yml":{"metadata":{},"status":true,"messages":[]},"connectivity_check":{"metadata":{"proxySettings":""},"status":true,"messages":[]},"validate_yml":{"metadata":{},"status":true,"messages":[]},"parse_project_config":{"metadata":{"configFilePath":"C:\\Users\\KSuvarna\\Desktop\\follet-test-steps\\package.json"},"status":false,"messages":["Error occurred while detecting Node.js version: Command failed: C:\\Program Files\\nodejs\\node.exe -v\n'C:\\Program' is not recognized as an internal or external command,\r\noperable program or batch file.\r\n"]},"version_compatibility":{"metadata":{},"status":false,"messages":["skipped"]}},"projectDirectory":"C:\\Users\\KSuvarna\\Desktop\\follet-test-steps","bstackconfigFilePath":"C:\\Users\\KSuvarna\\Desktop\\follet-test-steps\\browserstack.yml","projectConfigFilePath":null,"userProxyConfig":null,"sdkVersion":"1.50.1","language":"node","languageVersion":null,"frameworks":{"@playwright/test":"1.58.2","@cucumber/cucumber":"11.3.0"}}}}
2026-03-09T13:53:02.315Z CLI debug [debug-utility]   Data sent successfully to https://eds.browserstack.com with response 200
2026-03-09T14:01:32.518Z CLI info [debug-utility]   Starting debug utility in non-interactive mode with options: {"projectDirectory":"C:\\Users\\KSuvarna\\Desktop\\follet-test-steps","language":"node","username":"kjavedirfan_eZBoq7","key":"wMYFrmsNHB7QEs1RBFu8","bstackconfigFilePath":"C:\\Users\\KSuvarna\\Desktop\\follet-test-steps\\browserstack.yml"}
2026-03-09T14:01:32.518Z CLI info [debug-utility]   ======================system permissions checks======================
2026-03-09T14:01:32.519Z CLI info [debug-utility]   Checking write permissions for directory: C:\Users\KSuvarna\Desktop\follet-test-steps
2026-03-09T14:01:32.520Z CLI info [debug-utility]   Write permissions check completed for directory: C:\Users\KSuvarna\Desktop\follet-test-steps
2026-03-09T14:01:32.520Z CLI info [debug-utility]   Checking write permissions for directory: C:\Users\KSuvarna\.browserstack
2026-03-09T14:01:32.520Z CLI info [debug-utility]   Write permissions check completed for directory: C:\Users\KSuvarna\.browserstack
2026-03-09T14:01:32.520Z CLI info [debug-utility]   

========================Detecting browserstack.yml========================
2026-03-09T14:01:32.524Z CLI info [debug-utility]   

========================connectivity checks========================
2026-03-09T14:01:32.524Z CLI info [debug-utility]   No proxy settings detected.
2026-03-09T14:01:32.524Z CLI info [debug-utility]   -------------------------------------------------
2026-03-09T14:01:32.524Z CLI info [debug-utility]   Host: api.browserstack.com
2026-03-09T14:01:32.524Z CLI info [debug-utility]   Checking connectivity to: https://api.browserstack.com/robots.txt without Proxy
2026-03-09T14:01:32.672Z CLI info [debug-utility]   Connectivity check completed for URL without Proxy: https://api.browserstack.com/robots.txt
2026-03-09T14:01:32.673Z CLI info [debug-utility]   -------------------------------------------------
2026-03-09T14:01:32.673Z CLI info [debug-utility]   Host: api-cloud.browserstack.com
2026-03-09T14:01:32.673Z CLI info [debug-utility]   Checking connectivity to: https://api-cloud.browserstack.com without Proxy
2026-03-09T14:01:32.914Z CLI info [debug-utility]   Connectivity check completed for URL without Proxy: https://api-cloud.browserstack.com
2026-03-09T14:01:32.914Z CLI info [debug-utility]   -------------------------------------------------
2026-03-09T14:01:32.914Z CLI info [debug-utility]   Host: www.browserstack.com
2026-03-09T14:01:32.914Z CLI info [debug-utility]   Checking connectivity to: https://www.browserstack.com/robots.txt without Proxy
2026-03-09T14:01:33.079Z CLI info [debug-utility]   Connectivity check completed for URL without Proxy: https://www.browserstack.com/robots.txt
2026-03-09T14:01:33.079Z CLI info [debug-utility]   -------------------------------------------------
2026-03-09T14:01:33.079Z CLI info [debug-utility]   Host: automate.browserstack.com
2026-03-09T14:01:33.079Z CLI info [debug-utility]   Checking connectivity to: https://automate.browserstack.com/robots.txt without Proxy
2026-03-09T14:01:33.253Z CLI info [debug-utility]   Connectivity check completed for URL without Proxy: https://automate.browserstack.com/robots.txt
2026-03-09T14:01:33.254Z CLI info [debug-utility]   -------------------------------------------------
2026-03-09T14:01:33.254Z CLI info [debug-utility]   Host: app-automate.browserstack.com
2026-03-09T14:01:33.254Z CLI info [debug-utility]   Checking connectivity to: https://app-automate.browserstack.com/robots.txt without Proxy
2026-03-09T14:01:33.406Z CLI info [debug-utility]   Connectivity check completed for URL without Proxy: https://app-automate.browserstack.com/robots.txt
2026-03-09T14:01:33.406Z CLI info [debug-utility]   -------------------------------------------------
2026-03-09T14:01:33.406Z CLI info [debug-utility]   Host: hub.browserstack.com
2026-03-09T14:01:33.406Z CLI info [debug-utility]   Checking connectivity to: https://hub.browserstack.com/wd/hub without Proxy
2026-03-09T14:01:33.452Z CLI info [debug-utility]   Connectivity check completed for URL without Proxy: https://hub.browserstack.com/wd/hub
2026-03-09T14:01:33.452Z CLI info [debug-utility]   -------------------------------------------------
2026-03-09T14:01:33.452Z CLI info [debug-utility]   Host: hub.browserstack.com
2026-03-09T14:01:33.452Z CLI info [debug-utility]   Checking connectivity to: http://hub.browserstack.com/wd/hub without Proxy
2026-03-09T14:01:33.490Z CLI info [debug-utility]   Connectivity check completed for URL without Proxy: http://hub.browserstack.com/wd/hub
2026-03-09T14:01:33.490Z CLI info [debug-utility]   -------------------------------------------------
2026-03-09T14:01:33.490Z CLI info [debug-utility]   Host: cdp.browserstack.com
2026-03-09T14:01:33.490Z CLI info [debug-utility]   Checking connectivity to: https://cdp.browserstack.com without Proxy
2026-03-09T14:01:33.614Z CLI info [debug-utility]   Connectivity check completed for URL without Proxy: https://cdp.browserstack.com
2026-03-09T14:01:33.615Z CLI info [debug-utility]   -------------------------------------------------
2026-03-09T14:01:33.615Z CLI info [debug-utility]   Host: upload-observability.browserstack.com
2026-03-09T14:01:33.615Z CLI info [debug-utility]   Checking connectivity to: https://upload-observability.browserstack.com without Proxy
2026-03-09T14:01:33.741Z CLI info [debug-utility]   Connectivity check completed for URL without Proxy: https://upload-observability.browserstack.com
2026-03-09T14:01:33.741Z CLI info [debug-utility]   -------------------------------------------------
2026-03-09T14:01:33.741Z CLI info [debug-utility]   Host: collector-observability.browserstack.com
2026-03-09T14:01:33.741Z CLI info [debug-utility]   Checking connectivity to: https://collector-observability.browserstack.com without Proxy
2026-03-09T14:01:33.818Z CLI info [debug-utility]   Connectivity check completed for URL without Proxy: https://collector-observability.browserstack.com
2026-03-09T14:01:33.819Z CLI info [debug-utility]   -------------------------------------------------
2026-03-09T14:01:33.819Z CLI info [debug-utility]   Host: eds.browserstack.com
2026-03-09T14:01:33.819Z CLI info [debug-utility]   Checking connectivity to: https://eds.browserstack.com without Proxy
2026-03-09T14:01:33.858Z CLI info [debug-utility]   Connectivity check completed for URL without Proxy: https://eds.browserstack.com
2026-03-09T14:01:33.858Z CLI info [debug-utility]   -------------------------------------------------
2026-03-09T14:01:33.858Z CLI info [debug-utility]   Host: sdk.browserstack.com
2026-03-09T14:01:33.858Z CLI info [debug-utility]   Checking connectivity to: https://sdk.browserstack.com without Proxy
2026-03-09T14:01:34.139Z CLI info [debug-utility]   Connectivity check completed for URL without Proxy: https://sdk.browserstack.com
2026-03-09T14:01:34.139Z CLI info [debug-utility]   
Connectivity check results summary:
2026-03-09T14:01:34.139Z CLI info [debug-utility]   All connectivity checks passed
2026-03-09T14:01:34.140Z CLI info [debug-utility]   

========================browserstack.yml checks========================
2026-03-09T14:01:34.140Z CLI info [debug-utility]   Validating browserstack.yml configuration
2026-03-09T14:01:34.140Z CLI info [debug-utility]   browserstack.yml configuration validation completed
2026-03-09T14:01:34.140Z CLI info [debug-utility]   

========================Project configuration checks========================
2026-03-09T14:01:35.344Z CLI info [debug-utility]   Detecting Node.js version used in the project
2026-03-09T14:01:35.484Z CLI info [debug-utility]   Node.js version detection failed
2026-03-09T14:01:35.484Z CLI error [debug-utility]          Error occurred while detecting Node.js version: Command failed: C:\Program Files\nodejs\node.exe -v
'C:\Program' is not recognized as an internal or external command,
operable program or batch file.

2026-03-09T14:01:35.484Z CLI info [debug-utility]   Verifying installation of BrowserStack SDK
2026-03-09T14:01:35.484Z CLI info [debug-utility]   BrowserStack SDK is installed
2026-03-09T14:01:35.484Z CLI info [debug-utility]          Detected BrowserStack SDK version: 1.50.1
2026-03-09T14:01:35.484Z CLI info [debug-utility]   Detecting frameworks used in the project
2026-03-09T14:01:35.484Z CLI info [debug-utility]   Framework detection completed
2026-03-09T14:01:35.484Z CLI info [debug-utility]          Detected frameworks with versions: {"@playwright/test":"1.58.2","@cucumber/cucumber":"11.3.0"}
2026-03-09T14:01:35.484Z CLI info [debug-utility]   

========================Version compatibility checks========================
2026-03-09T14:01:35.484Z CLI info [debug-utility]   Skipping version compatibility check due to incompatible setup detection.
2026-03-09T14:01:35.485Z CLI debug [debug-utility]   Sending data to EDS: {"event_type":"sdk_events","data":{"testhub_uuid":"","created_day":"2026-03-09T14:01:35.485 UTC","event_name":"SDK_DEBUG_UTILITY_REPORT","user_data":"kjavedirfan_eZBoq7","host_info":"{\"hostname\":\"pe2vdfqaper-018\",\"platform\":\"win32\",\"type\":\"Windows_NT\",\"version\":\"Windows 10 Enterprise\",\"arch\":\"x64\"}","event_json":{"cliArgs":"C:\\Users\\KSuvarna\\.browserstack\\cli\\binary-win-x64.exe C:\\snapshot\\browserstack-binary\\cli\\dist\\index.js sdk","cliVersion":"1.24.2","results":{"system_check":{"metadata":{},"status":true,"messages":[]},"parse_yml":{"metadata":{},"status":true,"messages":[]},"connectivity_check":{"metadata":{"proxySettings":""},"status":true,"messages":[]},"validate_yml":{"metadata":{},"status":true,"messages":[]},"parse_project_config":{"metadata":{"configFilePath":"C:\\Users\\KSuvarna\\Desktop\\follet-test-steps\\package.json"},"status":false,"messages":["Error occurred while detecting Node.js version: Command failed: C:\\Program Files\\nodejs\\node.exe -v\n'C:\\Program' is not recognized as an internal or external command,\r\noperable program or batch file.\r\n"]},"version_compatibility":{"metadata":{},"status":false,"messages":["skipped"]}},"projectDirectory":"C:\\Users\\KSuvarna\\Desktop\\follet-test-steps","bstackconfigFilePath":"C:\\Users\\KSuvarna\\Desktop\\follet-test-steps\\browserstack.yml","projectConfigFilePath":null,"userProxyConfig":null,"sdkVersion":"1.50.1","language":"node","languageVersion":null,"frameworks":{"@playwright/test":"1.58.2","@cucumber/cucumber":"11.3.0"}}}}
2026-03-09T14:01:35.517Z CLI debug [debug-utility]   Data sent successfully to https://eds.browserstack.com with response 200
2026-03-09T14:04:13.062Z CLI info [debug-utility]   Starting debug utility in non-interactive mode with options: {"projectDirectory":"C:\\Users\\KSuvarna\\Desktop\\follet-test-steps","language":"node","username":"kjavedirfan_eZBoq7","key":"wMYFrmsNHB7QEs1RBFu8","bstackconfigFilePath":"C:\\Users\\KSuvarna\\Desktop\\follet-test-steps\\browserstack.yml"}
2026-03-09T14:04:13.062Z CLI info [debug-utility]   ======================system permissions checks======================
2026-03-09T14:04:13.065Z CLI info [debug-utility]   Checking write permissions for directory: C:\Users\KSuvarna\Desktop\follet-test-steps
2026-03-09T14:04:13.066Z CLI info [debug-utility]   Write permissions check completed for directory: C:\Users\KSuvarna\Desktop\follet-test-steps
2026-03-09T14:04:13.066Z CLI info [debug-utility]   Checking write permissions for directory: C:\Users\KSuvarna\.browserstack
2026-03-09T14:04:13.066Z CLI info [debug-utility]   Write permissions check completed for directory: C:\Users\KSuvarna\.browserstack
2026-03-09T14:04:13.066Z CLI info [debug-utility]   

========================Detecting browserstack.yml========================
2026-03-09T14:04:13.070Z CLI info [debug-utility]   

========================connectivity checks========================
2026-03-09T14:04:13.070Z CLI info [debug-utility]   No proxy settings detected.
2026-03-09T14:04:13.070Z CLI info [debug-utility]   -------------------------------------------------
2026-03-09T14:04:13.070Z CLI info [debug-utility]   Host: api.browserstack.com
2026-03-09T14:04:13.070Z CLI info [debug-utility]   Checking connectivity to: https://api.browserstack.com/robots.txt without Proxy
2026-03-09T14:04:13.166Z CLI info [debug-utility]   Connectivity check completed for URL without Proxy: https://api.browserstack.com/robots.txt
2026-03-09T14:04:13.166Z CLI info [debug-utility]   -------------------------------------------------
2026-03-09T14:04:13.167Z CLI info [debug-utility]   Host: api-cloud.browserstack.com
2026-03-09T14:04:13.167Z CLI info [debug-utility]   Checking connectivity to: https://api-cloud.browserstack.com without Proxy
2026-03-09T14:04:13.389Z CLI info [debug-utility]   Connectivity check completed for URL without Proxy: https://api-cloud.browserstack.com
2026-03-09T14:04:13.389Z CLI info [debug-utility]   -------------------------------------------------
2026-03-09T14:04:13.389Z CLI info [debug-utility]   Host: www.browserstack.com
2026-03-09T14:04:13.389Z CLI info [debug-utility]   Checking connectivity to: https://www.browserstack.com/robots.txt without Proxy
2026-03-09T14:04:13.498Z CLI info [debug-utility]   Connectivity check completed for URL without Proxy: https://www.browserstack.com/robots.txt
2026-03-09T14:04:13.499Z CLI info [debug-utility]   -------------------------------------------------
2026-03-09T14:04:13.499Z CLI info [debug-utility]   Host: automate.browserstack.com
2026-03-09T14:04:13.499Z CLI info [debug-utility]   Checking connectivity to: https://automate.browserstack.com/robots.txt without Proxy
2026-03-09T14:04:13.664Z CLI info [debug-utility]   Connectivity check completed for URL without Proxy: https://automate.browserstack.com/robots.txt
2026-03-09T14:04:13.664Z CLI info [debug-utility]   -------------------------------------------------
2026-03-09T14:04:13.664Z CLI info [debug-utility]   Host: app-automate.browserstack.com
2026-03-09T14:04:13.664Z CLI info [debug-utility]   Checking connectivity to: https://app-automate.browserstack.com/robots.txt without Proxy
2026-03-09T14:04:13.840Z CLI info [debug-utility]   Connectivity check completed for URL without Proxy: https://app-automate.browserstack.com/robots.txt
2026-03-09T14:04:13.841Z CLI info [debug-utility]   -------------------------------------------------
2026-03-09T14:04:13.841Z CLI info [debug-utility]   Host: hub.browserstack.com
2026-03-09T14:04:13.841Z CLI info [debug-utility]   Checking connectivity to: https://hub.browserstack.com/wd/hub without Proxy
2026-03-09T14:04:13.876Z CLI info [debug-utility]   Connectivity check completed for URL without Proxy: https://hub.browserstack.com/wd/hub
2026-03-09T14:04:13.876Z CLI info [debug-utility]   -------------------------------------------------
2026-03-09T14:04:13.876Z CLI info [debug-utility]   Host: hub.browserstack.com
2026-03-09T14:04:13.876Z CLI info [debug-utility]   Checking connectivity to: http://hub.browserstack.com/wd/hub without Proxy
2026-03-09T14:04:13.917Z CLI info [debug-utility]   Connectivity check completed for URL without Proxy: http://hub.browserstack.com/wd/hub
2026-03-09T14:04:13.918Z CLI info [debug-utility]   -------------------------------------------------
2026-03-09T14:04:13.918Z CLI info [debug-utility]   Host: cdp.browserstack.com
2026-03-09T14:04:13.918Z CLI info [debug-utility]   Checking connectivity to: https://cdp.browserstack.com without Proxy
2026-03-09T14:04:13.999Z CLI info [debug-utility]   Connectivity check completed for URL without Proxy: https://cdp.browserstack.com
2026-03-09T14:04:13.999Z CLI info [debug-utility]   -------------------------------------------------
2026-03-09T14:04:13.999Z CLI info [debug-utility]   Host: upload-observability.browserstack.com
2026-03-09T14:04:13.999Z CLI info [debug-utility]   Checking connectivity to: https://upload-observability.browserstack.com without Proxy
2026-03-09T14:04:14.339Z CLI info [debug-utility]   Connectivity check completed for URL without Proxy: https://upload-observability.browserstack.com
2026-03-09T14:04:14.339Z CLI info [debug-utility]   -------------------------------------------------
2026-03-09T14:04:14.339Z CLI info [debug-utility]   Host: collector-observability.browserstack.com
2026-03-09T14:04:14.339Z CLI info [debug-utility]   Checking connectivity to: https://collector-observability.browserstack.com without Proxy
2026-03-09T14:04:14.414Z CLI info [debug-utility]   Connectivity check completed for URL without Proxy: https://collector-observability.browserstack.com
2026-03-09T14:04:14.414Z CLI info [debug-utility]   -------------------------------------------------
2026-03-09T14:04:14.414Z CLI info [debug-utility]   Host: eds.browserstack.com
2026-03-09T14:04:14.414Z CLI info [debug-utility]   Checking connectivity to: https://eds.browserstack.com without Proxy
2026-03-09T14:04:14.454Z CLI info [debug-utility]   Connectivity check completed for URL without Proxy: https://eds.browserstack.com
2026-03-09T14:04:14.454Z CLI info [debug-utility]   -------------------------------------------------
2026-03-09T14:04:14.454Z CLI info [debug-utility]   Host: sdk.browserstack.com
2026-03-09T14:04:14.454Z CLI info [debug-utility]   Checking connectivity to: https://sdk.browserstack.com without Proxy
2026-03-09T14:04:14.594Z CLI info [debug-utility]   Connectivity check completed for URL without Proxy: https://sdk.browserstack.com
2026-03-09T14:04:14.594Z CLI info [debug-utility]   
Connectivity check results summary:
2026-03-09T14:04:14.594Z CLI info [debug-utility]   All connectivity checks passed
2026-03-09T14:04:14.594Z CLI info [debug-utility]   

========================browserstack.yml checks========================
2026-03-09T14:04:14.594Z CLI info [debug-utility]   Validating browserstack.yml configuration
2026-03-09T14:04:14.595Z CLI info [debug-utility]   browserstack.yml configuration validation completed
2026-03-09T14:04:14.595Z CLI info [debug-utility]   

========================Project configuration checks========================
2026-03-09T14:04:15.840Z CLI info [debug-utility]   Detecting Node.js version used in the project
2026-03-09T14:04:15.979Z CLI info [debug-utility]   Node.js version detection failed
2026-03-09T14:04:15.980Z CLI error [debug-utility]          Error occurred while detecting Node.js version: Command failed: C:\Program Files\nodejs\node.exe -v
'C:\Program' is not recognized as an internal or external command,
operable program or batch file.

2026-03-09T14:04:15.980Z CLI info [debug-utility]   Verifying installation of BrowserStack SDK
2026-03-09T14:04:15.980Z CLI info [debug-utility]   BrowserStack SDK is installed
2026-03-09T14:04:15.980Z CLI info [debug-utility]          Detected BrowserStack SDK version: 1.50.1
2026-03-09T14:04:15.980Z CLI info [debug-utility]   Detecting frameworks used in the project
2026-03-09T14:04:15.980Z CLI info [debug-utility]   Framework detection completed
2026-03-09T14:04:15.980Z CLI info [debug-utility]          Detected frameworks with versions: {"@playwright/test":"1.58.2","@cucumber/cucumber":"11.3.0"}
2026-03-09T14:04:15.980Z CLI info [debug-utility]   

========================Version compatibility checks========================
2026-03-09T14:04:15.980Z CLI info [debug-utility]   Skipping version compatibility check due to incompatible setup detection.
2026-03-09T14:04:15.981Z CLI debug [debug-utility]   Sending data to EDS: {"event_type":"sdk_events","data":{"testhub_uuid":"","created_day":"2026-03-09T14:04:15.980 UTC","event_name":"SDK_DEBUG_UTILITY_REPORT","user_data":"kjavedirfan_eZBoq7","host_info":"{\"hostname\":\"pe2vdfqaper-018\",\"platform\":\"win32\",\"type\":\"Windows_NT\",\"version\":\"Windows 10 Enterprise\",\"arch\":\"x64\"}","event_json":{"cliArgs":"C:\\Users\\KSuvarna\\.browserstack\\cli\\binary-win-x64.exe C:\\snapshot\\browserstack-binary\\cli\\dist\\index.js sdk","cliVersion":"1.24.2","results":{"system_check":{"metadata":{},"status":true,"messages":[]},"parse_yml":{"metadata":{},"status":true,"messages":[]},"connectivity_check":{"metadata":{"proxySettings":""},"status":true,"messages":[]},"validate_yml":{"metadata":{},"status":true,"messages":[]},"parse_project_config":{"metadata":{"configFilePath":"C:\\Users\\KSuvarna\\Desktop\\follet-test-steps\\package.json"},"status":false,"messages":["Error occurred while detecting Node.js version: Command failed: C:\\Program Files\\nodejs\\node.exe -v\n'C:\\Program' is not recognized as an internal or external command,\r\noperable program or batch file.\r\n"]},"version_compatibility":{"metadata":{},"status":false,"messages":["skipped"]}},"projectDirectory":"C:\\Users\\KSuvarna\\Desktop\\follet-test-steps","bstackconfigFilePath":"C:\\Users\\KSuvarna\\Desktop\\follet-test-steps\\browserstack.yml","projectConfigFilePath":null,"userProxyConfig":null,"sdkVersion":"1.50.1","language":"node","languageVersion":null,"frameworks":{"@playwright/test":"1.58.2","@cucumber/cucumber":"11.3.0"}}}}
2026-03-09T14:04:16.012Z CLI debug [debug-utility]   Data sent successfully to https://eds.browserstack.com with response 200
2026-03-09T15:23:03.866Z CLI info [debug-utility]   Starting debug utility in non-interactive mode with options: {"projectDirectory":"C:\\Users\\KSuvarna\\Desktop\\follet-test-steps","language":"node","username":"kjavedirfan_eZBoq7","key":"wMYFrmsNHB7QEs1RBFu8","bstackconfigFilePath":"C:\\Users\\KSuvarna\\Desktop\\follet-test-steps\\browserstack.yml"}
2026-03-09T15:23:03.866Z CLI info [debug-utility]   ======================system permissions checks======================
2026-03-09T15:23:03.885Z CLI info [debug-utility]   Checking write permissions for directory: C:\Users\KSuvarna\Desktop\follet-test-steps
2026-03-09T15:23:03.885Z CLI info [debug-utility]   Write permissions check completed for directory: C:\Users\KSuvarna\Desktop\follet-test-steps
2026-03-09T15:23:03.886Z CLI info [debug-utility]   Checking write permissions for directory: C:\Users\KSuvarna\.browserstack
2026-03-09T15:23:03.886Z CLI info [debug-utility]   Write permissions check completed for directory: C:\Users\KSuvarna\.browserstack
2026-03-09T15:23:03.887Z CLI info [debug-utility]   

========================Detecting browserstack.yml========================
2026-03-09T15:23:03.891Z CLI info [debug-utility]   

========================connectivity checks========================
2026-03-09T15:23:03.891Z CLI info [debug-utility]   No proxy settings detected.
2026-03-09T15:23:03.891Z CLI info [debug-utility]   -------------------------------------------------
2026-03-09T15:23:03.891Z CLI info [debug-utility]   Host: api.browserstack.com
2026-03-09T15:23:03.891Z CLI info [debug-utility]   Checking connectivity to: https://api.browserstack.com/robots.txt without Proxy
2026-03-09T15:23:04.020Z CLI info [debug-utility]   Connectivity check completed for URL without Proxy: https://api.browserstack.com/robots.txt
2026-03-09T15:23:04.020Z CLI info [debug-utility]   -------------------------------------------------
2026-03-09T15:23:04.020Z CLI info [debug-utility]   Host: api-cloud.browserstack.com
2026-03-09T15:23:04.020Z CLI info [debug-utility]   Checking connectivity to: https://api-cloud.browserstack.com without Proxy
2026-03-09T15:23:04.207Z CLI info [debug-utility]   Connectivity check completed for URL without Proxy: https://api-cloud.browserstack.com
2026-03-09T15:23:04.207Z CLI info [debug-utility]   -------------------------------------------------
2026-03-09T15:23:04.207Z CLI info [debug-utility]   Host: www.browserstack.com
2026-03-09T15:23:04.207Z CLI info [debug-utility]   Checking connectivity to: https://www.browserstack.com/robots.txt without Proxy
2026-03-09T15:23:04.349Z CLI info [debug-utility]   Connectivity check completed for URL without Proxy: https://www.browserstack.com/robots.txt
2026-03-09T15:23:04.349Z CLI info [debug-utility]   -------------------------------------------------
2026-03-09T15:23:04.349Z CLI info [debug-utility]   Host: automate.browserstack.com
2026-03-09T15:23:04.349Z CLI info [debug-utility]   Checking connectivity to: https://automate.browserstack.com/robots.txt without Proxy
2026-03-09T15:23:04.499Z CLI info [debug-utility]   Connectivity check completed for URL without Proxy: https://automate.browserstack.com/robots.txt
2026-03-09T15:23:04.499Z CLI info [debug-utility]   -------------------------------------------------
2026-03-09T15:23:04.499Z CLI info [debug-utility]   Host: app-automate.browserstack.com
2026-03-09T15:23:04.499Z CLI info [debug-utility]   Checking connectivity to: https://app-automate.browserstack.com/robots.txt without Proxy
2026-03-09T15:23:04.666Z CLI info [debug-utility]   Connectivity check completed for URL without Proxy: https://app-automate.browserstack.com/robots.txt
2026-03-09T15:23:04.666Z CLI info [debug-utility]   -------------------------------------------------
2026-03-09T15:23:04.667Z CLI info [debug-utility]   Host: hub.browserstack.com
2026-03-09T15:23:04.667Z CLI info [debug-utility]   Checking connectivity to: https://hub.browserstack.com/wd/hub without Proxy
2026-03-09T15:23:04.705Z CLI info [debug-utility]   Connectivity check completed for URL without Proxy: https://hub.browserstack.com/wd/hub
2026-03-09T15:23:04.705Z CLI info [debug-utility]   -------------------------------------------------
2026-03-09T15:23:04.706Z CLI info [debug-utility]   Host: hub.browserstack.com
2026-03-09T15:23:04.706Z CLI info [debug-utility]   Checking connectivity to: http://hub.browserstack.com/wd/hub without Proxy
2026-03-09T15:23:04.735Z CLI info [debug-utility]   Connectivity check completed for URL without Proxy: http://hub.browserstack.com/wd/hub
2026-03-09T15:23:04.735Z CLI info [debug-utility]   -------------------------------------------------
2026-03-09T15:23:04.735Z CLI info [debug-utility]   Host: cdp.browserstack.com
2026-03-09T15:23:04.735Z CLI info [debug-utility]   Checking connectivity to: https://cdp.browserstack.com without Proxy
2026-03-09T15:23:04.855Z CLI info [debug-utility]   Connectivity check completed for URL without Proxy: https://cdp.browserstack.com
2026-03-09T15:23:04.855Z CLI info [debug-utility]   -------------------------------------------------
2026-03-09T15:23:04.855Z CLI info [debug-utility]   Host: upload-observability.browserstack.com
2026-03-09T15:23:04.855Z CLI info [debug-utility]   Checking connectivity to: https://upload-observability.browserstack.com without Proxy
2026-03-09T15:23:04.957Z CLI info [debug-utility]   Connectivity check completed for URL without Proxy: https://upload-observability.browserstack.com
2026-03-09T15:23:04.957Z CLI info [debug-utility]   -------------------------------------------------
2026-03-09T15:23:04.958Z CLI info [debug-utility]   Host: collector-observability.browserstack.com
2026-03-09T15:23:04.958Z CLI info [debug-utility]   Checking connectivity to: https://collector-observability.browserstack.com without Proxy
2026-03-09T15:23:05.052Z CLI info [debug-utility]   Connectivity check completed for URL without Proxy: https://collector-observability.browserstack.com
2026-03-09T15:23:05.052Z CLI info [debug-utility]   -------------------------------------------------
2026-03-09T15:23:05.052Z CLI info [debug-utility]   Host: eds.browserstack.com
2026-03-09T15:23:05.052Z CLI info [debug-utility]   Checking connectivity to: https://eds.browserstack.com without Proxy
2026-03-09T15:23:05.089Z CLI info [debug-utility]   Connectivity check completed for URL without Proxy: https://eds.browserstack.com
2026-03-09T15:23:05.089Z CLI info [debug-utility]   -------------------------------------------------
2026-03-09T15:23:05.089Z CLI info [debug-utility]   Host: sdk.browserstack.com
2026-03-09T15:23:05.089Z CLI info [debug-utility]   Checking connectivity to: https://sdk.browserstack.com without Proxy
2026-03-09T15:23:05.211Z CLI info [debug-utility]   Connectivity check completed for URL without Proxy: https://sdk.browserstack.com
2026-03-09T15:23:05.211Z CLI info [debug-utility]   
Connectivity check results summary:
2026-03-09T15:23:05.212Z CLI info [debug-utility]   All connectivity checks passed
2026-03-09T15:23:05.212Z CLI info [debug-utility]   

========================browserstack.yml checks========================
2026-03-09T15:23:05.212Z CLI info [debug-utility]   Validating browserstack.yml configuration
2026-03-09T15:23:05.212Z CLI info [debug-utility]   browserstack.yml configuration validation completed
2026-03-09T15:23:05.212Z CLI info [debug-utility]   

========================Project configuration checks========================
2026-03-09T15:23:06.381Z CLI info [debug-utility]   Detecting Node.js version used in the project
2026-03-09T15:23:06.521Z CLI info [debug-utility]   Node.js version detection failed
2026-03-09T15:23:06.521Z CLI error [debug-utility]          Error occurred while detecting Node.js version: Command failed: C:\Program Files\nodejs\node.exe -v
'C:\Program' is not recognized as an internal or external command,
operable program or batch file.

2026-03-09T15:23:06.521Z CLI info [debug-utility]   Verifying installation of BrowserStack SDK
2026-03-09T15:23:06.521Z CLI info [debug-utility]   BrowserStack SDK is installed
2026-03-09T15:23:06.521Z CLI info [debug-utility]          Detected BrowserStack SDK version: 1.50.1
2026-03-09T15:23:06.521Z CLI info [debug-utility]   Detecting frameworks used in the project
2026-03-09T15:23:06.521Z CLI info [debug-utility]   Framework detection completed
2026-03-09T15:23:06.521Z CLI info [debug-utility]          Detected frameworks with versions: {"@playwright/test":"1.58.2","@cucumber/cucumber":"11.3.0"}
2026-03-09T15:23:06.521Z CLI info [debug-utility]   

========================Version compatibility checks========================
2026-03-09T15:23:06.521Z CLI info [debug-utility]   Skipping version compatibility check due to incompatible setup detection.
2026-03-09T15:23:06.522Z CLI debug [debug-utility]   Sending data to EDS: {"event_type":"sdk_events","data":{"testhub_uuid":"","created_day":"2026-03-09T15:23:06.522 UTC","event_name":"SDK_DEBUG_UTILITY_REPORT","user_data":"kjavedirfan_eZBoq7","host_info":"{\"hostname\":\"pe2vdfqaper-018\",\"platform\":\"win32\",\"type\":\"Windows_NT\",\"version\":\"Windows 10 Enterprise\",\"arch\":\"x64\"}","event_json":{"cliArgs":"C:\\Users\\KSuvarna\\.browserstack\\cli\\binary-win-x64.exe C:\\snapshot\\browserstack-binary\\cli\\dist\\index.js sdk","cliVersion":"1.24.3","results":{"system_check":{"metadata":{},"status":true,"messages":[]},"parse_yml":{"metadata":{},"status":true,"messages":[]},"connectivity_check":{"metadata":{"proxySettings":""},"status":true,"messages":[]},"validate_yml":{"metadata":{},"status":true,"messages":[]},"parse_project_config":{"metadata":{"configFilePath":"C:\\Users\\KSuvarna\\Desktop\\follet-test-steps\\package.json"},"status":false,"messages":["Error occurred while detecting Node.js version: Command failed: C:\\Program Files\\nodejs\\node.exe -v\n'C:\\Program' is not recognized as an internal or external command,\r\noperable program or batch file.\r\n"]},"version_compatibility":{"metadata":{},"status":false,"messages":["skipped"]}},"projectDirectory":"C:\\Users\\KSuvarna\\Desktop\\follet-test-steps","bstackconfigFilePath":"C:\\Users\\KSuvarna\\Desktop\\follet-test-steps\\browserstack.yml","projectConfigFilePath":null,"userProxyConfig":null,"sdkVersion":"1.50.1","language":"node","languageVersion":null,"frameworks":{"@playwright/test":"1.58.2","@cucumber/cucumber":"11.3.0"}}}}
2026-03-09T15:23:06.564Z CLI debug [debug-utility]   Data sent successfully to https://eds.browserstack.com with response 200
2026-03-09T15:33:45.413Z CLI info [debug-utility]   Starting debug utility in non-interactive mode with options: {"projectDirectory":"C:\\Users\\KSuvarna\\Desktop\\follet-test-steps","language":"node","username":"kjavedirfan_eZBoq7","key":"wMYFrmsNHB7QEs1RBFu8","bstackconfigFilePath":"C:\\Users\\KSuvarna\\Desktop\\follet-test-steps\\browserstack.yml"}
2026-03-09T15:33:45.413Z CLI info [debug-utility]   ======================system permissions checks======================
2026-03-09T15:33:45.414Z CLI info [debug-utility]   Checking write permissions for directory: C:\Users\KSuvarna\Desktop\follet-test-steps
2026-03-09T15:33:45.415Z CLI info [debug-utility]   Write permissions check completed for directory: C:\Users\KSuvarna\Desktop\follet-test-steps
2026-03-09T15:33:45.415Z CLI info [debug-utility]   Checking write permissions for directory: C:\Users\KSuvarna\.browserstack
2026-03-09T15:33:45.416Z CLI info [debug-utility]   Write permissions check completed for directory: C:\Users\KSuvarna\.browserstack
2026-03-09T15:33:45.416Z CLI info [debug-utility]   

========================Detecting browserstack.yml========================
2026-03-09T15:33:45.420Z CLI info [debug-utility]   

========================connectivity checks========================
2026-03-09T15:33:45.420Z CLI info [debug-utility]   No proxy settings detected.
2026-03-09T15:33:45.420Z CLI info [debug-utility]   -------------------------------------------------
2026-03-09T15:33:45.420Z CLI info [debug-utility]   Host: api.browserstack.com
2026-03-09T15:33:45.420Z CLI info [debug-utility]   Checking connectivity to: https://api.browserstack.com/robots.txt without Proxy
2026-03-09T15:33:45.584Z CLI info [debug-utility]   Connectivity check completed for URL without Proxy: https://api.browserstack.com/robots.txt
2026-03-09T15:33:45.584Z CLI info [debug-utility]   -------------------------------------------------
2026-03-09T15:33:45.584Z CLI info [debug-utility]   Host: api-cloud.browserstack.com
2026-03-09T15:33:45.584Z CLI info [debug-utility]   Checking connectivity to: https://api-cloud.browserstack.com without Proxy
2026-03-09T15:33:45.814Z CLI info [debug-utility]   Connectivity check completed for URL without Proxy: https://api-cloud.browserstack.com
2026-03-09T15:33:45.814Z CLI info [debug-utility]   -------------------------------------------------
2026-03-09T15:33:45.814Z CLI info [debug-utility]   Host: www.browserstack.com
2026-03-09T15:33:45.814Z CLI info [debug-utility]   Checking connectivity to: https://www.browserstack.com/robots.txt without Proxy
2026-03-09T15:33:45.936Z CLI info [debug-utility]   Connectivity check completed for URL without Proxy: https://www.browserstack.com/robots.txt
2026-03-09T15:33:45.936Z CLI info [debug-utility]   -------------------------------------------------
2026-03-09T15:33:45.936Z CLI info [debug-utility]   Host: automate.browserstack.com
2026-03-09T15:33:45.936Z CLI info [debug-utility]   Checking connectivity to: https://automate.browserstack.com/robots.txt without Proxy
2026-03-09T15:33:46.082Z CLI info [debug-utility]   Connectivity check completed for URL without Proxy: https://automate.browserstack.com/robots.txt
2026-03-09T15:33:46.083Z CLI info [debug-utility]   -------------------------------------------------
2026-03-09T15:33:46.083Z CLI info [debug-utility]   Host: app-automate.browserstack.com
2026-03-09T15:33:46.083Z CLI info [debug-utility]   Checking connectivity to: https://app-automate.browserstack.com/robots.txt without Proxy
2026-03-09T15:33:46.246Z CLI info [debug-utility]   Connectivity check completed for URL without Proxy: https://app-automate.browserstack.com/robots.txt
2026-03-09T15:33:46.246Z CLI info [debug-utility]   -------------------------------------------------
2026-03-09T15:33:46.246Z CLI info [debug-utility]   Host: hub.browserstack.com
2026-03-09T15:33:46.246Z CLI info [debug-utility]   Checking connectivity to: https://hub.browserstack.com/wd/hub without Proxy
2026-03-09T15:33:46.288Z CLI info [debug-utility]   Connectivity check completed for URL without Proxy: https://hub.browserstack.com/wd/hub
2026-03-09T15:33:46.288Z CLI info [debug-utility]   -------------------------------------------------
2026-03-09T15:33:46.289Z CLI info [debug-utility]   Host: hub.browserstack.com
2026-03-09T15:33:46.289Z CLI info [debug-utility]   Checking connectivity to: http://hub.browserstack.com/wd/hub without Proxy
2026-03-09T15:33:46.317Z CLI info [debug-utility]   Connectivity check completed for URL without Proxy: http://hub.browserstack.com/wd/hub
2026-03-09T15:33:46.317Z CLI info [debug-utility]   -------------------------------------------------
2026-03-09T15:33:46.317Z CLI info [debug-utility]   Host: cdp.browserstack.com
2026-03-09T15:33:46.317Z CLI info [debug-utility]   Checking connectivity to: https://cdp.browserstack.com without Proxy
2026-03-09T15:33:46.446Z CLI info [debug-utility]   Connectivity check completed for URL without Proxy: https://cdp.browserstack.com
2026-03-09T15:33:46.446Z CLI info [debug-utility]   -------------------------------------------------
2026-03-09T15:33:46.446Z CLI info [debug-utility]   Host: upload-observability.browserstack.com
2026-03-09T15:33:46.446Z CLI info [debug-utility]   Checking connectivity to: https://upload-observability.browserstack.com without Proxy
2026-03-09T15:33:46.557Z CLI info [debug-utility]   Connectivity check completed for URL without Proxy: https://upload-observability.browserstack.com
2026-03-09T15:33:46.557Z CLI info [debug-utility]   -------------------------------------------------
2026-03-09T15:33:46.557Z CLI info [debug-utility]   Host: collector-observability.browserstack.com
2026-03-09T15:33:46.557Z CLI info [debug-utility]   Checking connectivity to: https://collector-observability.browserstack.com without Proxy
2026-03-09T15:33:46.667Z CLI info [debug-utility]   Connectivity check completed for URL without Proxy: https://collector-observability.browserstack.com
2026-03-09T15:33:46.667Z CLI info [debug-utility]   -------------------------------------------------
2026-03-09T15:33:46.667Z CLI info [debug-utility]   Host: eds.browserstack.com
2026-03-09T15:33:46.667Z CLI info [debug-utility]   Checking connectivity to: https://eds.browserstack.com without Proxy
2026-03-09T15:33:46.778Z CLI info [debug-utility]   Connectivity check completed for URL without Proxy: https://eds.browserstack.com
2026-03-09T15:33:46.778Z CLI info [debug-utility]   -------------------------------------------------
2026-03-09T15:33:46.778Z CLI info [debug-utility]   Host: sdk.browserstack.com
2026-03-09T15:33:46.778Z CLI info [debug-utility]   Checking connectivity to: https://sdk.browserstack.com without Proxy
2026-03-09T15:33:46.979Z CLI info [debug-utility]   Connectivity check completed for URL without Proxy: https://sdk.browserstack.com
2026-03-09T15:33:46.979Z CLI info [debug-utility]   
Connectivity check results summary:
2026-03-09T15:33:46.979Z CLI info [debug-utility]   All connectivity checks passed
2026-03-09T15:33:46.979Z CLI info [debug-utility]   

========================browserstack.yml checks========================
2026-03-09T15:33:46.979Z CLI info [debug-utility]   Validating browserstack.yml configuration
2026-03-09T15:33:46.980Z CLI info [debug-utility]   browserstack.yml configuration validation completed
2026-03-09T15:33:46.980Z CLI info [debug-utility]   

========================Project configuration checks========================
2026-03-09T15:33:48.166Z CLI info [debug-utility]   Detecting Node.js version used in the project
2026-03-09T15:33:48.294Z CLI info [debug-utility]   Node.js version detection failed
2026-03-09T15:33:48.294Z CLI error [debug-utility]          Error occurred while detecting Node.js version: Command failed: C:\Program Files\nodejs\node.exe -v
'C:\Program' is not recognized as an internal or external command,
operable program or batch file.

2026-03-09T15:33:48.294Z CLI info [debug-utility]   Verifying installation of BrowserStack SDK
2026-03-09T15:33:48.294Z CLI info [debug-utility]   BrowserStack SDK is installed
2026-03-09T15:33:48.294Z CLI info [debug-utility]          Detected BrowserStack SDK version: 1.50.1
2026-03-09T15:33:48.295Z CLI info [debug-utility]   Detecting frameworks used in the project
2026-03-09T15:33:48.295Z CLI info [debug-utility]   Framework detection completed
2026-03-09T15:33:48.295Z CLI info [debug-utility]          Detected frameworks with versions: {"@playwright/test":"1.58.2","@cucumber/cucumber":"11.3.0"}
2026-03-09T15:33:48.295Z CLI info [debug-utility]   

========================Version compatibility checks========================
2026-03-09T15:33:48.295Z CLI info [debug-utility]   Skipping version compatibility check due to incompatible setup detection.
2026-03-09T15:33:48.295Z CLI debug [debug-utility]   Sending data to EDS: {"event_type":"sdk_events","data":{"testhub_uuid":"","created_day":"2026-03-09T15:33:48.295 UTC","event_name":"SDK_DEBUG_UTILITY_REPORT","user_data":"kjavedirfan_eZBoq7","host_info":"{\"hostname\":\"pe2vdfqaper-018\",\"platform\":\"win32\",\"type\":\"Windows_NT\",\"version\":\"Windows 10 Enterprise\",\"arch\":\"x64\"}","event_json":{"cliArgs":"C:\\Users\\KSuvarna\\.browserstack\\cli\\binary-win-x64.exe C:\\snapshot\\browserstack-binary\\cli\\dist\\index.js sdk","cliVersion":"1.24.3","results":{"system_check":{"metadata":{},"status":true,"messages":[]},"parse_yml":{"metadata":{},"status":true,"messages":[]},"connectivity_check":{"metadata":{"proxySettings":""},"status":true,"messages":[]},"validate_yml":{"metadata":{},"status":true,"messages":[]},"parse_project_config":{"metadata":{"configFilePath":"C:\\Users\\KSuvarna\\Desktop\\follet-test-steps\\package.json"},"status":false,"messages":["Error occurred while detecting Node.js version: Command failed: C:\\Program Files\\nodejs\\node.exe -v\n'C:\\Program' is not recognized as an internal or external command,\r\noperable program or batch file.\r\n"]},"version_compatibility":{"metadata":{},"status":false,"messages":["skipped"]}},"projectDirectory":"C:\\Users\\KSuvarna\\Desktop\\follet-test-steps","bstackconfigFilePath":"C:\\Users\\KSuvarna\\Desktop\\follet-test-steps\\browserstack.yml","projectConfigFilePath":null,"userProxyConfig":null,"sdkVersion":"1.50.1","language":"node","languageVersion":null,"frameworks":{"@playwright/test":"1.58.2","@cucumber/cucumber":"11.3.0"}}}}
2026-03-09T15:33:48.325Z CLI debug [debug-utility]   Data sent successfully to https://eds.browserstack.com with response 200
2026-03-09T15:41:29.580Z CLI info [debug-utility]   Starting debug utility in non-interactive mode with options: {"projectDirectory":"C:\\Users\\KSuvarna\\Desktop\\follet-test-steps","language":"node","username":"kjavedirfan_eZBoq7","key":"wMYFrmsNHB7QEs1RBFu8","bstackconfigFilePath":"C:\\Users\\KSuvarna\\Desktop\\follet-test-steps\\browserstack.yml"}
2026-03-09T15:41:29.581Z CLI info [debug-utility]   ======================system permissions checks======================
2026-03-09T15:41:29.583Z CLI info [debug-utility]   Checking write permissions for directory: C:\Users\KSuvarna\Desktop\follet-test-steps
2026-03-09T15:41:29.584Z CLI info [debug-utility]   Write permissions check completed for directory: C:\Users\KSuvarna\Desktop\follet-test-steps
2026-03-09T15:41:29.584Z CLI info [debug-utility]   Checking write permissions for directory: C:\Users\KSuvarna\.browserstack
2026-03-09T15:41:29.585Z CLI info [debug-utility]   Write permissions check completed for directory: C:\Users\KSuvarna\.browserstack
2026-03-09T15:41:29.585Z CLI info [debug-utility]   

========================Detecting browserstack.yml========================
2026-03-09T15:41:29.588Z CLI info [debug-utility]   

========================connectivity checks========================
2026-03-09T15:41:29.588Z CLI info [debug-utility]   No proxy settings detected.
2026-03-09T15:41:29.588Z CLI info [debug-utility]   -------------------------------------------------
2026-03-09T15:41:29.588Z CLI info [debug-utility]   Host: api.browserstack.com
2026-03-09T15:41:29.588Z CLI info [debug-utility]   Checking connectivity to: https://api.browserstack.com/robots.txt without Proxy
2026-03-09T15:41:29.708Z CLI info [debug-utility]   Connectivity check completed for URL without Proxy: https://api.browserstack.com/robots.txt
2026-03-09T15:41:29.708Z CLI info [debug-utility]   -------------------------------------------------
2026-03-09T15:41:29.708Z CLI info [debug-utility]   Host: api-cloud.browserstack.com
2026-03-09T15:41:29.708Z CLI info [debug-utility]   Checking connectivity to: https://api-cloud.browserstack.com without Proxy
2026-03-09T15:41:29.937Z CLI info [debug-utility]   Connectivity check completed for URL without Proxy: https://api-cloud.browserstack.com
2026-03-09T15:41:29.937Z CLI info [debug-utility]   -------------------------------------------------
2026-03-09T15:41:29.937Z CLI info [debug-utility]   Host: www.browserstack.com
2026-03-09T15:41:29.937Z CLI info [debug-utility]   Checking connectivity to: https://www.browserstack.com/robots.txt without Proxy
2026-03-09T15:41:30.094Z CLI info [debug-utility]   Connectivity check completed for URL without Proxy: https://www.browserstack.com/robots.txt
2026-03-09T15:41:30.094Z CLI info [debug-utility]   -------------------------------------------------
2026-03-09T15:41:30.094Z CLI info [debug-utility]   Host: automate.browserstack.com
2026-03-09T15:41:30.094Z CLI info [debug-utility]   Checking connectivity to: https://automate.browserstack.com/robots.txt without Proxy
2026-03-09T15:41:30.256Z CLI info [debug-utility]   Connectivity check completed for URL without Proxy: https://automate.browserstack.com/robots.txt
2026-03-09T15:41:30.256Z CLI info [debug-utility]   -------------------------------------------------
2026-03-09T15:41:30.256Z CLI info [debug-utility]   Host: app-automate.browserstack.com
2026-03-09T15:41:30.256Z CLI info [debug-utility]   Checking connectivity to: https://app-automate.browserstack.com/robots.txt without Proxy
2026-03-09T15:41:30.429Z CLI info [debug-utility]   Connectivity check completed for URL without Proxy: https://app-automate.browserstack.com/robots.txt
2026-03-09T15:41:30.429Z CLI info [debug-utility]   -------------------------------------------------
2026-03-09T15:41:30.429Z CLI info [debug-utility]   Host: hub.browserstack.com
2026-03-09T15:41:30.429Z CLI info [debug-utility]   Checking connectivity to: https://hub.browserstack.com/wd/hub without Proxy
2026-03-09T15:41:30.502Z CLI info [debug-utility]   Connectivity check completed for URL without Proxy: https://hub.browserstack.com/wd/hub
2026-03-09T15:41:30.502Z CLI info [debug-utility]   -------------------------------------------------
2026-03-09T15:41:30.502Z CLI info [debug-utility]   Host: hub.browserstack.com
2026-03-09T15:41:30.502Z CLI info [debug-utility]   Checking connectivity to: http://hub.browserstack.com/wd/hub without Proxy
2026-03-09T15:41:30.530Z CLI info [debug-utility]   Connectivity check completed for URL without Proxy: http://hub.browserstack.com/wd/hub
2026-03-09T15:41:30.530Z CLI info [debug-utility]   -------------------------------------------------
2026-03-09T15:41:30.530Z CLI info [debug-utility]   Host: cdp.browserstack.com
2026-03-09T15:41:30.530Z CLI info [debug-utility]   Checking connectivity to: https://cdp.browserstack.com without Proxy
2026-03-09T15:41:30.657Z CLI info [debug-utility]   Connectivity check completed for URL without Proxy: https://cdp.browserstack.com
2026-03-09T15:41:30.657Z CLI info [debug-utility]   -------------------------------------------------
2026-03-09T15:41:30.657Z CLI info [debug-utility]   Host: upload-observability.browserstack.com
2026-03-09T15:41:30.658Z CLI info [debug-utility]   Checking connectivity to: https://upload-observability.browserstack.com without Proxy
2026-03-09T15:41:30.773Z CLI info [debug-utility]   Connectivity check completed for URL without Proxy: https://upload-observability.browserstack.com
2026-03-09T15:41:30.773Z CLI info [debug-utility]   -------------------------------------------------
2026-03-09T15:41:30.773Z CLI info [debug-utility]   Host: collector-observability.browserstack.com
2026-03-09T15:41:30.774Z CLI info [debug-utility]   Checking connectivity to: https://collector-observability.browserstack.com without Proxy
2026-03-09T15:41:30.880Z CLI info [debug-utility]   Connectivity check completed for URL without Proxy: https://collector-observability.browserstack.com
2026-03-09T15:41:30.880Z CLI info [debug-utility]   -------------------------------------------------
2026-03-09T15:41:30.880Z CLI info [debug-utility]   Host: eds.browserstack.com
2026-03-09T15:41:30.880Z CLI info [debug-utility]   Checking connectivity to: https://eds.browserstack.com without Proxy
2026-03-09T15:41:31.001Z CLI info [debug-utility]   Connectivity check completed for URL without Proxy: https://eds.browserstack.com
2026-03-09T15:41:31.001Z CLI info [debug-utility]   -------------------------------------------------
2026-03-09T15:41:31.001Z CLI info [debug-utility]   Host: sdk.browserstack.com
2026-03-09T15:41:31.001Z CLI info [debug-utility]   Checking connectivity to: https://sdk.browserstack.com without Proxy
2026-03-09T15:41:31.115Z CLI info [debug-utility]   Connectivity check completed for URL without Proxy: https://sdk.browserstack.com
2026-03-09T15:41:31.115Z CLI info [debug-utility]   
Connectivity check results summary:
2026-03-09T15:41:31.115Z CLI info [debug-utility]   All connectivity checks passed
2026-03-09T15:41:31.115Z CLI info [debug-utility]   

========================browserstack.yml checks========================
2026-03-09T15:41:31.115Z CLI info [debug-utility]   Validating browserstack.yml configuration
2026-03-09T15:41:31.116Z CLI info [debug-utility]   browserstack.yml configuration validation completed
2026-03-09T15:41:31.116Z CLI info [debug-utility]   

========================Project configuration checks========================
2026-03-09T15:41:32.376Z CLI info [debug-utility]   Detecting Node.js version used in the project
2026-03-09T15:41:32.524Z CLI info [debug-utility]   Node.js version detection failed
2026-03-09T15:41:32.524Z CLI error [debug-utility]          Error occurred while detecting Node.js version: Command failed: C:\Program Files\nodejs\node.exe -v
'C:\Program' is not recognized as an internal or external command,
operable program or batch file.

2026-03-09T15:41:32.524Z CLI info [debug-utility]   Verifying installation of BrowserStack SDK
2026-03-09T15:41:32.524Z CLI info [debug-utility]   BrowserStack SDK is installed
2026-03-09T15:41:32.524Z CLI info [debug-utility]          Detected BrowserStack SDK version: 1.50.1
2026-03-09T15:41:32.524Z CLI info [debug-utility]   Detecting frameworks used in the project
2026-03-09T15:41:32.525Z CLI info [debug-utility]   Framework detection completed
2026-03-09T15:41:32.525Z CLI info [debug-utility]          Detected frameworks with versions: {"@playwright/test":"1.58.2","@cucumber/cucumber":"11.3.0"}
2026-03-09T15:41:32.525Z CLI info [debug-utility]   

========================Version compatibility checks========================
2026-03-09T15:41:32.525Z CLI info [debug-utility]   Skipping version compatibility check due to incompatible setup detection.
2026-03-09T15:41:32.525Z CLI debug [debug-utility]   Sending data to EDS: {"event_type":"sdk_events","data":{"testhub_uuid":"","created_day":"2026-03-09T15:41:32.525 UTC","event_name":"SDK_DEBUG_UTILITY_REPORT","user_data":"kjavedirfan_eZBoq7","host_info":"{\"hostname\":\"pe2vdfqaper-018\",\"platform\":\"win32\",\"type\":\"Windows_NT\",\"version\":\"Windows 10 Enterprise\",\"arch\":\"x64\"}","event_json":{"cliArgs":"C:\\Users\\KSuvarna\\.browserstack\\cli\\binary-win-x64.exe C:\\snapshot\\browserstack-binary\\cli\\dist\\index.js sdk","cliVersion":"1.24.3","results":{"system_check":{"metadata":{},"status":true,"messages":[]},"parse_yml":{"metadata":{},"status":true,"messages":[]},"connectivity_check":{"metadata":{"proxySettings":""},"status":true,"messages":[]},"validate_yml":{"metadata":{},"status":true,"messages":[]},"parse_project_config":{"metadata":{"configFilePath":"C:\\Users\\KSuvarna\\Desktop\\follet-test-steps\\package.json"},"status":false,"messages":["Error occurred while detecting Node.js version: Command failed: C:\\Program Files\\nodejs\\node.exe -v\n'C:\\Program' is not recognized as an internal or external command,\r\noperable program or batch file.\r\n"]},"version_compatibility":{"metadata":{},"status":false,"messages":["skipped"]}},"projectDirectory":"C:\\Users\\KSuvarna\\Desktop\\follet-test-steps","bstackconfigFilePath":"C:\\Users\\KSuvarna\\Desktop\\follet-test-steps\\browserstack.yml","projectConfigFilePath":null,"userProxyConfig":null,"sdkVersion":"1.50.1","language":"node","languageVersion":null,"frameworks":{"@playwright/test":"1.58.2","@cucumber/cucumber":"11.3.0"}}}}
2026-03-09T15:41:32.577Z CLI debug [debug-utility]   Data sent successfully to https://eds.browserstack.com with response 200
2026-03-10T02:56:05.664Z CLI info [debug-utility]   Starting debug utility in non-interactive mode with options: {"projectDirectory":"C:\\Users\\KSuvarna\\Desktop\\follet-test-steps","language":"node","username":"kjavedirfan_eZBoq7","key":"wMYFrmsNHB7QEs1RBFu8","bstackconfigFilePath":"C:\\Users\\KSuvarna\\Desktop\\follet-test-steps\\browserstack.yml"}
2026-03-10T02:56:05.666Z CLI info [debug-utility]   ======================system permissions checks======================
2026-03-10T02:56:05.670Z CLI info [debug-utility]   Checking write permissions for directory: C:\Users\KSuvarna\Desktop\follet-test-steps
2026-03-10T02:56:05.670Z CLI info [debug-utility]   Write permissions check completed for directory: C:\Users\KSuvarna\Desktop\follet-test-steps
2026-03-10T02:56:05.670Z CLI info [debug-utility]   Checking write permissions for directory: C:\Users\KSuvarna\.browserstack
2026-03-10T02:56:05.671Z CLI info [debug-utility]   Write permissions check completed for directory: C:\Users\KSuvarna\.browserstack
2026-03-10T02:56:05.671Z CLI info [debug-utility]   

========================Detecting browserstack.yml========================
2026-03-10T02:56:05.674Z CLI info [debug-utility]   

========================connectivity checks========================
2026-03-10T02:56:05.674Z CLI info [debug-utility]   No proxy settings detected.
2026-03-10T02:56:05.674Z CLI info [debug-utility]   -------------------------------------------------
2026-03-10T02:56:05.674Z CLI info [debug-utility]   Host: api.browserstack.com
2026-03-10T02:56:05.674Z CLI info [debug-utility]   Checking connectivity to: https://api.browserstack.com/robots.txt without Proxy
2026-03-10T02:56:05.874Z CLI info [debug-utility]   Connectivity check completed for URL without Proxy: https://api.browserstack.com/robots.txt
2026-03-10T02:56:05.874Z CLI info [debug-utility]   -------------------------------------------------
2026-03-10T02:56:05.874Z CLI info [debug-utility]   Host: api-cloud.browserstack.com
2026-03-10T02:56:05.874Z CLI info [debug-utility]   Checking connectivity to: https://api-cloud.browserstack.com without Proxy
2026-03-10T02:56:06.164Z CLI info [debug-utility]   Connectivity check completed for URL without Proxy: https://api-cloud.browserstack.com
2026-03-10T02:56:06.164Z CLI info [debug-utility]   -------------------------------------------------
2026-03-10T02:56:06.164Z CLI info [debug-utility]   Host: www.browserstack.com
2026-03-10T02:56:06.164Z CLI info [debug-utility]   Checking connectivity to: https://www.browserstack.com/robots.txt without Proxy
2026-03-10T02:56:06.313Z CLI info [debug-utility]   Connectivity check completed for URL without Proxy: https://www.browserstack.com/robots.txt
2026-03-10T02:56:06.313Z CLI info [debug-utility]   -------------------------------------------------
2026-03-10T02:56:06.314Z CLI info [debug-utility]   Host: automate.browserstack.com
2026-03-10T02:56:06.314Z CLI info [debug-utility]   Checking connectivity to: https://automate.browserstack.com/robots.txt without Proxy
2026-03-10T02:56:06.507Z CLI info [debug-utility]   Connectivity check completed for URL without Proxy: https://automate.browserstack.com/robots.txt
2026-03-10T02:56:06.507Z CLI info [debug-utility]   -------------------------------------------------
2026-03-10T02:56:06.507Z CLI info [debug-utility]   Host: app-automate.browserstack.com
2026-03-10T02:56:06.507Z CLI info [debug-utility]   Checking connectivity to: https://app-automate.browserstack.com/robots.txt without Proxy
2026-03-10T02:56:06.680Z CLI info [debug-utility]   Connectivity check completed for URL without Proxy: https://app-automate.browserstack.com/robots.txt
2026-03-10T02:56:06.680Z CLI info [debug-utility]   -------------------------------------------------
2026-03-10T02:56:06.680Z CLI info [debug-utility]   Host: hub.browserstack.com
2026-03-10T02:56:06.680Z CLI info [debug-utility]   Checking connectivity to: https://hub.browserstack.com/wd/hub without Proxy
2026-03-10T02:56:06.729Z CLI info [debug-utility]   Connectivity check completed for URL without Proxy: https://hub.browserstack.com/wd/hub
2026-03-10T02:56:06.729Z CLI info [debug-utility]   -------------------------------------------------
2026-03-10T02:56:06.729Z CLI info [debug-utility]   Host: hub.browserstack.com
2026-03-10T02:56:06.729Z CLI info [debug-utility]   Checking connectivity to: http://hub.browserstack.com/wd/hub without Proxy
2026-03-10T02:56:06.757Z CLI info [debug-utility]   Connectivity check completed for URL without Proxy: http://hub.browserstack.com/wd/hub
2026-03-10T02:56:06.757Z CLI info [debug-utility]   -------------------------------------------------
2026-03-10T02:56:06.757Z CLI info [debug-utility]   Host: cdp.browserstack.com
2026-03-10T02:56:06.757Z CLI info [debug-utility]   Checking connectivity to: https://cdp.browserstack.com without Proxy
2026-03-10T02:56:06.878Z CLI info [debug-utility]   Connectivity check completed for URL without Proxy: https://cdp.browserstack.com
2026-03-10T02:56:06.878Z CLI info [debug-utility]   -------------------------------------------------
2026-03-10T02:56:06.878Z CLI info [debug-utility]   Host: upload-observability.browserstack.com
2026-03-10T02:56:06.879Z CLI info [debug-utility]   Checking connectivity to: https://upload-observability.browserstack.com without Proxy
2026-03-10T02:56:07.046Z CLI info [debug-utility]   Connectivity check completed for URL without Proxy: https://upload-observability.browserstack.com
2026-03-10T02:56:07.047Z CLI info [debug-utility]   -------------------------------------------------
2026-03-10T02:56:07.047Z CLI info [debug-utility]   Host: collector-observability.browserstack.com
2026-03-10T02:56:07.047Z CLI info [debug-utility]   Checking connectivity to: https://collector-observability.browserstack.com without Proxy
2026-03-10T02:56:07.169Z CLI info [debug-utility]   Connectivity check completed for URL without Proxy: https://collector-observability.browserstack.com
2026-03-10T02:56:07.169Z CLI info [debug-utility]   -------------------------------------------------
2026-03-10T02:56:07.169Z CLI info [debug-utility]   Host: eds.browserstack.com
2026-03-10T02:56:07.169Z CLI info [debug-utility]   Checking connectivity to: https://eds.browserstack.com without Proxy
2026-03-10T02:56:07.286Z CLI info [debug-utility]   Connectivity check completed for URL without Proxy: https://eds.browserstack.com
2026-03-10T02:56:07.286Z CLI info [debug-utility]   -------------------------------------------------
2026-03-10T02:56:07.286Z CLI info [debug-utility]   Host: sdk.browserstack.com
2026-03-10T02:56:07.286Z CLI info [debug-utility]   Checking connectivity to: https://sdk.browserstack.com without Proxy
2026-03-10T02:56:07.413Z CLI info [debug-utility]   Connectivity check completed for URL without Proxy: https://sdk.browserstack.com
2026-03-10T02:56:07.413Z CLI info [debug-utility]   
Connectivity check results summary:
2026-03-10T02:56:07.414Z CLI info [debug-utility]   All connectivity checks passed
2026-03-10T02:56:07.414Z CLI info [debug-utility]   

========================browserstack.yml checks========================
2026-03-10T02:56:07.414Z CLI info [debug-utility]   Validating browserstack.yml configuration
2026-03-10T02:56:07.414Z CLI info [debug-utility]   browserstack.yml configuration validation completed
2026-03-10T02:56:07.414Z CLI info [debug-utility]   

========================Project configuration checks========================
2026-03-10T02:56:09.336Z CLI info [debug-utility]   Detecting Node.js version used in the project
2026-03-10T02:56:09.547Z CLI info [debug-utility]   Node.js version detection failed
2026-03-10T02:56:09.547Z CLI error [debug-utility]          Error occurred while detecting Node.js version: Command failed: C:\Program Files\nodejs\node.exe -v
'C:\Program' is not recognized as an internal or external command,
operable program or batch file.

2026-03-10T02:56:09.547Z CLI info [debug-utility]   Verifying installation of BrowserStack SDK
2026-03-10T02:56:09.547Z CLI info [debug-utility]   BrowserStack SDK is installed
2026-03-10T02:56:09.547Z CLI info [debug-utility]          Detected BrowserStack SDK version: 1.50.1
2026-03-10T02:56:09.547Z CLI info [debug-utility]   Detecting frameworks used in the project
2026-03-10T02:56:09.547Z CLI info [debug-utility]   Framework detection completed
2026-03-10T02:56:09.547Z CLI info [debug-utility]          Detected frameworks with versions: {"@playwright/test":"1.58.2","@cucumber/cucumber":"11.3.0"}
2026-03-10T02:56:09.548Z CLI info [debug-utility]   

========================Version compatibility checks========================
2026-03-10T02:56:09.548Z CLI info [debug-utility]   Skipping version compatibility check due to incompatible setup detection.
2026-03-10T02:56:09.549Z CLI debug [debug-utility]   Sending data to EDS: {"event_type":"sdk_events","data":{"testhub_uuid":"","created_day":"2026-03-10T02:56:09.548 UTC","event_name":"SDK_DEBUG_UTILITY_REPORT","user_data":"kjavedirfan_eZBoq7","host_info":"{\"hostname\":\"pe2vdfqaper-018\",\"platform\":\"win32\",\"type\":\"Windows_NT\",\"version\":\"Windows 10 Enterprise\",\"arch\":\"x64\"}","event_json":{"cliArgs":"C:\\Users\\KSuvarna\\.browserstack\\cli\\binary-win-x64.exe C:\\snapshot\\browserstack-binary\\cli\\dist\\index.js sdk","cliVersion":"1.24.3","results":{"system_check":{"metadata":{},"status":true,"messages":[]},"parse_yml":{"metadata":{},"status":true,"messages":[]},"connectivity_check":{"metadata":{"proxySettings":""},"status":true,"messages":[]},"validate_yml":{"metadata":{},"status":true,"messages":[]},"parse_project_config":{"metadata":{"configFilePath":"C:\\Users\\KSuvarna\\Desktop\\follet-test-steps\\package.json"},"status":false,"messages":["Error occurred while detecting Node.js version: Command failed: C:\\Program Files\\nodejs\\node.exe -v\n'C:\\Program' is not recognized as an internal or external command,\r\noperable program or batch file.\r\n"]},"version_compatibility":{"metadata":{},"status":false,"messages":["skipped"]}},"projectDirectory":"C:\\Users\\KSuvarna\\Desktop\\follet-test-steps","bstackconfigFilePath":"C:\\Users\\KSuvarna\\Desktop\\follet-test-steps\\browserstack.yml","projectConfigFilePath":null,"userProxyConfig":null,"sdkVersion":"1.50.1","language":"node","languageVersion":null,"frameworks":{"@playwright/test":"1.58.2","@cucumber/cucumber":"11.3.0"}}}}
2026-03-10T02:56:09.580Z CLI debug [debug-utility]   Data sent successfully to https://eds.browserstack.com with response 200
2026-03-10T03:12:56.759Z CLI info [debug-utility]   Starting debug utility in non-interactive mode with options: {"projectDirectory":"C:\\Users\\KSuvarna\\Desktop\\follet-test-steps","language":"node","username":"kjavedirfan_eZBoq7","key":"wMYFrmsNHB7QEs1RBFu8","bstackconfigFilePath":"C:\\Users\\KSuvarna\\Desktop\\follet-test-steps\\browserstack.yml"}
2026-03-10T03:12:56.760Z CLI info [debug-utility]   ======================system permissions checks======================
2026-03-10T03:12:56.762Z CLI info [debug-utility]   Checking write permissions for directory: C:\Users\KSuvarna\Desktop\follet-test-steps
2026-03-10T03:12:56.763Z CLI info [debug-utility]   Write permissions check completed for directory: C:\Users\KSuvarna\Desktop\follet-test-steps
2026-03-10T03:12:56.763Z CLI info [debug-utility]   Checking write permissions for directory: C:\Users\KSuvarna\.browserstack
2026-03-10T03:12:56.763Z CLI info [debug-utility]   Write permissions check completed for directory: C:\Users\KSuvarna\.browserstack
2026-03-10T03:12:56.764Z CLI info [debug-utility]   

========================Detecting browserstack.yml========================
2026-03-10T03:12:56.766Z CLI info [debug-utility]   

========================connectivity checks========================
2026-03-10T03:12:56.766Z CLI info [debug-utility]   No proxy settings detected.
2026-03-10T03:12:56.767Z CLI info [debug-utility]   -------------------------------------------------
2026-03-10T03:12:56.767Z CLI info [debug-utility]   Host: api.browserstack.com
2026-03-10T03:12:56.767Z CLI info [debug-utility]   Checking connectivity to: https://api.browserstack.com/robots.txt without Proxy
2026-03-10T03:12:56.881Z CLI info [debug-utility]   Connectivity check completed for URL without Proxy: https://api.browserstack.com/robots.txt
2026-03-10T03:12:56.882Z CLI info [debug-utility]   -------------------------------------------------
2026-03-10T03:12:56.882Z CLI info [debug-utility]   Host: api-cloud.browserstack.com
2026-03-10T03:12:56.882Z CLI info [debug-utility]   Checking connectivity to: https://api-cloud.browserstack.com without Proxy
2026-03-10T03:12:57.100Z CLI info [debug-utility]   Connectivity check completed for URL without Proxy: https://api-cloud.browserstack.com
2026-03-10T03:12:57.100Z CLI info [debug-utility]   -------------------------------------------------
2026-03-10T03:12:57.100Z CLI info [debug-utility]   Host: www.browserstack.com
2026-03-10T03:12:57.100Z CLI info [debug-utility]   Checking connectivity to: https://www.browserstack.com/robots.txt without Proxy
2026-03-10T03:12:57.274Z CLI info [debug-utility]   Connectivity check completed for URL without Proxy: https://www.browserstack.com/robots.txt
2026-03-10T03:12:57.274Z CLI info [debug-utility]   -------------------------------------------------
2026-03-10T03:12:57.274Z CLI info [debug-utility]   Host: automate.browserstack.com
2026-03-10T03:12:57.274Z CLI info [debug-utility]   Checking connectivity to: https://automate.browserstack.com/robots.txt without Proxy
2026-03-10T03:12:57.459Z CLI info [debug-utility]   Connectivity check completed for URL without Proxy: https://automate.browserstack.com/robots.txt
2026-03-10T03:12:57.459Z CLI info [debug-utility]   -------------------------------------------------
2026-03-10T03:12:57.459Z CLI info [debug-utility]   Host: app-automate.browserstack.com
2026-03-10T03:12:57.459Z CLI info [debug-utility]   Checking connectivity to: https://app-automate.browserstack.com/robots.txt without Proxy
2026-03-10T03:12:57.627Z CLI info [debug-utility]   Connectivity check completed for URL without Proxy: https://app-automate.browserstack.com/robots.txt
2026-03-10T03:12:57.627Z CLI info [debug-utility]   -------------------------------------------------
2026-03-10T03:12:57.627Z CLI info [debug-utility]   Host: hub.browserstack.com
2026-03-10T03:12:57.627Z CLI info [debug-utility]   Checking connectivity to: https://hub.browserstack.com/wd/hub without Proxy
2026-03-10T03:12:57.675Z CLI info [debug-utility]   Connectivity check completed for URL without Proxy: https://hub.browserstack.com/wd/hub
2026-03-10T03:12:57.675Z CLI info [debug-utility]   -------------------------------------------------
2026-03-10T03:12:57.675Z CLI info [debug-utility]   Host: hub.browserstack.com
2026-03-10T03:12:57.675Z CLI info [debug-utility]   Checking connectivity to: http://hub.browserstack.com/wd/hub without Proxy
2026-03-10T03:12:57.698Z CLI info [debug-utility]   Connectivity check completed for URL without Proxy: http://hub.browserstack.com/wd/hub
2026-03-10T03:12:57.698Z CLI info [debug-utility]   -------------------------------------------------
2026-03-10T03:12:57.698Z CLI info [debug-utility]   Host: cdp.browserstack.com
2026-03-10T03:12:57.699Z CLI info [debug-utility]   Checking connectivity to: https://cdp.browserstack.com without Proxy
2026-03-10T03:12:57.832Z CLI info [debug-utility]   Connectivity check completed for URL without Proxy: https://cdp.browserstack.com
2026-03-10T03:12:57.832Z CLI info [debug-utility]   -------------------------------------------------
2026-03-10T03:12:57.832Z CLI info [debug-utility]   Host: upload-observability.browserstack.com
2026-03-10T03:12:57.833Z CLI info [debug-utility]   Checking connectivity to: https://upload-observability.browserstack.com without Proxy
2026-03-10T03:12:57.942Z CLI info [debug-utility]   Connectivity check completed for URL without Proxy: https://upload-observability.browserstack.com
2026-03-10T03:12:57.942Z CLI info [debug-utility]   -------------------------------------------------
2026-03-10T03:12:57.942Z CLI info [debug-utility]   Host: collector-observability.browserstack.com
2026-03-10T03:12:57.942Z CLI info [debug-utility]   Checking connectivity to: https://collector-observability.browserstack.com without Proxy
2026-03-10T03:12:58.096Z CLI info [debug-utility]   Connectivity check completed for URL without Proxy: https://collector-observability.browserstack.com
2026-03-10T03:12:58.096Z CLI info [debug-utility]   -------------------------------------------------
2026-03-10T03:12:58.096Z CLI info [debug-utility]   Host: eds.browserstack.com
2026-03-10T03:12:58.096Z CLI info [debug-utility]   Checking connectivity to: https://eds.browserstack.com without Proxy
2026-03-10T03:12:58.203Z CLI info [debug-utility]   Connectivity check completed for URL without Proxy: https://eds.browserstack.com
2026-03-10T03:12:58.203Z CLI info [debug-utility]   -------------------------------------------------
2026-03-10T03:12:58.203Z CLI info [debug-utility]   Host: sdk.browserstack.com
2026-03-10T03:12:58.203Z CLI info [debug-utility]   Checking connectivity to: https://sdk.browserstack.com without Proxy
2026-03-10T03:12:58.351Z CLI info [debug-utility]   Connectivity check completed for URL without Proxy: https://sdk.browserstack.com
2026-03-10T03:12:58.352Z CLI info [debug-utility]   
Connectivity check results summary:
2026-03-10T03:12:58.352Z CLI info [debug-utility]   All connectivity checks passed
2026-03-10T03:12:58.352Z CLI info [debug-utility]   

========================browserstack.yml checks========================
2026-03-10T03:12:58.352Z CLI info [debug-utility]   Validating browserstack.yml configuration
2026-03-10T03:12:58.352Z CLI info [debug-utility]   browserstack.yml configuration validation completed
2026-03-10T03:12:58.352Z CLI info [debug-utility]   

========================Project configuration checks========================
2026-03-10T03:12:59.549Z CLI info [debug-utility]   Detecting Node.js version used in the project
2026-03-10T03:12:59.676Z CLI info [debug-utility]   Node.js version detection failed
2026-03-10T03:12:59.676Z CLI error [debug-utility]          Error occurred while detecting Node.js version: Command failed: C:\Program Files\nodejs\node.exe -v
'C:\Program' is not recognized as an internal or external command,
operable program or batch file.

2026-03-10T03:12:59.676Z CLI info [debug-utility]   Verifying installation of BrowserStack SDK
2026-03-10T03:12:59.676Z CLI info [debug-utility]   BrowserStack SDK is installed
2026-03-10T03:12:59.677Z CLI info [debug-utility]          Detected BrowserStack SDK version: 1.50.1
2026-03-10T03:12:59.677Z CLI info [debug-utility]   Detecting frameworks used in the project
2026-03-10T03:12:59.677Z CLI info [debug-utility]   Framework detection completed
2026-03-10T03:12:59.677Z CLI info [debug-utility]          Detected frameworks with versions: {"@playwright/test":"1.58.2","@cucumber/cucumber":"11.3.0"}
2026-03-10T03:12:59.677Z CLI info [debug-utility]   

========================Version compatibility checks========================
2026-03-10T03:12:59.677Z CLI info [debug-utility]   Skipping version compatibility check due to incompatible setup detection.
2026-03-10T03:12:59.677Z CLI debug [debug-utility]   Sending data to EDS: {"event_type":"sdk_events","data":{"testhub_uuid":"","created_day":"2026-03-10T03:12:59.677 UTC","event_name":"SDK_DEBUG_UTILITY_REPORT","user_data":"kjavedirfan_eZBoq7","host_info":"{\"hostname\":\"pe2vdfqaper-018\",\"platform\":\"win32\",\"type\":\"Windows_NT\",\"version\":\"Windows 10 Enterprise\",\"arch\":\"x64\"}","event_json":{"cliArgs":"C:\\Users\\KSuvarna\\.browserstack\\cli\\binary-win-x64.exe C:\\snapshot\\browserstack-binary\\cli\\dist\\index.js sdk","cliVersion":"1.24.3","results":{"system_check":{"metadata":{},"status":true,"messages":[]},"parse_yml":{"metadata":{},"status":true,"messages":[]},"connectivity_check":{"metadata":{"proxySettings":""},"status":true,"messages":[]},"validate_yml":{"metadata":{},"status":true,"messages":[]},"parse_project_config":{"metadata":{"configFilePath":"C:\\Users\\KSuvarna\\Desktop\\follet-test-steps\\package.json"},"status":false,"messages":["Error occurred while detecting Node.js version: Command failed: C:\\Program Files\\nodejs\\node.exe -v\n'C:\\Program' is not recognized as an internal or external command,\r\noperable program or batch file.\r\n"]},"version_compatibility":{"metadata":{},"status":false,"messages":["skipped"]}},"projectDirectory":"C:\\Users\\KSuvarna\\Desktop\\follet-test-steps","bstackconfigFilePath":"C:\\Users\\KSuvarna\\Desktop\\follet-test-steps\\browserstack.yml","projectConfigFilePath":null,"userProxyConfig":null,"sdkVersion":"1.50.1","language":"node","languageVersion":null,"frameworks":{"@playwright/test":"1.58.2","@cucumber/cucumber":"11.3.0"}}}}
2026-03-10T03:12:59.708Z CLI debug [debug-utility]   Data sent successfully to https://eds.browserstack.com with response 200
2026-03-10T03:14:30.162Z CLI info [debug-utility]   Starting debug utility in non-interactive mode with options: {"projectDirectory":"C:\\Users\\KSuvarna\\Desktop\\follet-test-steps","language":"node","username":"kjavedirfan_eZBoq7","key":"wMYFrmsNHB7QEs1RBFu8","bstackconfigFilePath":"C:\\Users\\KSuvarna\\Desktop\\follet-test-steps\\browserstack.yml"}
2026-03-10T03:14:30.162Z CLI info [debug-utility]   ======================system permissions checks======================
2026-03-10T03:14:30.165Z CLI info [debug-utility]   Checking write permissions for directory: C:\Users\KSuvarna\Desktop\follet-test-steps
2026-03-10T03:14:30.165Z CLI info [debug-utility]   Write permissions check completed for directory: C:\Users\KSuvarna\Desktop\follet-test-steps
2026-03-10T03:14:30.165Z CLI info [debug-utility]   Checking write permissions for directory: C:\Users\KSuvarna\.browserstack
2026-03-10T03:14:30.166Z CLI info [debug-utility]   Write permissions check completed for directory: C:\Users\KSuvarna\.browserstack
2026-03-10T03:14:30.166Z CLI info [debug-utility]   

========================Detecting browserstack.yml========================
2026-03-10T03:14:30.169Z CLI info [debug-utility]   

========================connectivity checks========================
2026-03-10T03:14:30.169Z CLI info [debug-utility]   No proxy settings detected.
2026-03-10T03:14:30.169Z CLI info [debug-utility]   -------------------------------------------------
2026-03-10T03:14:30.169Z CLI info [debug-utility]   Host: api.browserstack.com
2026-03-10T03:14:30.169Z CLI info [debug-utility]   Checking connectivity to: https://api.browserstack.com/robots.txt without Proxy
2026-03-10T03:14:30.282Z CLI info [debug-utility]   Connectivity check completed for URL without Proxy: https://api.browserstack.com/robots.txt
2026-03-10T03:14:30.282Z CLI info [debug-utility]   -------------------------------------------------
2026-03-10T03:14:30.282Z CLI info [debug-utility]   Host: api-cloud.browserstack.com
2026-03-10T03:14:30.282Z CLI info [debug-utility]   Checking connectivity to: https://api-cloud.browserstack.com without Proxy
2026-03-10T03:14:30.600Z CLI info [debug-utility]   Connectivity check completed for URL without Proxy: https://api-cloud.browserstack.com
2026-03-10T03:14:30.600Z CLI info [debug-utility]   -------------------------------------------------
2026-03-10T03:14:30.600Z CLI info [debug-utility]   Host: www.browserstack.com
2026-03-10T03:14:30.600Z CLI info [debug-utility]   Checking connectivity to: https://www.browserstack.com/robots.txt without Proxy
2026-03-10T03:14:30.663Z CLI info [debug-utility]   Connectivity check completed for URL without Proxy: https://www.browserstack.com/robots.txt
2026-03-10T03:14:30.663Z CLI info [debug-utility]   -------------------------------------------------
2026-03-10T03:14:30.663Z CLI info [debug-utility]   Host: automate.browserstack.com
2026-03-10T03:14:30.663Z CLI info [debug-utility]   Checking connectivity to: https://automate.browserstack.com/robots.txt without Proxy
2026-03-10T03:14:30.796Z CLI info [debug-utility]   Connectivity check completed for URL without Proxy: https://automate.browserstack.com/robots.txt
2026-03-10T03:14:30.796Z CLI info [debug-utility]   -------------------------------------------------
2026-03-10T03:14:30.796Z CLI info [debug-utility]   Host: app-automate.browserstack.com
2026-03-10T03:14:30.796Z CLI info [debug-utility]   Checking connectivity to: https://app-automate.browserstack.com/robots.txt without Proxy
2026-03-10T03:14:30.937Z CLI info [debug-utility]   Connectivity check completed for URL without Proxy: https://app-automate.browserstack.com/robots.txt
2026-03-10T03:14:30.937Z CLI info [debug-utility]   -------------------------------------------------
2026-03-10T03:14:30.937Z CLI info [debug-utility]   Host: hub.browserstack.com
2026-03-10T03:14:30.937Z CLI info [debug-utility]   Checking connectivity to: https://hub.browserstack.com/wd/hub without Proxy
2026-03-10T03:14:30.981Z CLI info [debug-utility]   Connectivity check completed for URL without Proxy: https://hub.browserstack.com/wd/hub
2026-03-10T03:14:30.981Z CLI info [debug-utility]   -------------------------------------------------
2026-03-10T03:14:30.981Z CLI info [debug-utility]   Host: hub.browserstack.com
2026-03-10T03:14:30.981Z CLI info [debug-utility]   Checking connectivity to: http://hub.browserstack.com/wd/hub without Proxy
2026-03-10T03:14:31.016Z CLI info [debug-utility]   Connectivity check completed for URL without Proxy: http://hub.browserstack.com/wd/hub
2026-03-10T03:14:31.016Z CLI info [debug-utility]   -------------------------------------------------
2026-03-10T03:14:31.016Z CLI info [debug-utility]   Host: cdp.browserstack.com
2026-03-10T03:14:31.016Z CLI info [debug-utility]   Checking connectivity to: https://cdp.browserstack.com without Proxy
2026-03-10T03:14:31.095Z CLI info [debug-utility]   Connectivity check completed for URL without Proxy: https://cdp.browserstack.com
2026-03-10T03:14:31.096Z CLI info [debug-utility]   -------------------------------------------------
2026-03-10T03:14:31.096Z CLI info [debug-utility]   Host: upload-observability.browserstack.com
2026-03-10T03:14:31.096Z CLI info [debug-utility]   Checking connectivity to: https://upload-observability.browserstack.com without Proxy
2026-03-10T03:14:31.199Z CLI info [debug-utility]   Connectivity check completed for URL without Proxy: https://upload-observability.browserstack.com
2026-03-10T03:14:31.199Z CLI info [debug-utility]   -------------------------------------------------
2026-03-10T03:14:31.199Z CLI info [debug-utility]   Host: collector-observability.browserstack.com
2026-03-10T03:14:31.199Z CLI info [debug-utility]   Checking connectivity to: https://collector-observability.browserstack.com without Proxy
2026-03-10T03:14:31.273Z CLI info [debug-utility]   Connectivity check completed for URL without Proxy: https://collector-observability.browserstack.com
2026-03-10T03:14:31.273Z CLI info [debug-utility]   -------------------------------------------------
2026-03-10T03:14:31.273Z CLI info [debug-utility]   Host: eds.browserstack.com
2026-03-10T03:14:31.273Z CLI info [debug-utility]   Checking connectivity to: https://eds.browserstack.com without Proxy
2026-03-10T03:14:31.310Z CLI info [debug-utility]   Connectivity check completed for URL without Proxy: https://eds.browserstack.com
2026-03-10T03:14:31.310Z CLI info [debug-utility]   -------------------------------------------------
2026-03-10T03:14:31.310Z CLI info [debug-utility]   Host: sdk.browserstack.com
2026-03-10T03:14:31.310Z CLI info [debug-utility]   Checking connectivity to: https://sdk.browserstack.com without Proxy
2026-03-10T03:14:31.423Z CLI info [debug-utility]   Connectivity check completed for URL without Proxy: https://sdk.browserstack.com
2026-03-10T03:14:31.423Z CLI info [debug-utility]   
Connectivity check results summary:
2026-03-10T03:14:31.423Z CLI info [debug-utility]   All connectivity checks passed
2026-03-10T03:14:31.423Z CLI info [debug-utility]   

========================browserstack.yml checks========================
2026-03-10T03:14:31.424Z CLI info [debug-utility]   Validating browserstack.yml configuration
2026-03-10T03:14:31.424Z CLI info [debug-utility]   browserstack.yml configuration validation completed
2026-03-10T03:14:31.424Z CLI info [debug-utility]   

========================Project configuration checks========================
2026-03-10T03:14:32.582Z CLI info [debug-utility]   Detecting Node.js version used in the project
2026-03-10T03:14:32.728Z CLI info [debug-utility]   Node.js version detection failed
2026-03-10T03:14:32.728Z CLI error [debug-utility]          Error occurred while detecting Node.js version: Command failed: C:\Program Files\nodejs\node.exe -v
'C:\Program' is not recognized as an internal or external command,
operable program or batch file.

2026-03-10T03:14:32.728Z CLI info [debug-utility]   Verifying installation of BrowserStack SDK
2026-03-10T03:14:32.728Z CLI info [debug-utility]   BrowserStack SDK is installed
2026-03-10T03:14:32.729Z CLI info [debug-utility]          Detected BrowserStack SDK version: 1.50.1
2026-03-10T03:14:32.729Z CLI info [debug-utility]   Detecting frameworks used in the project
2026-03-10T03:14:32.729Z CLI info [debug-utility]   Framework detection completed
2026-03-10T03:14:32.729Z CLI info [debug-utility]          Detected frameworks with versions: {"@playwright/test":"1.58.2","@cucumber/cucumber":"11.3.0"}
2026-03-10T03:14:32.729Z CLI info [debug-utility]   

========================Version compatibility checks========================
2026-03-10T03:14:32.729Z CLI info [debug-utility]   Skipping version compatibility check due to incompatible setup detection.
2026-03-10T03:14:32.730Z CLI debug [debug-utility]   Sending data to EDS: {"event_type":"sdk_events","data":{"testhub_uuid":"","created_day":"2026-03-10T03:14:32.729 UTC","event_name":"SDK_DEBUG_UTILITY_REPORT","user_data":"kjavedirfan_eZBoq7","host_info":"{\"hostname\":\"pe2vdfqaper-018\",\"platform\":\"win32\",\"type\":\"Windows_NT\",\"version\":\"Windows 10 Enterprise\",\"arch\":\"x64\"}","event_json":{"cliArgs":"C:\\Users\\KSuvarna\\.browserstack\\cli\\binary-win-x64.exe C:\\snapshot\\browserstack-binary\\cli\\dist\\index.js sdk","cliVersion":"1.24.3","results":{"system_check":{"metadata":{},"status":true,"messages":[]},"parse_yml":{"metadata":{},"status":true,"messages":[]},"connectivity_check":{"metadata":{"proxySettings":""},"status":true,"messages":[]},"validate_yml":{"metadata":{},"status":true,"messages":[]},"parse_project_config":{"metadata":{"configFilePath":"C:\\Users\\KSuvarna\\Desktop\\follet-test-steps\\package.json"},"status":false,"messages":["Error occurred while detecting Node.js version: Command failed: C:\\Program Files\\nodejs\\node.exe -v\n'C:\\Program' is not recognized as an internal or external command,\r\noperable program or batch file.\r\n"]},"version_compatibility":{"metadata":{},"status":false,"messages":["skipped"]}},"projectDirectory":"C:\\Users\\KSuvarna\\Desktop\\follet-test-steps","bstackconfigFilePath":"C:\\Users\\KSuvarna\\Desktop\\follet-test-steps\\browserstack.yml","projectConfigFilePath":null,"userProxyConfig":null,"sdkVersion":"1.50.1","language":"node","languageVersion":null,"frameworks":{"@playwright/test":"1.58.2","@cucumber/cucumber":"11.3.0"}}}}
2026-03-10T03:14:32.761Z CLI debug [debug-utility]   Data sent successfully to https://eds.browserstack.com with response 200
2026-03-10T03:20:40.750Z CLI info [debug-utility]   Starting debug utility in non-interactive mode with options: {"projectDirectory":"C:\\Users\\KSuvarna\\Desktop\\follet-test-steps","language":"node","username":"kjavedirfan_eZBoq7","key":"wMYFrmsNHB7QEs1RBFu8","bstackconfigFilePath":"C:\\Users\\KSuvarna\\Desktop\\follet-test-steps\\browserstack.yml"}
2026-03-10T03:20:40.750Z CLI info [debug-utility]   ======================system permissions checks======================
2026-03-10T03:20:40.752Z CLI info [debug-utility]   Checking write permissions for directory: C:\Users\KSuvarna\Desktop\follet-test-steps
2026-03-10T03:20:40.752Z CLI info [debug-utility]   Write permissions check completed for directory: C:\Users\KSuvarna\Desktop\follet-test-steps
2026-03-10T03:20:40.753Z CLI info [debug-utility]   Checking write permissions for directory: C:\Users\KSuvarna\.browserstack
2026-03-10T03:20:40.753Z CLI info [debug-utility]   Write permissions check completed for directory: C:\Users\KSuvarna\.browserstack
2026-03-10T03:20:40.754Z CLI info [debug-utility]   

========================Detecting browserstack.yml========================
2026-03-10T03:20:40.757Z CLI info [debug-utility]   

========================connectivity checks========================
2026-03-10T03:20:40.757Z CLI info [debug-utility]   No proxy settings detected.
2026-03-10T03:20:40.757Z CLI info [debug-utility]   -------------------------------------------------
2026-03-10T03:20:40.757Z CLI info [debug-utility]   Host: api.browserstack.com
2026-03-10T03:20:40.757Z CLI info [debug-utility]   Checking connectivity to: https://api.browserstack.com/robots.txt without Proxy
2026-03-10T03:20:40.867Z CLI info [debug-utility]   Connectivity check completed for URL without Proxy: https://api.browserstack.com/robots.txt
2026-03-10T03:20:40.867Z CLI info [debug-utility]   -------------------------------------------------
2026-03-10T03:20:40.867Z CLI info [debug-utility]   Host: api-cloud.browserstack.com
2026-03-10T03:20:40.867Z CLI info [debug-utility]   Checking connectivity to: https://api-cloud.browserstack.com without Proxy
2026-03-10T03:20:41.076Z CLI info [debug-utility]   Connectivity check completed for URL without Proxy: https://api-cloud.browserstack.com
2026-03-10T03:20:41.076Z CLI info [debug-utility]   -------------------------------------------------
2026-03-10T03:20:41.076Z CLI info [debug-utility]   Host: www.browserstack.com
2026-03-10T03:20:41.076Z CLI info [debug-utility]   Checking connectivity to: https://www.browserstack.com/robots.txt without Proxy
2026-03-10T03:20:41.233Z CLI info [debug-utility]   Connectivity check completed for URL without Proxy: https://www.browserstack.com/robots.txt
2026-03-10T03:20:41.233Z CLI info [debug-utility]   -------------------------------------------------
2026-03-10T03:20:41.233Z CLI info [debug-utility]   Host: automate.browserstack.com
2026-03-10T03:20:41.233Z CLI info [debug-utility]   Checking connectivity to: https://automate.browserstack.com/robots.txt without Proxy
2026-03-10T03:20:41.388Z CLI info [debug-utility]   Connectivity check completed for URL without Proxy: https://automate.browserstack.com/robots.txt
2026-03-10T03:20:41.388Z CLI info [debug-utility]   -------------------------------------------------
2026-03-10T03:20:41.388Z CLI info [debug-utility]   Host: app-automate.browserstack.com
2026-03-10T03:20:41.388Z CLI info [debug-utility]   Checking connectivity to: https://app-automate.browserstack.com/robots.txt without Proxy
2026-03-10T03:20:41.533Z CLI info [debug-utility]   Connectivity check completed for URL without Proxy: https://app-automate.browserstack.com/robots.txt
2026-03-10T03:20:41.534Z CLI info [debug-utility]   -------------------------------------------------
2026-03-10T03:20:41.534Z CLI info [debug-utility]   Host: hub.browserstack.com
2026-03-10T03:20:41.534Z CLI info [debug-utility]   Checking connectivity to: https://hub.browserstack.com/wd/hub without Proxy
2026-03-10T03:20:41.579Z CLI info [debug-utility]   Connectivity check completed for URL without Proxy: https://hub.browserstack.com/wd/hub
2026-03-10T03:20:41.579Z CLI info [debug-utility]   -------------------------------------------------
2026-03-10T03:20:41.579Z CLI info [debug-utility]   Host: hub.browserstack.com
2026-03-10T03:20:41.579Z CLI info [debug-utility]   Checking connectivity to: http://hub.browserstack.com/wd/hub without Proxy
2026-03-10T03:20:41.613Z CLI info [debug-utility]   Connectivity check completed for URL without Proxy: http://hub.browserstack.com/wd/hub
2026-03-10T03:20:41.613Z CLI info [debug-utility]   -------------------------------------------------
2026-03-10T03:20:41.613Z CLI info [debug-utility]   Host: cdp.browserstack.com
2026-03-10T03:20:41.613Z CLI info [debug-utility]   Checking connectivity to: https://cdp.browserstack.com without Proxy
2026-03-10T03:20:41.732Z CLI info [debug-utility]   Connectivity check completed for URL without Proxy: https://cdp.browserstack.com
2026-03-10T03:20:41.732Z CLI info [debug-utility]   -------------------------------------------------
2026-03-10T03:20:41.732Z CLI info [debug-utility]   Host: upload-observability.browserstack.com
2026-03-10T03:20:41.732Z CLI info [debug-utility]   Checking connectivity to: https://upload-observability.browserstack.com without Proxy
2026-03-10T03:20:41.832Z CLI info [debug-utility]   Connectivity check completed for URL without Proxy: https://upload-observability.browserstack.com
2026-03-10T03:20:41.833Z CLI info [debug-utility]   -------------------------------------------------
2026-03-10T03:20:41.833Z CLI info [debug-utility]   Host: collector-observability.browserstack.com
2026-03-10T03:20:41.833Z CLI info [debug-utility]   Checking connectivity to: https://collector-observability.browserstack.com without Proxy
2026-03-10T03:20:41.923Z CLI info [debug-utility]   Connectivity check completed for URL without Proxy: https://collector-observability.browserstack.com
2026-03-10T03:20:41.923Z CLI info [debug-utility]   -------------------------------------------------
2026-03-10T03:20:41.923Z CLI info [debug-utility]   Host: eds.browserstack.com
2026-03-10T03:20:41.923Z CLI info [debug-utility]   Checking connectivity to: https://eds.browserstack.com without Proxy
2026-03-10T03:20:41.959Z CLI info [debug-utility]   Connectivity check completed for URL without Proxy: https://eds.browserstack.com
2026-03-10T03:20:41.959Z CLI info [debug-utility]   -------------------------------------------------
2026-03-10T03:20:41.959Z CLI info [debug-utility]   Host: sdk.browserstack.com
2026-03-10T03:20:41.959Z CLI info [debug-utility]   Checking connectivity to: https://sdk.browserstack.com without Proxy
2026-03-10T03:20:42.070Z CLI info [debug-utility]   Connectivity check completed for URL without Proxy: https://sdk.browserstack.com
2026-03-10T03:20:42.070Z CLI info [debug-utility]   
Connectivity check results summary:
2026-03-10T03:20:42.071Z CLI info [debug-utility]   All connectivity checks passed
2026-03-10T03:20:42.071Z CLI info [debug-utility]   

========================browserstack.yml checks========================
2026-03-10T03:20:42.071Z CLI info [debug-utility]   Validating browserstack.yml configuration
2026-03-10T03:20:42.071Z CLI info [debug-utility]   browserstack.yml configuration validation completed
2026-03-10T03:20:42.071Z CLI info [debug-utility]   

========================Project configuration checks========================
2026-03-10T03:20:43.370Z CLI info [debug-utility]   Detecting Node.js version used in the project
2026-03-10T03:20:43.546Z CLI info [debug-utility]   Node.js version detection failed
2026-03-10T03:20:43.547Z CLI error [debug-utility]          Error occurred while detecting Node.js version: Command failed: C:\Program Files\nodejs\node.exe -v
'C:\Program' is not recognized as an internal or external command,
operable program or batch file.

2026-03-10T03:20:43.547Z CLI info [debug-utility]   Verifying installation of BrowserStack SDK
2026-03-10T03:20:43.547Z CLI info [debug-utility]   BrowserStack SDK is installed
2026-03-10T03:20:43.547Z CLI info [debug-utility]          Detected BrowserStack SDK version: 1.50.1
2026-03-10T03:20:43.547Z CLI info [debug-utility]   Detecting frameworks used in the project
2026-03-10T03:20:43.547Z CLI info [debug-utility]   Framework detection completed
2026-03-10T03:20:43.547Z CLI info [debug-utility]          Detected frameworks with versions: {"@playwright/test":"1.58.2","@cucumber/cucumber":"11.3.0"}
2026-03-10T03:20:43.547Z CLI info [debug-utility]   

========================Version compatibility checks========================
2026-03-10T03:20:43.547Z CLI info [debug-utility]   Skipping version compatibility check due to incompatible setup detection.
2026-03-10T03:20:43.548Z CLI debug [debug-utility]   Sending data to EDS: {"event_type":"sdk_events","data":{"testhub_uuid":"","created_day":"2026-03-10T03:20:43.548 UTC","event_name":"SDK_DEBUG_UTILITY_REPORT","user_data":"kjavedirfan_eZBoq7","host_info":"{\"hostname\":\"pe2vdfqaper-018\",\"platform\":\"win32\",\"type\":\"Windows_NT\",\"version\":\"Windows 10 Enterprise\",\"arch\":\"x64\"}","event_json":{"cliArgs":"C:\\Users\\KSuvarna\\.browserstack\\cli\\binary-win-x64.exe C:\\snapshot\\browserstack-binary\\cli\\dist\\index.js sdk","cliVersion":"1.24.3","results":{"system_check":{"metadata":{},"status":true,"messages":[]},"parse_yml":{"metadata":{},"status":true,"messages":[]},"connectivity_check":{"metadata":{"proxySettings":""},"status":true,"messages":[]},"validate_yml":{"metadata":{},"status":true,"messages":[]},"parse_project_config":{"metadata":{"configFilePath":"C:\\Users\\KSuvarna\\Desktop\\follet-test-steps\\package.json"},"status":false,"messages":["Error occurred while detecting Node.js version: Command failed: C:\\Program Files\\nodejs\\node.exe -v\n'C:\\Program' is not recognized as an internal or external command,\r\noperable program or batch file.\r\n"]},"version_compatibility":{"metadata":{},"status":false,"messages":["skipped"]}},"projectDirectory":"C:\\Users\\KSuvarna\\Desktop\\follet-test-steps","bstackconfigFilePath":"C:\\Users\\KSuvarna\\Desktop\\follet-test-steps\\browserstack.yml","projectConfigFilePath":null,"userProxyConfig":null,"sdkVersion":"1.50.1","language":"node","languageVersion":null,"frameworks":{"@playwright/test":"1.58.2","@cucumber/cucumber":"11.3.0"}}}}
2026-03-10T03:20:43.582Z CLI debug [debug-utility]   Data sent successfully to https://eds.browserstack.com with response 200
2026-03-10T04:57:27.923Z CLI info [debug-utility]   Starting debug utility in non-interactive mode with options: {"projectDirectory":"C:\\Users\\KSuvarna\\Desktop\\follet-test-steps","language":"node","username":"kjavedirfan_eZBoq7","key":"wMYFrmsNHB7QEs1RBFu8","bstackconfigFilePath":"C:\\Users\\KSuvarna\\Desktop\\follet-test-steps\\browserstack.yml"}
2026-03-10T04:57:27.923Z CLI info [debug-utility]   ======================system permissions checks======================
2026-03-10T04:57:27.926Z CLI info [debug-utility]   Checking write permissions for directory: C:\Users\KSuvarna\Desktop\follet-test-steps
2026-03-10T04:57:27.926Z CLI info [debug-utility]   Write permissions check completed for directory: C:\Users\KSuvarna\Desktop\follet-test-steps
2026-03-10T04:57:27.927Z CLI info [debug-utility]   Checking write permissions for directory: C:\Users\KSuvarna\.browserstack
2026-03-10T04:57:27.927Z CLI info [debug-utility]   Write permissions check completed for directory: C:\Users\KSuvarna\.browserstack
2026-03-10T04:57:27.927Z CLI info [debug-utility]   

========================Detecting browserstack.yml========================
2026-03-10T04:57:27.930Z CLI info [debug-utility]   

========================connectivity checks========================
2026-03-10T04:57:27.930Z CLI info [debug-utility]   No proxy settings detected.
2026-03-10T04:57:27.930Z CLI info [debug-utility]   -------------------------------------------------
2026-03-10T04:57:27.930Z CLI info [debug-utility]   Host: api.browserstack.com
2026-03-10T04:57:27.930Z CLI info [debug-utility]   Checking connectivity to: https://api.browserstack.com/robots.txt without Proxy
2026-03-10T04:57:28.050Z CLI info [debug-utility]   Connectivity check completed for URL without Proxy: https://api.browserstack.com/robots.txt
2026-03-10T04:57:28.050Z CLI info [debug-utility]   -------------------------------------------------
2026-03-10T04:57:28.050Z CLI info [debug-utility]   Host: api-cloud.browserstack.com
2026-03-10T04:57:28.050Z CLI info [debug-utility]   Checking connectivity to: https://api-cloud.browserstack.com without Proxy
2026-03-10T04:57:28.239Z CLI info [debug-utility]   Connectivity check completed for URL without Proxy: https://api-cloud.browserstack.com
2026-03-10T04:57:28.239Z CLI info [debug-utility]   -------------------------------------------------
2026-03-10T04:57:28.239Z CLI info [debug-utility]   Host: www.browserstack.com
2026-03-10T04:57:28.239Z CLI info [debug-utility]   Checking connectivity to: https://www.browserstack.com/robots.txt without Proxy
2026-03-10T04:57:28.390Z CLI info [debug-utility]   Connectivity check completed for URL without Proxy: https://www.browserstack.com/robots.txt
2026-03-10T04:57:28.390Z CLI info [debug-utility]   -------------------------------------------------
2026-03-10T04:57:28.390Z CLI info [debug-utility]   Host: automate.browserstack.com
2026-03-10T04:57:28.390Z CLI info [debug-utility]   Checking connectivity to: https://automate.browserstack.com/robots.txt without Proxy
2026-03-10T04:57:28.535Z CLI info [debug-utility]   Connectivity check completed for URL without Proxy: https://automate.browserstack.com/robots.txt
2026-03-10T04:57:28.535Z CLI info [debug-utility]   -------------------------------------------------
2026-03-10T04:57:28.535Z CLI info [debug-utility]   Host: app-automate.browserstack.com
2026-03-10T04:57:28.535Z CLI info [debug-utility]   Checking connectivity to: https://app-automate.browserstack.com/robots.txt without Proxy
2026-03-10T04:57:28.697Z CLI info [debug-utility]   Connectivity check completed for URL without Proxy: https://app-automate.browserstack.com/robots.txt
2026-03-10T04:57:28.697Z CLI info [debug-utility]   -------------------------------------------------
2026-03-10T04:57:28.697Z CLI info [debug-utility]   Host: hub.browserstack.com
2026-03-10T04:57:28.697Z CLI info [debug-utility]   Checking connectivity to: https://hub.browserstack.com/wd/hub without Proxy
2026-03-10T04:57:28.747Z CLI info [debug-utility]   Connectivity check completed for URL without Proxy: https://hub.browserstack.com/wd/hub
2026-03-10T04:57:28.747Z CLI info [debug-utility]   -------------------------------------------------
2026-03-10T04:57:28.747Z CLI info [debug-utility]   Host: hub.browserstack.com
2026-03-10T04:57:28.747Z CLI info [debug-utility]   Checking connectivity to: http://hub.browserstack.com/wd/hub without Proxy
2026-03-10T04:57:28.773Z CLI info [debug-utility]   Connectivity check completed for URL without Proxy: http://hub.browserstack.com/wd/hub
2026-03-10T04:57:28.773Z CLI info [debug-utility]   -------------------------------------------------
2026-03-10T04:57:28.773Z CLI info [debug-utility]   Host: cdp.browserstack.com
2026-03-10T04:57:28.773Z CLI info [debug-utility]   Checking connectivity to: https://cdp.browserstack.com without Proxy
2026-03-10T04:57:28.891Z CLI info [debug-utility]   Connectivity check completed for URL without Proxy: https://cdp.browserstack.com
2026-03-10T04:57:28.891Z CLI info [debug-utility]   -------------------------------------------------
2026-03-10T04:57:28.891Z CLI info [debug-utility]   Host: upload-observability.browserstack.com
2026-03-10T04:57:28.891Z CLI info [debug-utility]   Checking connectivity to: https://upload-observability.browserstack.com without Proxy
2026-03-10T04:57:28.992Z CLI info [debug-utility]   Connectivity check completed for URL without Proxy: https://upload-observability.browserstack.com
2026-03-10T04:57:28.992Z CLI info [debug-utility]   -------------------------------------------------
2026-03-10T04:57:28.992Z CLI info [debug-utility]   Host: collector-observability.browserstack.com
2026-03-10T04:57:28.992Z CLI info [debug-utility]   Checking connectivity to: https://collector-observability.browserstack.com without Proxy
2026-03-10T04:57:29.155Z CLI info [debug-utility]   Connectivity check completed for URL without Proxy: https://collector-observability.browserstack.com
2026-03-10T04:57:29.155Z CLI info [debug-utility]   -------------------------------------------------
2026-03-10T04:57:29.155Z CLI info [debug-utility]   Host: eds.browserstack.com
2026-03-10T04:57:29.155Z CLI info [debug-utility]   Checking connectivity to: https://eds.browserstack.com without Proxy
2026-03-10T04:57:29.264Z CLI info [debug-utility]   Connectivity check completed for URL without Proxy: https://eds.browserstack.com
2026-03-10T04:57:29.264Z CLI info [debug-utility]   -------------------------------------------------
2026-03-10T04:57:29.264Z CLI info [debug-utility]   Host: sdk.browserstack.com
2026-03-10T04:57:29.264Z CLI info [debug-utility]   Checking connectivity to: https://sdk.browserstack.com without Proxy
2026-03-10T04:57:29.391Z CLI info [debug-utility]   Connectivity check completed for URL without Proxy: https://sdk.browserstack.com
2026-03-10T04:57:29.391Z CLI info [debug-utility]   
Connectivity check results summary:
2026-03-10T04:57:29.392Z CLI info [debug-utility]   All connectivity checks passed
2026-03-10T04:57:29.392Z CLI info [debug-utility]   

========================browserstack.yml checks========================
2026-03-10T04:57:29.392Z CLI info [debug-utility]   Validating browserstack.yml configuration
2026-03-10T04:57:29.392Z CLI info [debug-utility]   browserstack.yml configuration validation completed
2026-03-10T04:57:29.392Z CLI info [debug-utility]   

========================Project configuration checks========================
2026-03-10T04:57:30.634Z CLI info [debug-utility]   Detecting Node.js version used in the project
2026-03-10T04:57:30.768Z CLI info [debug-utility]   Node.js version detection failed
2026-03-10T04:57:30.769Z CLI error [debug-utility]          Error occurred while detecting Node.js version: Command failed: C:\Program Files\nodejs\node.exe -v
'C:\Program' is not recognized as an internal or external command,
operable program or batch file.

2026-03-10T04:57:30.769Z CLI info [debug-utility]   Verifying installation of BrowserStack SDK
2026-03-10T04:57:30.769Z CLI info [debug-utility]   BrowserStack SDK is installed
2026-03-10T04:57:30.769Z CLI info [debug-utility]          Detected BrowserStack SDK version: 1.50.1
2026-03-10T04:57:30.769Z CLI info [debug-utility]   Detecting frameworks used in the project
2026-03-10T04:57:30.769Z CLI info [debug-utility]   Framework detection completed
2026-03-10T04:57:30.769Z CLI info [debug-utility]          Detected frameworks with versions: {"@playwright/test":"1.58.2","@cucumber/cucumber":"11.3.0"}
2026-03-10T04:57:30.769Z CLI info [debug-utility]   

========================Version compatibility checks========================
2026-03-10T04:57:30.769Z CLI info [debug-utility]   Skipping version compatibility check due to incompatible setup detection.
2026-03-10T04:57:30.770Z CLI debug [debug-utility]   Sending data to EDS: {"event_type":"sdk_events","data":{"testhub_uuid":"","created_day":"2026-03-10T04:57:30.769 UTC","event_name":"SDK_DEBUG_UTILITY_REPORT","user_data":"kjavedirfan_eZBoq7","host_info":"{\"hostname\":\"pe2vdfqaper-018\",\"platform\":\"win32\",\"type\":\"Windows_NT\",\"version\":\"Windows 10 Enterprise\",\"arch\":\"x64\"}","event_json":{"cliArgs":"C:\\Users\\KSuvarna\\.browserstack\\cli\\binary-win-x64.exe C:\\snapshot\\browserstack-binary\\cli\\dist\\index.js sdk","cliVersion":"1.24.3","results":{"system_check":{"metadata":{},"status":true,"messages":[]},"parse_yml":{"metadata":{},"status":true,"messages":[]},"connectivity_check":{"metadata":{"proxySettings":""},"status":true,"messages":[]},"validate_yml":{"metadata":{},"status":true,"messages":[]},"parse_project_config":{"metadata":{"configFilePath":"C:\\Users\\KSuvarna\\Desktop\\follet-test-steps\\package.json"},"status":false,"messages":["Error occurred while detecting Node.js version: Command failed: C:\\Program Files\\nodejs\\node.exe -v\n'C:\\Program' is not recognized as an internal or external command,\r\noperable program or batch file.\r\n"]},"version_compatibility":{"metadata":{},"status":false,"messages":["skipped"]}},"projectDirectory":"C:\\Users\\KSuvarna\\Desktop\\follet-test-steps","bstackconfigFilePath":"C:\\Users\\KSuvarna\\Desktop\\follet-test-steps\\browserstack.yml","projectConfigFilePath":null,"userProxyConfig":null,"sdkVersion":"1.50.1","language":"node","languageVersion":null,"frameworks":{"@playwright/test":"1.58.2","@cucumber/cucumber":"11.3.0"}}}}
2026-03-10T04:57:30.801Z CLI debug [debug-utility]   Data sent successfully to https://eds.browserstack.com with response 200
2026-03-10T05:22:32.323Z CLI info [debug-utility]   Starting debug utility in non-interactive mode with options: {"projectDirectory":"C:\\Users\\KSuvarna\\Desktop\\follet-test-steps","language":"node","username":"kjavedirfan_eZBoq7","key":"wMYFrmsNHB7QEs1RBFu8","bstackconfigFilePath":"C:\\Users\\KSuvarna\\Desktop\\follet-test-steps\\browserstack.yml"}
2026-03-10T05:22:32.323Z CLI info [debug-utility]   ======================system permissions checks======================
2026-03-10T05:22:32.325Z CLI info [debug-utility]   Checking write permissions for directory: C:\Users\KSuvarna\Desktop\follet-test-steps
2026-03-10T05:22:32.326Z CLI info [debug-utility]   Write permissions check completed for directory: C:\Users\KSuvarna\Desktop\follet-test-steps
2026-03-10T05:22:32.326Z CLI info [debug-utility]   Checking write permissions for directory: C:\Users\KSuvarna\.browserstack
2026-03-10T05:22:32.327Z CLI info [debug-utility]   Write permissions check completed for directory: C:\Users\KSuvarna\.browserstack
2026-03-10T05:22:32.327Z CLI info [debug-utility]   

========================Detecting browserstack.yml========================
2026-03-10T05:22:32.332Z CLI info [debug-utility]   

========================connectivity checks========================
2026-03-10T05:22:32.332Z CLI info [debug-utility]   No proxy settings detected.
2026-03-10T05:22:32.332Z CLI info [debug-utility]   -------------------------------------------------
2026-03-10T05:22:32.332Z CLI info [debug-utility]   Host: api.browserstack.com
2026-03-10T05:22:32.332Z CLI info [debug-utility]   Checking connectivity to: https://api.browserstack.com/robots.txt without Proxy
2026-03-10T05:22:32.474Z CLI info [debug-utility]   Connectivity check completed for URL without Proxy: https://api.browserstack.com/robots.txt
2026-03-10T05:22:32.474Z CLI info [debug-utility]   -------------------------------------------------
2026-03-10T05:22:32.474Z CLI info [debug-utility]   Host: api-cloud.browserstack.com
2026-03-10T05:22:32.474Z CLI info [debug-utility]   Checking connectivity to: https://api-cloud.browserstack.com without Proxy
2026-03-10T05:22:32.671Z CLI info [debug-utility]   Connectivity check completed for URL without Proxy: https://api-cloud.browserstack.com
2026-03-10T05:22:32.671Z CLI info [debug-utility]   -------------------------------------------------
2026-03-10T05:22:32.672Z CLI info [debug-utility]   Host: www.browserstack.com
2026-03-10T05:22:32.672Z CLI info [debug-utility]   Checking connectivity to: https://www.browserstack.com/robots.txt without Proxy
2026-03-10T05:22:32.795Z CLI info [debug-utility]   Connectivity check completed for URL without Proxy: https://www.browserstack.com/robots.txt
2026-03-10T05:22:32.795Z CLI info [debug-utility]   -------------------------------------------------
2026-03-10T05:22:32.796Z CLI info [debug-utility]   Host: automate.browserstack.com
2026-03-10T05:22:32.796Z CLI info [debug-utility]   Checking connectivity to: https://automate.browserstack.com/robots.txt without Proxy
2026-03-10T05:22:32.936Z CLI info [debug-utility]   Connectivity check completed for URL without Proxy: https://automate.browserstack.com/robots.txt
2026-03-10T05:22:32.936Z CLI info [debug-utility]   -------------------------------------------------
2026-03-10T05:22:32.936Z CLI info [debug-utility]   Host: app-automate.browserstack.com
2026-03-10T05:22:32.936Z CLI info [debug-utility]   Checking connectivity to: https://app-automate.browserstack.com/robots.txt without Proxy
2026-03-10T05:22:33.071Z CLI info [debug-utility]   Connectivity check completed for URL without Proxy: https://app-automate.browserstack.com/robots.txt
2026-03-10T05:22:33.071Z CLI info [debug-utility]   -------------------------------------------------
2026-03-10T05:22:33.071Z CLI info [debug-utility]   Host: hub.browserstack.com
2026-03-10T05:22:33.071Z CLI info [debug-utility]   Checking connectivity to: https://hub.browserstack.com/wd/hub without Proxy
2026-03-10T05:22:33.115Z CLI info [debug-utility]   Connectivity check completed for URL without Proxy: https://hub.browserstack.com/wd/hub
2026-03-10T05:22:33.115Z CLI info [debug-utility]   -------------------------------------------------
2026-03-10T05:22:33.115Z CLI info [debug-utility]   Host: hub.browserstack.com
2026-03-10T05:22:33.115Z CLI info [debug-utility]   Checking connectivity to: http://hub.browserstack.com/wd/hub without Proxy
2026-03-10T05:22:33.140Z CLI info [debug-utility]   Connectivity check completed for URL without Proxy: http://hub.browserstack.com/wd/hub
2026-03-10T05:22:33.140Z CLI info [debug-utility]   -------------------------------------------------
2026-03-10T05:22:33.140Z CLI info [debug-utility]   Host: cdp.browserstack.com
2026-03-10T05:22:33.141Z CLI info [debug-utility]   Checking connectivity to: https://cdp.browserstack.com without Proxy
2026-03-10T05:22:33.289Z CLI info [debug-utility]   Connectivity check completed for URL without Proxy: https://cdp.browserstack.com
2026-03-10T05:22:33.289Z CLI info [debug-utility]   -------------------------------------------------
2026-03-10T05:22:33.290Z CLI info [debug-utility]   Host: upload-observability.browserstack.com
2026-03-10T05:22:33.290Z CLI info [debug-utility]   Checking connectivity to: https://upload-observability.browserstack.com without Proxy
2026-03-10T05:22:33.403Z CLI info [debug-utility]   Connectivity check completed for URL without Proxy: https://upload-observability.browserstack.com
2026-03-10T05:22:33.403Z CLI info [debug-utility]   -------------------------------------------------
2026-03-10T05:22:33.403Z CLI info [debug-utility]   Host: collector-observability.browserstack.com
2026-03-10T05:22:33.403Z CLI info [debug-utility]   Checking connectivity to: https://collector-observability.browserstack.com without Proxy
2026-03-10T05:22:33.520Z CLI info [debug-utility]   Connectivity check completed for URL without Proxy: https://collector-observability.browserstack.com
2026-03-10T05:22:33.520Z CLI info [debug-utility]   -------------------------------------------------
2026-03-10T05:22:33.520Z CLI info [debug-utility]   Host: eds.browserstack.com
2026-03-10T05:22:33.520Z CLI info [debug-utility]   Checking connectivity to: https://eds.browserstack.com without Proxy
2026-03-10T05:22:33.631Z CLI info [debug-utility]   Connectivity check completed for URL without Proxy: https://eds.browserstack.com
2026-03-10T05:22:33.632Z CLI info [debug-utility]   -------------------------------------------------
2026-03-10T05:22:33.632Z CLI info [debug-utility]   Host: sdk.browserstack.com
2026-03-10T05:22:33.632Z CLI info [debug-utility]   Checking connectivity to: https://sdk.browserstack.com without Proxy
2026-03-10T05:22:33.751Z CLI info [debug-utility]   Connectivity check completed for URL without Proxy: https://sdk.browserstack.com
2026-03-10T05:22:33.751Z CLI info [debug-utility]   
Connectivity check results summary:
2026-03-10T05:22:33.751Z CLI info [debug-utility]   All connectivity checks passed
2026-03-10T05:22:33.751Z CLI info [debug-utility]   

========================browserstack.yml checks========================
2026-03-10T05:22:33.751Z CLI info [debug-utility]   Validating browserstack.yml configuration
2026-03-10T05:22:33.752Z CLI info [debug-utility]   browserstack.yml configuration validation completed
2026-03-10T05:22:33.752Z CLI info [debug-utility]   

========================Project configuration checks========================
2026-03-10T05:22:35.017Z CLI info [debug-utility]   Detecting Node.js version used in the project
2026-03-10T05:22:35.152Z CLI info [debug-utility]   Node.js version detection failed
2026-03-10T05:22:35.152Z CLI error [debug-utility]          Error occurred while detecting Node.js version: Command failed: C:\Program Files\nodejs\node.exe -v
'C:\Program' is not recognized as an internal or external command,
operable program or batch file.

2026-03-10T05:22:35.152Z CLI info [debug-utility]   Verifying installation of BrowserStack SDK
2026-03-10T05:22:35.152Z CLI info [debug-utility]   BrowserStack SDK is installed
2026-03-10T05:22:35.152Z CLI info [debug-utility]          Detected BrowserStack SDK version: 1.50.1
2026-03-10T05:22:35.152Z CLI info [debug-utility]   Detecting frameworks used in the project
2026-03-10T05:22:35.152Z CLI info [debug-utility]   Framework detection completed
2026-03-10T05:22:35.152Z CLI info [debug-utility]          Detected frameworks with versions: {"@playwright/test":"1.58.2","@cucumber/cucumber":"11.3.0"}
2026-03-10T05:22:35.152Z CLI info [debug-utility]   

========================Version compatibility checks========================
2026-03-10T05:22:35.152Z CLI info [debug-utility]   Skipping version compatibility check due to incompatible setup detection.
2026-03-10T05:22:35.153Z CLI debug [debug-utility]   Sending data to EDS: {"event_type":"sdk_events","data":{"testhub_uuid":"","created_day":"2026-03-10T05:22:35.152 UTC","event_name":"SDK_DEBUG_UTILITY_REPORT","user_data":"kjavedirfan_eZBoq7","host_info":"{\"hostname\":\"pe2vdfqaper-018\",\"platform\":\"win32\",\"type\":\"Windows_NT\",\"version\":\"Windows 10 Enterprise\",\"arch\":\"x64\"}","event_json":{"cliArgs":"C:\\Users\\KSuvarna\\.browserstack\\cli\\binary-win-x64.exe C:\\snapshot\\browserstack-binary\\cli\\dist\\index.js sdk","cliVersion":"1.24.3","results":{"system_check":{"metadata":{},"status":true,"messages":[]},"parse_yml":{"metadata":{},"status":true,"messages":[]},"connectivity_check":{"metadata":{"proxySettings":""},"status":true,"messages":[]},"validate_yml":{"metadata":{},"status":true,"messages":[]},"parse_project_config":{"metadata":{"configFilePath":"C:\\Users\\KSuvarna\\Desktop\\follet-test-steps\\package.json"},"status":false,"messages":["Error occurred while detecting Node.js version: Command failed: C:\\Program Files\\nodejs\\node.exe -v\n'C:\\Program' is not recognized as an internal or external command,\r\noperable program or batch file.\r\n"]},"version_compatibility":{"metadata":{},"status":false,"messages":["skipped"]}},"projectDirectory":"C:\\Users\\KSuvarna\\Desktop\\follet-test-steps","bstackconfigFilePath":"C:\\Users\\KSuvarna\\Desktop\\follet-test-steps\\browserstack.yml","projectConfigFilePath":null,"userProxyConfig":null,"sdkVersion":"1.50.1","language":"node","languageVersion":null,"frameworks":{"@playwright/test":"1.58.2","@cucumber/cucumber":"11.3.0"}}}}
2026-03-10T05:22:35.187Z CLI debug [debug-utility]   Data sent successfully to https://eds.browserstack.com with response 200
2026-03-10T05:36:32.619Z CLI info [debug-utility]   Starting debug utility in non-interactive mode with options: {"projectDirectory":"C:\\Users\\KSuvarna\\Desktop\\follet-test-steps","language":"node","username":"kjavedirfan_eZBoq7","key":"wMYFrmsNHB7QEs1RBFu8","bstackconfigFilePath":"C:\\Users\\KSuvarna\\Desktop\\follet-test-steps\\browserstack.yml"}
2026-03-10T05:36:32.619Z CLI info [debug-utility]   ======================system permissions checks======================
2026-03-10T05:36:32.622Z CLI info [debug-utility]   Checking write permissions for directory: C:\Users\KSuvarna\Desktop\follet-test-steps
2026-03-10T05:36:32.623Z CLI info [debug-utility]   Write permissions check completed for directory: C:\Users\KSuvarna\Desktop\follet-test-steps
2026-03-10T05:36:32.623Z CLI info [debug-utility]   Checking write permissions for directory: C:\Users\KSuvarna\.browserstack
2026-03-10T05:36:32.623Z CLI info [debug-utility]   Write permissions check completed for directory: C:\Users\KSuvarna\.browserstack
2026-03-10T05:36:32.624Z CLI info [debug-utility]   

========================Detecting browserstack.yml========================
2026-03-10T05:36:32.627Z CLI info [debug-utility]   

========================connectivity checks========================
2026-03-10T05:36:32.627Z CLI info [debug-utility]   No proxy settings detected.
2026-03-10T05:36:32.627Z CLI info [debug-utility]   -------------------------------------------------
2026-03-10T05:36:32.627Z CLI info [debug-utility]   Host: api.browserstack.com
2026-03-10T05:36:32.627Z CLI info [debug-utility]   Checking connectivity to: https://api.browserstack.com/robots.txt without Proxy
2026-03-10T05:36:32.735Z CLI info [debug-utility]   Connectivity check completed for URL without Proxy: https://api.browserstack.com/robots.txt
2026-03-10T05:36:32.735Z CLI info [debug-utility]   -------------------------------------------------
2026-03-10T05:36:32.736Z CLI info [debug-utility]   Host: api-cloud.browserstack.com
2026-03-10T05:36:32.736Z CLI info [debug-utility]   Checking connectivity to: https://api-cloud.browserstack.com without Proxy
2026-03-10T05:36:32.918Z CLI info [debug-utility]   Connectivity check completed for URL without Proxy: https://api-cloud.browserstack.com
2026-03-10T05:36:32.918Z CLI info [debug-utility]   -------------------------------------------------
2026-03-10T05:36:32.918Z CLI info [debug-utility]   Host: www.browserstack.com
2026-03-10T05:36:32.918Z CLI info [debug-utility]   Checking connectivity to: https://www.browserstack.com/robots.txt without Proxy
2026-03-10T05:36:33.062Z CLI info [debug-utility]   Connectivity check completed for URL without Proxy: https://www.browserstack.com/robots.txt
2026-03-10T05:36:33.062Z CLI info [debug-utility]   -------------------------------------------------
2026-03-10T05:36:33.062Z CLI info [debug-utility]   Host: automate.browserstack.com
2026-03-10T05:36:33.063Z CLI info [debug-utility]   Checking connectivity to: https://automate.browserstack.com/robots.txt without Proxy
2026-03-10T05:36:33.202Z CLI info [debug-utility]   Connectivity check completed for URL without Proxy: https://automate.browserstack.com/robots.txt
2026-03-10T05:36:33.203Z CLI info [debug-utility]   -------------------------------------------------
2026-03-10T05:36:33.203Z CLI info [debug-utility]   Host: app-automate.browserstack.com
2026-03-10T05:36:33.203Z CLI info [debug-utility]   Checking connectivity to: https://app-automate.browserstack.com/robots.txt without Proxy
2026-03-10T05:36:33.378Z CLI info [debug-utility]   Connectivity check completed for URL without Proxy: https://app-automate.browserstack.com/robots.txt
2026-03-10T05:36:33.378Z CLI info [debug-utility]   -------------------------------------------------
2026-03-10T05:36:33.378Z CLI info [debug-utility]   Host: hub.browserstack.com
2026-03-10T05:36:33.378Z CLI info [debug-utility]   Checking connectivity to: https://hub.browserstack.com/wd/hub without Proxy
2026-03-10T05:36:33.436Z CLI info [debug-utility]   Connectivity check completed for URL without Proxy: https://hub.browserstack.com/wd/hub
2026-03-10T05:36:33.436Z CLI info [debug-utility]   -------------------------------------------------
2026-03-10T05:36:33.436Z CLI info [debug-utility]   Host: hub.browserstack.com
2026-03-10T05:36:33.436Z CLI info [debug-utility]   Checking connectivity to: http://hub.browserstack.com/wd/hub without Proxy
2026-03-10T05:36:33.457Z CLI info [debug-utility]   Connectivity check completed for URL without Proxy: http://hub.browserstack.com/wd/hub
2026-03-10T05:36:33.458Z CLI info [debug-utility]   -------------------------------------------------
2026-03-10T05:36:33.458Z CLI info [debug-utility]   Host: cdp.browserstack.com
2026-03-10T05:36:33.458Z CLI info [debug-utility]   Checking connectivity to: https://cdp.browserstack.com without Proxy
2026-03-10T05:36:33.582Z CLI info [debug-utility]   Connectivity check completed for URL without Proxy: https://cdp.browserstack.com
2026-03-10T05:36:33.582Z CLI info [debug-utility]   -------------------------------------------------
2026-03-10T05:36:33.583Z CLI info [debug-utility]   Host: upload-observability.browserstack.com
2026-03-10T05:36:33.583Z CLI info [debug-utility]   Checking connectivity to: https://upload-observability.browserstack.com without Proxy
2026-03-10T05:36:33.703Z CLI info [debug-utility]   Connectivity check completed for URL without Proxy: https://upload-observability.browserstack.com
2026-03-10T05:36:33.703Z CLI info [debug-utility]   -------------------------------------------------
2026-03-10T05:36:33.703Z CLI info [debug-utility]   Host: collector-observability.browserstack.com
2026-03-10T05:36:33.703Z CLI info [debug-utility]   Checking connectivity to: https://collector-observability.browserstack.com without Proxy
2026-03-10T05:36:33.808Z CLI info [debug-utility]   Connectivity check completed for URL without Proxy: https://collector-observability.browserstack.com
2026-03-10T05:36:33.809Z CLI info [debug-utility]   -------------------------------------------------
2026-03-10T05:36:33.809Z CLI info [debug-utility]   Host: eds.browserstack.com
2026-03-10T05:36:33.809Z CLI info [debug-utility]   Checking connectivity to: https://eds.browserstack.com without Proxy
2026-03-10T05:36:33.919Z CLI info [debug-utility]   Connectivity check completed for URL without Proxy: https://eds.browserstack.com
2026-03-10T05:36:33.919Z CLI info [debug-utility]   -------------------------------------------------
2026-03-10T05:36:33.919Z CLI info [debug-utility]   Host: sdk.browserstack.com
2026-03-10T05:36:33.919Z CLI info [debug-utility]   Checking connectivity to: https://sdk.browserstack.com without Proxy
2026-03-10T05:36:34.054Z CLI info [debug-utility]   Connectivity check completed for URL without Proxy: https://sdk.browserstack.com
2026-03-10T05:36:34.055Z CLI info [debug-utility]   
Connectivity check results summary:
2026-03-10T05:36:34.055Z CLI info [debug-utility]   All connectivity checks passed
2026-03-10T05:36:34.055Z CLI info [debug-utility]   

========================browserstack.yml checks========================
2026-03-10T05:36:34.055Z CLI info [debug-utility]   Validating browserstack.yml configuration
2026-03-10T05:36:34.055Z CLI info [debug-utility]   browserstack.yml configuration validation completed
2026-03-10T05:36:34.056Z CLI info [debug-utility]   

========================Project configuration checks========================
2026-03-10T05:36:35.238Z CLI info [debug-utility]   Detecting Node.js version used in the project
2026-03-10T05:36:35.375Z CLI info [debug-utility]   Node.js version detection failed
2026-03-10T05:36:35.375Z CLI error [debug-utility]          Error occurred while detecting Node.js version: Command failed: C:\Program Files\nodejs\node.exe -v
'C:\Program' is not recognized as an internal or external command,
operable program or batch file.

2026-03-10T05:36:35.375Z CLI info [debug-utility]   Verifying installation of BrowserStack SDK
2026-03-10T05:36:35.375Z CLI info [debug-utility]   BrowserStack SDK is installed
2026-03-10T05:36:35.375Z CLI info [debug-utility]          Detected BrowserStack SDK version: 1.50.1
2026-03-10T05:36:35.375Z CLI info [debug-utility]   Detecting frameworks used in the project
2026-03-10T05:36:35.376Z CLI info [debug-utility]   Framework detection completed
2026-03-10T05:36:35.376Z CLI info [debug-utility]          Detected frameworks with versions: {"@playwright/test":"1.58.2","@cucumber/cucumber":"11.3.0"}
2026-03-10T05:36:35.376Z CLI info [debug-utility]   

========================Version compatibility checks========================
2026-03-10T05:36:35.376Z CLI info [debug-utility]   Skipping version compatibility check due to incompatible setup detection.
2026-03-10T05:36:35.376Z CLI debug [debug-utility]   Sending data to EDS: {"event_type":"sdk_events","data":{"testhub_uuid":"","created_day":"2026-03-10T05:36:35.376 UTC","event_name":"SDK_DEBUG_UTILITY_REPORT","user_data":"kjavedirfan_eZBoq7","host_info":"{\"hostname\":\"pe2vdfqaper-018\",\"platform\":\"win32\",\"type\":\"Windows_NT\",\"version\":\"Windows 10 Enterprise\",\"arch\":\"x64\"}","event_json":{"cliArgs":"C:\\Users\\KSuvarna\\.browserstack\\cli\\binary-win-x64.exe C:\\snapshot\\browserstack-binary\\cli\\dist\\index.js sdk","cliVersion":"1.24.3","results":{"system_check":{"metadata":{},"status":true,"messages":[]},"parse_yml":{"metadata":{},"status":true,"messages":[]},"connectivity_check":{"metadata":{"proxySettings":""},"status":true,"messages":[]},"validate_yml":{"metadata":{},"status":true,"messages":[]},"parse_project_config":{"metadata":{"configFilePath":"C:\\Users\\KSuvarna\\Desktop\\follet-test-steps\\package.json"},"status":false,"messages":["Error occurred while detecting Node.js version: Command failed: C:\\Program Files\\nodejs\\node.exe -v\n'C:\\Program' is not recognized as an internal or external command,\r\noperable program or batch file.\r\n"]},"version_compatibility":{"metadata":{},"status":false,"messages":["skipped"]}},"projectDirectory":"C:\\Users\\KSuvarna\\Desktop\\follet-test-steps","bstackconfigFilePath":"C:\\Users\\KSuvarna\\Desktop\\follet-test-steps\\browserstack.yml","projectConfigFilePath":null,"userProxyConfig":null,"sdkVersion":"1.50.1","language":"node","languageVersion":null,"frameworks":{"@playwright/test":"1.58.2","@cucumber/cucumber":"11.3.0"}}}}
2026-03-10T05:36:35.411Z CLI debug [debug-utility]   Data sent successfully to https://eds.browserstack.com with response 200
2026-03-10T05:37:51.902Z CLI info [debug-utility]   Starting debug utility in non-interactive mode with options: {"projectDirectory":"C:\\Users\\KSuvarna\\Desktop\\follet-test-steps","language":"node","username":"kjavedirfan_eZBoq7","key":"wMYFrmsNHB7QEs1RBFu8","bstackconfigFilePath":"C:\\Users\\KSuvarna\\Desktop\\follet-test-steps\\browserstack.yml"}
2026-03-10T05:37:51.902Z CLI info [debug-utility]   ======================system permissions checks======================
2026-03-10T05:37:51.904Z CLI info [debug-utility]   Checking write permissions for directory: C:\Users\KSuvarna\Desktop\follet-test-steps
2026-03-10T05:37:51.905Z CLI info [debug-utility]   Write permissions check completed for directory: C:\Users\KSuvarna\Desktop\follet-test-steps
2026-03-10T05:37:51.905Z CLI info [debug-utility]   Checking write permissions for directory: C:\Users\KSuvarna\.browserstack
2026-03-10T05:37:51.906Z CLI info [debug-utility]   Write permissions check completed for directory: C:\Users\KSuvarna\.browserstack
2026-03-10T05:37:51.906Z CLI info [debug-utility]   

========================Detecting browserstack.yml========================
2026-03-10T05:37:51.909Z CLI info [debug-utility]   

========================connectivity checks========================
2026-03-10T05:37:51.909Z CLI info [debug-utility]   No proxy settings detected.
2026-03-10T05:37:51.909Z CLI info [debug-utility]   -------------------------------------------------
2026-03-10T05:37:51.909Z CLI info [debug-utility]   Host: api.browserstack.com
2026-03-10T05:37:51.909Z CLI info [debug-utility]   Checking connectivity to: https://api.browserstack.com/robots.txt without Proxy
2026-03-10T05:37:52.000Z CLI info [debug-utility]   Connectivity check completed for URL without Proxy: https://api.browserstack.com/robots.txt
2026-03-10T05:37:52.001Z CLI info [debug-utility]   -------------------------------------------------
2026-03-10T05:37:52.001Z CLI info [debug-utility]   Host: api-cloud.browserstack.com
2026-03-10T05:37:52.001Z CLI info [debug-utility]   Checking connectivity to: https://api-cloud.browserstack.com without Proxy
2026-03-10T05:37:52.168Z CLI info [debug-utility]   Connectivity check completed for URL without Proxy: https://api-cloud.browserstack.com
2026-03-10T05:37:52.169Z CLI info [debug-utility]   -------------------------------------------------
2026-03-10T05:37:52.169Z CLI info [debug-utility]   Host: www.browserstack.com
2026-03-10T05:37:52.169Z CLI info [debug-utility]   Checking connectivity to: https://www.browserstack.com/robots.txt without Proxy
2026-03-10T05:37:52.220Z CLI info [debug-utility]   Connectivity check completed for URL without Proxy: https://www.browserstack.com/robots.txt
2026-03-10T05:37:52.220Z CLI info [debug-utility]   -------------------------------------------------
2026-03-10T05:37:52.221Z CLI info [debug-utility]   Host: automate.browserstack.com
2026-03-10T05:37:52.221Z CLI info [debug-utility]   Checking connectivity to: https://automate.browserstack.com/robots.txt without Proxy
2026-03-10T05:37:52.404Z CLI info [debug-utility]   Connectivity check completed for URL without Proxy: https://automate.browserstack.com/robots.txt
2026-03-10T05:37:52.404Z CLI info [debug-utility]   -------------------------------------------------
2026-03-10T05:37:52.404Z CLI info [debug-utility]   Host: app-automate.browserstack.com
2026-03-10T05:37:52.404Z CLI info [debug-utility]   Checking connectivity to: https://app-automate.browserstack.com/robots.txt without Proxy
2026-03-10T05:37:52.524Z CLI info [debug-utility]   Connectivity check completed for URL without Proxy: https://app-automate.browserstack.com/robots.txt
2026-03-10T05:37:52.524Z CLI info [debug-utility]   -------------------------------------------------
2026-03-10T05:37:52.524Z CLI info [debug-utility]   Host: hub.browserstack.com
2026-03-10T05:37:52.524Z CLI info [debug-utility]   Checking connectivity to: https://hub.browserstack.com/wd/hub without Proxy
2026-03-10T05:37:52.708Z CLI info [debug-utility]   Connectivity check completed for URL without Proxy: https://hub.browserstack.com/wd/hub
2026-03-10T05:37:52.708Z CLI info [debug-utility]   -------------------------------------------------
2026-03-10T05:37:52.708Z CLI info [debug-utility]   Host: hub.browserstack.com
2026-03-10T05:37:52.708Z CLI info [debug-utility]   Checking connectivity to: http://hub.browserstack.com/wd/hub without Proxy
2026-03-10T05:37:52.733Z CLI info [debug-utility]   Connectivity check completed for URL without Proxy: http://hub.browserstack.com/wd/hub
2026-03-10T05:37:52.733Z CLI info [debug-utility]   -------------------------------------------------
2026-03-10T05:37:52.733Z CLI info [debug-utility]   Host: cdp.browserstack.com
2026-03-10T05:37:52.733Z CLI info [debug-utility]   Checking connectivity to: https://cdp.browserstack.com without Proxy
2026-03-10T05:37:52.825Z CLI info [debug-utility]   Connectivity check completed for URL without Proxy: https://cdp.browserstack.com
2026-03-10T05:37:52.825Z CLI info [debug-utility]   -------------------------------------------------
2026-03-10T05:37:52.825Z CLI info [debug-utility]   Host: upload-observability.browserstack.com
2026-03-10T05:37:52.826Z CLI info [debug-utility]   Checking connectivity to: https://upload-observability.browserstack.com without Proxy
2026-03-10T05:37:52.931Z CLI info [debug-utility]   Connectivity check completed for URL without Proxy: https://upload-observability.browserstack.com
2026-03-10T05:37:52.932Z CLI info [debug-utility]   -------------------------------------------------
2026-03-10T05:37:52.932Z CLI info [debug-utility]   Host: collector-observability.browserstack.com
2026-03-10T05:37:52.932Z CLI info [debug-utility]   Checking connectivity to: https://collector-observability.browserstack.com without Proxy
2026-03-10T05:37:53.006Z CLI info [debug-utility]   Connectivity check completed for URL without Proxy: https://collector-observability.browserstack.com
2026-03-10T05:37:53.006Z CLI info [debug-utility]   -------------------------------------------------
2026-03-10T05:37:53.006Z CLI info [debug-utility]   Host: eds.browserstack.com
2026-03-10T05:37:53.006Z CLI info [debug-utility]   Checking connectivity to: https://eds.browserstack.com without Proxy
2026-03-10T05:37:53.043Z CLI info [debug-utility]   Connectivity check completed for URL without Proxy: https://eds.browserstack.com
2026-03-10T05:37:53.044Z CLI info [debug-utility]   -------------------------------------------------
2026-03-10T05:37:53.044Z CLI info [debug-utility]   Host: sdk.browserstack.com
2026-03-10T05:37:53.044Z CLI info [debug-utility]   Checking connectivity to: https://sdk.browserstack.com without Proxy
2026-03-10T05:37:53.185Z CLI info [debug-utility]   Connectivity check completed for URL without Proxy: https://sdk.browserstack.com
2026-03-10T05:37:53.186Z CLI info [debug-utility]   
Connectivity check results summary:
2026-03-10T05:37:53.186Z CLI info [debug-utility]   All connectivity checks passed
2026-03-10T05:37:53.186Z CLI info [debug-utility]   

========================browserstack.yml checks========================
2026-03-10T05:37:53.186Z CLI info [debug-utility]   Validating browserstack.yml configuration
2026-03-10T05:37:53.186Z CLI info [debug-utility]   browserstack.yml configuration validation completed
2026-03-10T05:37:53.186Z CLI info [debug-utility]   

========================Project configuration checks========================
2026-03-10T05:37:54.351Z CLI info [debug-utility]   Detecting Node.js version used in the project
2026-03-10T05:37:54.495Z CLI info [debug-utility]   Node.js version detection failed
2026-03-10T05:37:54.495Z CLI error [debug-utility]          Error occurred while detecting Node.js version: Command failed: C:\Program Files\nodejs\node.exe -v
'C:\Program' is not recognized as an internal or external command,
operable program or batch file.

2026-03-10T05:37:54.495Z CLI info [debug-utility]   Verifying installation of BrowserStack SDK
2026-03-10T05:37:54.496Z CLI info [debug-utility]   BrowserStack SDK is installed
2026-03-10T05:37:54.496Z CLI info [debug-utility]          Detected BrowserStack SDK version: 1.50.1
2026-03-10T05:37:54.496Z CLI info [debug-utility]   Detecting frameworks used in the project
2026-03-10T05:37:54.496Z CLI info [debug-utility]   Framework detection completed
2026-03-10T05:37:54.496Z CLI info [debug-utility]          Detected frameworks with versions: {"@playwright/test":"1.58.2","@cucumber/cucumber":"11.3.0"}
2026-03-10T05:37:54.496Z CLI info [debug-utility]   

========================Version compatibility checks========================
2026-03-10T05:37:54.496Z CLI info [debug-utility]   Skipping version compatibility check due to incompatible setup detection.
2026-03-10T05:37:54.497Z CLI debug [debug-utility]   Sending data to EDS: {"event_type":"sdk_events","data":{"testhub_uuid":"","created_day":"2026-03-10T05:37:54.496 UTC","event_name":"SDK_DEBUG_UTILITY_REPORT","user_data":"kjavedirfan_eZBoq7","host_info":"{\"hostname\":\"pe2vdfqaper-018\",\"platform\":\"win32\",\"type\":\"Windows_NT\",\"version\":\"Windows 10 Enterprise\",\"arch\":\"x64\"}","event_json":{"cliArgs":"C:\\Users\\KSuvarna\\.browserstack\\cli\\binary-win-x64.exe C:\\snapshot\\browserstack-binary\\cli\\dist\\index.js sdk","cliVersion":"1.24.3","results":{"system_check":{"metadata":{},"status":true,"messages":[]},"parse_yml":{"metadata":{},"status":true,"messages":[]},"connectivity_check":{"metadata":{"proxySettings":""},"status":true,"messages":[]},"validate_yml":{"metadata":{},"status":true,"messages":[]},"parse_project_config":{"metadata":{"configFilePath":"C:\\Users\\KSuvarna\\Desktop\\follet-test-steps\\package.json"},"status":false,"messages":["Error occurred while detecting Node.js version: Command failed: C:\\Program Files\\nodejs\\node.exe -v\n'C:\\Program' is not recognized as an internal or external command,\r\noperable program or batch file.\r\n"]},"version_compatibility":{"metadata":{},"status":false,"messages":["skipped"]}},"projectDirectory":"C:\\Users\\KSuvarna\\Desktop\\follet-test-steps","bstackconfigFilePath":"C:\\Users\\KSuvarna\\Desktop\\follet-test-steps\\browserstack.yml","projectConfigFilePath":null,"userProxyConfig":null,"sdkVersion":"1.50.1","language":"node","languageVersion":null,"frameworks":{"@playwright/test":"1.58.2","@cucumber/cucumber":"11.3.0"}}}}
2026-03-10T05:37:54.530Z CLI debug [debug-utility]   Data sent successfully to https://eds.browserstack.com with response 200
2026-03-10T05:42:15.940Z CLI info [debug-utility]   Starting debug utility in non-interactive mode with options: {"projectDirectory":"C:\\Users\\KSuvarna\\Desktop\\follet-test-steps","language":"node","username":"kjavedirfan_eZBoq7","key":"wMYFrmsNHB7QEs1RBFu8","bstackconfigFilePath":"C:\\Users\\KSuvarna\\Desktop\\follet-test-steps\\browserstack.yml"}
2026-03-10T05:42:15.940Z CLI info [debug-utility]   ======================system permissions checks======================
2026-03-10T05:42:15.943Z CLI info [debug-utility]   Checking write permissions for directory: C:\Users\KSuvarna\Desktop\follet-test-steps
2026-03-10T05:42:15.944Z CLI info [debug-utility]   Write permissions check completed for directory: C:\Users\KSuvarna\Desktop\follet-test-steps
2026-03-10T05:42:15.944Z CLI info [debug-utility]   Checking write permissions for directory: C:\Users\KSuvarna\.browserstack
2026-03-10T05:42:15.945Z CLI info [debug-utility]   Write permissions check completed for directory: C:\Users\KSuvarna\.browserstack
2026-03-10T05:42:15.945Z CLI info [debug-utility]   

========================Detecting browserstack.yml========================
2026-03-10T05:42:15.948Z CLI info [debug-utility]   

========================connectivity checks========================
2026-03-10T05:42:15.948Z CLI info [debug-utility]   No proxy settings detected.
2026-03-10T05:42:15.948Z CLI info [debug-utility]   -------------------------------------------------
2026-03-10T05:42:15.948Z CLI info [debug-utility]   Host: api.browserstack.com
2026-03-10T05:42:15.948Z CLI info [debug-utility]   Checking connectivity to: https://api.browserstack.com/robots.txt without Proxy
2026-03-10T05:42:16.062Z CLI info [debug-utility]   Connectivity check completed for URL without Proxy: https://api.browserstack.com/robots.txt
2026-03-10T05:42:16.062Z CLI info [debug-utility]   -------------------------------------------------
2026-03-10T05:42:16.062Z CLI info [debug-utility]   Host: api-cloud.browserstack.com
2026-03-10T05:42:16.062Z CLI info [debug-utility]   Checking connectivity to: https://api-cloud.browserstack.com without Proxy
2026-03-10T05:42:16.245Z CLI info [debug-utility]   Connectivity check completed for URL without Proxy: https://api-cloud.browserstack.com
2026-03-10T05:42:16.245Z CLI info [debug-utility]   -------------------------------------------------
2026-03-10T05:42:16.245Z CLI info [debug-utility]   Host: www.browserstack.com
2026-03-10T05:42:16.245Z CLI info [debug-utility]   Checking connectivity to: https://www.browserstack.com/robots.txt without Proxy
2026-03-10T05:42:16.400Z CLI info [debug-utility]   Connectivity check completed for URL without Proxy: https://www.browserstack.com/robots.txt
2026-03-10T05:42:16.400Z CLI info [debug-utility]   -------------------------------------------------
2026-03-10T05:42:16.400Z CLI info [debug-utility]   Host: automate.browserstack.com
2026-03-10T05:42:16.400Z CLI info [debug-utility]   Checking connectivity to: https://automate.browserstack.com/robots.txt without Proxy
2026-03-10T05:42:16.568Z CLI info [debug-utility]   Connectivity check completed for URL without Proxy: https://automate.browserstack.com/robots.txt
2026-03-10T05:42:16.568Z CLI info [debug-utility]   -------------------------------------------------
2026-03-10T05:42:16.569Z CLI info [debug-utility]   Host: app-automate.browserstack.com
2026-03-10T05:42:16.569Z CLI info [debug-utility]   Checking connectivity to: https://app-automate.browserstack.com/robots.txt without Proxy
2026-03-10T05:42:16.713Z CLI info [debug-utility]   Connectivity check completed for URL without Proxy: https://app-automate.browserstack.com/robots.txt
2026-03-10T05:42:16.713Z CLI info [debug-utility]   -------------------------------------------------
2026-03-10T05:42:16.713Z CLI info [debug-utility]   Host: hub.browserstack.com
2026-03-10T05:42:16.713Z CLI info [debug-utility]   Checking connectivity to: https://hub.browserstack.com/wd/hub without Proxy
2026-03-10T05:42:16.757Z CLI info [debug-utility]   Connectivity check completed for URL without Proxy: https://hub.browserstack.com/wd/hub
2026-03-10T05:42:16.758Z CLI info [debug-utility]   -------------------------------------------------
2026-03-10T05:42:16.758Z CLI info [debug-utility]   Host: hub.browserstack.com
2026-03-10T05:42:16.758Z CLI info [debug-utility]   Checking connectivity to: http://hub.browserstack.com/wd/hub without Proxy
2026-03-10T05:42:16.780Z CLI info [debug-utility]   Connectivity check completed for URL without Proxy: http://hub.browserstack.com/wd/hub
2026-03-10T05:42:16.780Z CLI info [debug-utility]   -------------------------------------------------
2026-03-10T05:42:16.780Z CLI info [debug-utility]   Host: cdp.browserstack.com
2026-03-10T05:42:16.780Z CLI info [debug-utility]   Checking connectivity to: https://cdp.browserstack.com without Proxy
2026-03-10T05:42:16.909Z CLI info [debug-utility]   Connectivity check completed for URL without Proxy: https://cdp.browserstack.com
2026-03-10T05:42:16.909Z CLI info [debug-utility]   -------------------------------------------------
2026-03-10T05:42:16.909Z CLI info [debug-utility]   Host: upload-observability.browserstack.com
2026-03-10T05:42:16.909Z CLI info [debug-utility]   Checking connectivity to: https://upload-observability.browserstack.com without Proxy
2026-03-10T05:42:17.022Z CLI info [debug-utility]   Connectivity check completed for URL without Proxy: https://upload-observability.browserstack.com
2026-03-10T05:42:17.022Z CLI info [debug-utility]   -------------------------------------------------
2026-03-10T05:42:17.022Z CLI info [debug-utility]   Host: collector-observability.browserstack.com
2026-03-10T05:42:17.022Z CLI info [debug-utility]   Checking connectivity to: https://collector-observability.browserstack.com without Proxy
2026-03-10T05:42:17.060Z CLI info [debug-utility]   Connectivity check completed for URL without Proxy: https://collector-observability.browserstack.com
2026-03-10T05:42:17.060Z CLI info [debug-utility]   -------------------------------------------------
2026-03-10T05:42:17.060Z CLI info [debug-utility]   Host: eds.browserstack.com
2026-03-10T05:42:17.060Z CLI info [debug-utility]   Checking connectivity to: https://eds.browserstack.com without Proxy
2026-03-10T05:42:17.094Z CLI info [debug-utility]   Connectivity check completed for URL without Proxy: https://eds.browserstack.com
2026-03-10T05:42:17.095Z CLI info [debug-utility]   -------------------------------------------------
2026-03-10T05:42:17.095Z CLI info [debug-utility]   Host: sdk.browserstack.com
2026-03-10T05:42:17.095Z CLI info [debug-utility]   Checking connectivity to: https://sdk.browserstack.com without Proxy
2026-03-10T05:42:17.230Z CLI info [debug-utility]   Connectivity check completed for URL without Proxy: https://sdk.browserstack.com
2026-03-10T05:42:17.230Z CLI info [debug-utility]   
Connectivity check results summary:
2026-03-10T05:42:17.230Z CLI info [debug-utility]   All connectivity checks passed
2026-03-10T05:42:17.230Z CLI info [debug-utility]   

========================browserstack.yml checks========================
2026-03-10T05:42:17.230Z CLI info [debug-utility]   Validating browserstack.yml configuration
2026-03-10T05:42:17.231Z CLI info [debug-utility]   browserstack.yml configuration validation completed
2026-03-10T05:42:17.231Z CLI info [debug-utility]   

========================Project configuration checks========================
2026-03-10T05:42:18.623Z CLI info [debug-utility]   Detecting Node.js version used in the project
2026-03-10T05:42:18.761Z CLI info [debug-utility]   Node.js version detection failed
2026-03-10T05:42:18.761Z CLI error [debug-utility]          Error occurred while detecting Node.js version: Command failed: C:\Program Files\nodejs\node.exe -v
'C:\Program' is not recognized as an internal or external command,
operable program or batch file.

2026-03-10T05:42:18.761Z CLI info [debug-utility]   Verifying installation of BrowserStack SDK
2026-03-10T05:42:18.761Z CLI info [debug-utility]   BrowserStack SDK is installed
2026-03-10T05:42:18.762Z CLI info [debug-utility]          Detected BrowserStack SDK version: 1.50.1
2026-03-10T05:42:18.762Z CLI info [debug-utility]   Detecting frameworks used in the project
2026-03-10T05:42:18.762Z CLI info [debug-utility]   Framework detection completed
2026-03-10T05:42:18.762Z CLI info [debug-utility]          Detected frameworks with versions: {"@playwright/test":"1.58.2","@cucumber/cucumber":"11.3.0"}
2026-03-10T05:42:18.762Z CLI info [debug-utility]   

========================Version compatibility checks========================
2026-03-10T05:42:18.762Z CLI info [debug-utility]   Skipping version compatibility check due to incompatible setup detection.
2026-03-10T05:42:18.762Z CLI debug [debug-utility]   Sending data to EDS: {"event_type":"sdk_events","data":{"testhub_uuid":"","created_day":"2026-03-10T05:42:18.762 UTC","event_name":"SDK_DEBUG_UTILITY_REPORT","user_data":"kjavedirfan_eZBoq7","host_info":"{\"hostname\":\"pe2vdfqaper-018\",\"platform\":\"win32\",\"type\":\"Windows_NT\",\"version\":\"Windows 10 Enterprise\",\"arch\":\"x64\"}","event_json":{"cliArgs":"C:\\Users\\KSuvarna\\.browserstack\\cli\\binary-win-x64.exe C:\\snapshot\\browserstack-binary\\cli\\dist\\index.js sdk","cliVersion":"1.24.3","results":{"system_check":{"metadata":{},"status":true,"messages":[]},"parse_yml":{"metadata":{},"status":true,"messages":[]},"connectivity_check":{"metadata":{"proxySettings":""},"status":true,"messages":[]},"validate_yml":{"metadata":{},"status":true,"messages":[]},"parse_project_config":{"metadata":{"configFilePath":"C:\\Users\\KSuvarna\\Desktop\\follet-test-steps\\package.json"},"status":false,"messages":["Error occurred while detecting Node.js version: Command failed: C:\\Program Files\\nodejs\\node.exe -v\n'C:\\Program' is not recognized as an internal or external command,\r\noperable program or batch file.\r\n"]},"version_compatibility":{"metadata":{},"status":false,"messages":["skipped"]}},"projectDirectory":"C:\\Users\\KSuvarna\\Desktop\\follet-test-steps","bstackconfigFilePath":"C:\\Users\\KSuvarna\\Desktop\\follet-test-steps\\browserstack.yml","projectConfigFilePath":null,"userProxyConfig":null,"sdkVersion":"1.50.1","language":"node","languageVersion":null,"frameworks":{"@playwright/test":"1.58.2","@cucumber/cucumber":"11.3.0"}}}}
2026-03-10T05:42:18.799Z CLI debug [debug-utility]   Data sent successfully to https://eds.browserstack.com with response 200
2026-03-10T05:47:02.918Z CLI info [debug-utility]   Starting debug utility in non-interactive mode with options: {"projectDirectory":"C:\\Users\\KSuvarna\\Desktop\\follet-test-steps","language":"node","username":"kjavedirfan_eZBoq7","key":"wMYFrmsNHB7QEs1RBFu8","bstackconfigFilePath":"C:\\Users\\KSuvarna\\Desktop\\follet-test-steps\\browserstack.yml"}
2026-03-10T05:47:02.919Z CLI info [debug-utility]   ======================system permissions checks======================
2026-03-10T05:47:02.921Z CLI info [debug-utility]   Checking write permissions for directory: C:\Users\KSuvarna\Desktop\follet-test-steps
2026-03-10T05:47:02.922Z CLI info [debug-utility]   Write permissions check completed for directory: C:\Users\KSuvarna\Desktop\follet-test-steps
2026-03-10T05:47:02.922Z CLI info [debug-utility]   Checking write permissions for directory: C:\Users\KSuvarna\.browserstack
2026-03-10T05:47:02.922Z CLI info [debug-utility]   Write permissions check completed for directory: C:\Users\KSuvarna\.browserstack
2026-03-10T05:47:02.923Z CLI info [debug-utility]   

========================Detecting browserstack.yml========================
2026-03-10T05:47:02.926Z CLI info [debug-utility]   

========================connectivity checks========================
2026-03-10T05:47:02.926Z CLI info [debug-utility]   No proxy settings detected.
2026-03-10T05:47:02.926Z CLI info [debug-utility]   -------------------------------------------------
2026-03-10T05:47:02.926Z CLI info [debug-utility]   Host: api.browserstack.com
2026-03-10T05:47:02.926Z CLI info [debug-utility]   Checking connectivity to: https://api.browserstack.com/robots.txt without Proxy
2026-03-10T05:47:03.020Z CLI info [debug-utility]   Connectivity check completed for URL without Proxy: https://api.browserstack.com/robots.txt
2026-03-10T05:47:03.020Z CLI info [debug-utility]   -------------------------------------------------
2026-03-10T05:47:03.020Z CLI info [debug-utility]   Host: api-cloud.browserstack.com
2026-03-10T05:47:03.020Z CLI info [debug-utility]   Checking connectivity to: https://api-cloud.browserstack.com without Proxy
2026-03-10T05:47:03.229Z CLI info [debug-utility]   Connectivity check completed for URL without Proxy: https://api-cloud.browserstack.com
2026-03-10T05:47:03.229Z CLI info [debug-utility]   -------------------------------------------------
2026-03-10T05:47:03.229Z CLI info [debug-utility]   Host: www.browserstack.com
2026-03-10T05:47:03.229Z CLI info [debug-utility]   Checking connectivity to: https://www.browserstack.com/robots.txt without Proxy
2026-03-10T05:47:03.348Z CLI info [debug-utility]   Connectivity check completed for URL without Proxy: https://www.browserstack.com/robots.txt
2026-03-10T05:47:03.348Z CLI info [debug-utility]   -------------------------------------------------
2026-03-10T05:47:03.348Z CLI info [debug-utility]   Host: automate.browserstack.com
2026-03-10T05:47:03.349Z CLI info [debug-utility]   Checking connectivity to: https://automate.browserstack.com/robots.txt without Proxy
2026-03-10T05:47:03.482Z CLI info [debug-utility]   Connectivity check completed for URL without Proxy: https://automate.browserstack.com/robots.txt
2026-03-10T05:47:03.483Z CLI info [debug-utility]   -------------------------------------------------
2026-03-10T05:47:03.483Z CLI info [debug-utility]   Host: app-automate.browserstack.com
2026-03-10T05:47:03.483Z CLI info [debug-utility]   Checking connectivity to: https://app-automate.browserstack.com/robots.txt without Proxy
2026-03-10T05:47:03.623Z CLI info [debug-utility]   Connectivity check completed for URL without Proxy: https://app-automate.browserstack.com/robots.txt
2026-03-10T05:47:03.623Z CLI info [debug-utility]   -------------------------------------------------
2026-03-10T05:47:03.624Z CLI info [debug-utility]   Host: hub.browserstack.com
2026-03-10T05:47:03.624Z CLI info [debug-utility]   Checking connectivity to: https://hub.browserstack.com/wd/hub without Proxy
2026-03-10T05:47:03.664Z CLI info [debug-utility]   Connectivity check completed for URL without Proxy: https://hub.browserstack.com/wd/hub
2026-03-10T05:47:03.665Z CLI info [debug-utility]   -------------------------------------------------
2026-03-10T05:47:03.665Z CLI info [debug-utility]   Host: hub.browserstack.com
2026-03-10T05:47:03.665Z CLI info [debug-utility]   Checking connectivity to: http://hub.browserstack.com/wd/hub without Proxy
2026-03-10T05:47:03.689Z CLI info [debug-utility]   Connectivity check completed for URL without Proxy: http://hub.browserstack.com/wd/hub
2026-03-10T05:47:03.689Z CLI info [debug-utility]   -------------------------------------------------
2026-03-10T05:47:03.689Z CLI info [debug-utility]   Host: cdp.browserstack.com
2026-03-10T05:47:03.689Z CLI info [debug-utility]   Checking connectivity to: https://cdp.browserstack.com without Proxy
2026-03-10T05:47:03.782Z CLI info [debug-utility]   Connectivity check completed for URL without Proxy: https://cdp.browserstack.com
2026-03-10T05:47:03.782Z CLI info [debug-utility]   -------------------------------------------------
2026-03-10T05:47:03.782Z CLI info [debug-utility]   Host: upload-observability.browserstack.com
2026-03-10T05:47:03.783Z CLI info [debug-utility]   Checking connectivity to: https://upload-observability.browserstack.com without Proxy
2026-03-10T05:47:03.900Z CLI info [debug-utility]   Connectivity check completed for URL without Proxy: https://upload-observability.browserstack.com
2026-03-10T05:47:03.900Z CLI info [debug-utility]   -------------------------------------------------
2026-03-10T05:47:03.900Z CLI info [debug-utility]   Host: collector-observability.browserstack.com
2026-03-10T05:47:03.900Z CLI info [debug-utility]   Checking connectivity to: https://collector-observability.browserstack.com without Proxy
2026-03-10T05:47:04.007Z CLI info [debug-utility]   Connectivity check completed for URL without Proxy: https://collector-observability.browserstack.com
2026-03-10T05:47:04.008Z CLI info [debug-utility]   -------------------------------------------------
2026-03-10T05:47:04.008Z CLI info [debug-utility]   Host: eds.browserstack.com
2026-03-10T05:47:04.008Z CLI info [debug-utility]   Checking connectivity to: https://eds.browserstack.com without Proxy
2026-03-10T05:47:04.133Z CLI info [debug-utility]   Connectivity check completed for URL without Proxy: https://eds.browserstack.com
2026-03-10T05:47:04.133Z CLI info [debug-utility]   -------------------------------------------------
2026-03-10T05:47:04.134Z CLI info [debug-utility]   Host: sdk.browserstack.com
2026-03-10T05:47:04.134Z CLI info [debug-utility]   Checking connectivity to: https://sdk.browserstack.com without Proxy
2026-03-10T05:47:04.277Z CLI info [debug-utility]   Connectivity check completed for URL without Proxy: https://sdk.browserstack.com
2026-03-10T05:47:04.277Z CLI info [debug-utility]   
Connectivity check results summary:
2026-03-10T05:47:04.277Z CLI info [debug-utility]   All connectivity checks passed
2026-03-10T05:47:04.277Z CLI info [debug-utility]   

========================browserstack.yml checks========================
2026-03-10T05:47:04.277Z CLI info [debug-utility]   Validating browserstack.yml configuration
2026-03-10T05:47:04.277Z CLI info [debug-utility]   browserstack.yml configuration validation completed
2026-03-10T05:47:04.278Z CLI info [debug-utility]   

========================Project configuration checks========================
2026-03-10T05:47:05.467Z CLI info [debug-utility]   Detecting Node.js version used in the project
2026-03-10T05:47:05.594Z CLI info [debug-utility]   Node.js version detection failed
2026-03-10T05:47:05.594Z CLI error [debug-utility]          Error occurred while detecting Node.js version: Command failed: C:\Program Files\nodejs\node.exe -v
'C:\Program' is not recognized as an internal or external command,
operable program or batch file.

2026-03-10T05:47:05.594Z CLI info [debug-utility]   Verifying installation of BrowserStack SDK
2026-03-10T05:47:05.594Z CLI info [debug-utility]   BrowserStack SDK is installed
2026-03-10T05:47:05.595Z CLI info [debug-utility]          Detected BrowserStack SDK version: 1.50.1
2026-03-10T05:47:05.595Z CLI info [debug-utility]   Detecting frameworks used in the project
2026-03-10T05:47:05.595Z CLI info [debug-utility]   Framework detection completed
2026-03-10T05:47:05.595Z CLI info [debug-utility]          Detected frameworks with versions: {"@playwright/test":"1.58.2","@cucumber/cucumber":"11.3.0"}
2026-03-10T05:47:05.595Z CLI info [debug-utility]   

========================Version compatibility checks========================
2026-03-10T05:47:05.595Z CLI info [debug-utility]   Skipping version compatibility check due to incompatible setup detection.
2026-03-10T05:47:05.596Z CLI debug [debug-utility]   Sending data to EDS: {"event_type":"sdk_events","data":{"testhub_uuid":"","created_day":"2026-03-10T05:47:05.595 UTC","event_name":"SDK_DEBUG_UTILITY_REPORT","user_data":"kjavedirfan_eZBoq7","host_info":"{\"hostname\":\"pe2vdfqaper-018\",\"platform\":\"win32\",\"type\":\"Windows_NT\",\"version\":\"Windows 10 Enterprise\",\"arch\":\"x64\"}","event_json":{"cliArgs":"C:\\Users\\KSuvarna\\.browserstack\\cli\\binary-win-x64.exe C:\\snapshot\\browserstack-binary\\cli\\dist\\index.js sdk","cliVersion":"1.24.3","results":{"system_check":{"metadata":{},"status":true,"messages":[]},"parse_yml":{"metadata":{},"status":true,"messages":[]},"connectivity_check":{"metadata":{"proxySettings":""},"status":true,"messages":[]},"validate_yml":{"metadata":{},"status":true,"messages":[]},"parse_project_config":{"metadata":{"configFilePath":"C:\\Users\\KSuvarna\\Desktop\\follet-test-steps\\package.json"},"status":false,"messages":["Error occurred while detecting Node.js version: Command failed: C:\\Program Files\\nodejs\\node.exe -v\n'C:\\Program' is not recognized as an internal or external command,\r\noperable program or batch file.\r\n"]},"version_compatibility":{"metadata":{},"status":false,"messages":["skipped"]}},"projectDirectory":"C:\\Users\\KSuvarna\\Desktop\\follet-test-steps","bstackconfigFilePath":"C:\\Users\\KSuvarna\\Desktop\\follet-test-steps\\browserstack.yml","projectConfigFilePath":null,"userProxyConfig":null,"sdkVersion":"1.50.1","language":"node","languageVersion":null,"frameworks":{"@playwright/test":"1.58.2","@cucumber/cucumber":"11.3.0"}}}}
2026-03-10T05:47:05.629Z CLI debug [debug-utility]   Data sent successfully to https://eds.browserstack.com with response 200
2026-03-10T05:49:39.862Z CLI info [debug-utility]   Starting debug utility in non-interactive mode with options: {"projectDirectory":"C:\\Users\\KSuvarna\\Desktop\\follet-test-steps","language":"node","username":"kjavedirfan_eZBoq7","key":"wMYFrmsNHB7QEs1RBFu8","bstackconfigFilePath":"C:\\Users\\KSuvarna\\Desktop\\follet-test-steps\\browserstack.yml"}
2026-03-10T05:49:39.863Z CLI info [debug-utility]   ======================system permissions checks======================
2026-03-10T05:49:39.865Z CLI info [debug-utility]   Checking write permissions for directory: C:\Users\KSuvarna\Desktop\follet-test-steps
2026-03-10T05:49:39.865Z CLI info [debug-utility]   Write permissions check completed for directory: C:\Users\KSuvarna\Desktop\follet-test-steps
2026-03-10T05:49:39.866Z CLI info [debug-utility]   Checking write permissions for directory: C:\Users\KSuvarna\.browserstack
2026-03-10T05:49:39.866Z CLI info [debug-utility]   Write permissions check completed for directory: C:\Users\KSuvarna\.browserstack
2026-03-10T05:49:39.866Z CLI info [debug-utility]   

========================Detecting browserstack.yml========================
2026-03-10T05:49:39.869Z CLI info [debug-utility]   

========================connectivity checks========================
2026-03-10T05:49:39.869Z CLI info [debug-utility]   No proxy settings detected.
2026-03-10T05:49:39.869Z CLI info [debug-utility]   -------------------------------------------------
2026-03-10T05:49:39.869Z CLI info [debug-utility]   Host: api.browserstack.com
2026-03-10T05:49:39.869Z CLI info [debug-utility]   Checking connectivity to: https://api.browserstack.com/robots.txt without Proxy
2026-03-10T05:49:39.996Z CLI info [debug-utility]   Connectivity check completed for URL without Proxy: https://api.browserstack.com/robots.txt
2026-03-10T05:49:39.997Z CLI info [debug-utility]   -------------------------------------------------
2026-03-10T05:49:39.997Z CLI info [debug-utility]   Host: api-cloud.browserstack.com
2026-03-10T05:49:39.997Z CLI info [debug-utility]   Checking connectivity to: https://api-cloud.browserstack.com without Proxy
2026-03-10T05:49:40.170Z CLI info [debug-utility]   Connectivity check completed for URL without Proxy: https://api-cloud.browserstack.com
2026-03-10T05:49:40.170Z CLI info [debug-utility]   -------------------------------------------------
2026-03-10T05:49:40.170Z CLI info [debug-utility]   Host: www.browserstack.com
2026-03-10T05:49:40.170Z CLI info [debug-utility]   Checking connectivity to: https://www.browserstack.com/robots.txt without Proxy
2026-03-10T05:49:40.322Z CLI info [debug-utility]   Connectivity check completed for URL without Proxy: https://www.browserstack.com/robots.txt
2026-03-10T05:49:40.322Z CLI info [debug-utility]   -------------------------------------------------
2026-03-10T05:49:40.322Z CLI info [debug-utility]   Host: automate.browserstack.com
2026-03-10T05:49:40.322Z CLI info [debug-utility]   Checking connectivity to: https://automate.browserstack.com/robots.txt without Proxy
2026-03-10T05:49:40.462Z CLI info [debug-utility]   Connectivity check completed for URL without Proxy: https://automate.browserstack.com/robots.txt
2026-03-10T05:49:40.462Z CLI info [debug-utility]   -------------------------------------------------
2026-03-10T05:49:40.462Z CLI info [debug-utility]   Host: app-automate.browserstack.com
2026-03-10T05:49:40.462Z CLI info [debug-utility]   Checking connectivity to: https://app-automate.browserstack.com/robots.txt without Proxy
2026-03-10T05:49:40.596Z CLI info [debug-utility]   Connectivity check completed for URL without Proxy: https://app-automate.browserstack.com/robots.txt
2026-03-10T05:49:40.596Z CLI info [debug-utility]   -------------------------------------------------
2026-03-10T05:49:40.596Z CLI info [debug-utility]   Host: hub.browserstack.com
2026-03-10T05:49:40.596Z CLI info [debug-utility]   Checking connectivity to: https://hub.browserstack.com/wd/hub without Proxy
2026-03-10T05:49:40.640Z CLI info [debug-utility]   Connectivity check completed for URL without Proxy: https://hub.browserstack.com/wd/hub
2026-03-10T05:49:40.640Z CLI info [debug-utility]   -------------------------------------------------
2026-03-10T05:49:40.640Z CLI info [debug-utility]   Host: hub.browserstack.com
2026-03-10T05:49:40.640Z CLI info [debug-utility]   Checking connectivity to: http://hub.browserstack.com/wd/hub without Proxy
2026-03-10T05:49:40.673Z CLI info [debug-utility]   Connectivity check completed for URL without Proxy: http://hub.browserstack.com/wd/hub
2026-03-10T05:49:40.673Z CLI info [debug-utility]   -------------------------------------------------
2026-03-10T05:49:40.673Z CLI info [debug-utility]   Host: cdp.browserstack.com
2026-03-10T05:49:40.673Z CLI info [debug-utility]   Checking connectivity to: https://cdp.browserstack.com without Proxy
2026-03-10T05:49:40.800Z CLI info [debug-utility]   Connectivity check completed for URL without Proxy: https://cdp.browserstack.com
2026-03-10T05:49:40.800Z CLI info [debug-utility]   -------------------------------------------------
2026-03-10T05:49:40.800Z CLI info [debug-utility]   Host: upload-observability.browserstack.com
2026-03-10T05:49:40.800Z CLI info [debug-utility]   Checking connectivity to: https://upload-observability.browserstack.com without Proxy
2026-03-10T05:49:40.906Z CLI info [debug-utility]   Connectivity check completed for URL without Proxy: https://upload-observability.browserstack.com
2026-03-10T05:49:40.906Z CLI info [debug-utility]   -------------------------------------------------
2026-03-10T05:49:40.906Z CLI info [debug-utility]   Host: collector-observability.browserstack.com
2026-03-10T05:49:40.906Z CLI info [debug-utility]   Checking connectivity to: https://collector-observability.browserstack.com without Proxy
2026-03-10T05:49:40.981Z CLI info [debug-utility]   Connectivity check completed for URL without Proxy: https://collector-observability.browserstack.com
2026-03-10T05:49:40.981Z CLI info [debug-utility]   -------------------------------------------------
2026-03-10T05:49:40.981Z CLI info [debug-utility]   Host: eds.browserstack.com
2026-03-10T05:49:40.981Z CLI info [debug-utility]   Checking connectivity to: https://eds.browserstack.com without Proxy
2026-03-10T05:49:41.017Z CLI info [debug-utility]   Connectivity check completed for URL without Proxy: https://eds.browserstack.com
2026-03-10T05:49:41.017Z CLI info [debug-utility]   -------------------------------------------------
2026-03-10T05:49:41.017Z CLI info [debug-utility]   Host: sdk.browserstack.com
2026-03-10T05:49:41.017Z CLI info [debug-utility]   Checking connectivity to: https://sdk.browserstack.com without Proxy
2026-03-10T05:49:41.127Z CLI info [debug-utility]   Connectivity check completed for URL without Proxy: https://sdk.browserstack.com
2026-03-10T05:49:41.127Z CLI info [debug-utility]   
Connectivity check results summary:
2026-03-10T05:49:41.127Z CLI info [debug-utility]   All connectivity checks passed
2026-03-10T05:49:41.127Z CLI info [debug-utility]   

========================browserstack.yml checks========================
2026-03-10T05:49:41.127Z CLI info [debug-utility]   Validating browserstack.yml configuration
2026-03-10T05:49:41.128Z CLI info [debug-utility]   browserstack.yml configuration validation completed
2026-03-10T05:49:41.128Z CLI info [debug-utility]   

========================Project configuration checks========================
2026-03-10T05:49:42.717Z CLI info [debug-utility]   Detecting Node.js version used in the project
2026-03-10T05:49:42.851Z CLI info [debug-utility]   Node.js version detection failed
2026-03-10T05:49:42.851Z CLI error [debug-utility]          Error occurred while detecting Node.js version: Command failed: C:\Program Files\nodejs\node.exe -v
'C:\Program' is not recognized as an internal or external command,
operable program or batch file.

2026-03-10T05:49:42.851Z CLI info [debug-utility]   Verifying installation of BrowserStack SDK
2026-03-10T05:49:42.851Z CLI info [debug-utility]   BrowserStack SDK is installed
2026-03-10T05:49:42.851Z CLI info [debug-utility]          Detected BrowserStack SDK version: 1.50.1
2026-03-10T05:49:42.851Z CLI info [debug-utility]   Detecting frameworks used in the project
2026-03-10T05:49:42.851Z CLI info [debug-utility]   Framework detection completed
2026-03-10T05:49:42.852Z CLI info [debug-utility]          Detected frameworks with versions: {"@playwright/test":"1.58.2","@cucumber/cucumber":"11.3.0"}
2026-03-10T05:49:42.852Z CLI info [debug-utility]   

========================Version compatibility checks========================
2026-03-10T05:49:42.852Z CLI info [debug-utility]   Skipping version compatibility check due to incompatible setup detection.
2026-03-10T05:49:42.852Z CLI debug [debug-utility]   Sending data to EDS: {"event_type":"sdk_events","data":{"testhub_uuid":"","created_day":"2026-03-10T05:49:42.852 UTC","event_name":"SDK_DEBUG_UTILITY_REPORT","user_data":"kjavedirfan_eZBoq7","host_info":"{\"hostname\":\"pe2vdfqaper-018\",\"platform\":\"win32\",\"type\":\"Windows_NT\",\"version\":\"Windows 10 Enterprise\",\"arch\":\"x64\"}","event_json":{"cliArgs":"C:\\Users\\KSuvarna\\.browserstack\\cli\\binary-win-x64.exe C:\\snapshot\\browserstack-binary\\cli\\dist\\index.js sdk","cliVersion":"1.24.3","results":{"system_check":{"metadata":{},"status":true,"messages":[]},"parse_yml":{"metadata":{},"status":true,"messages":[]},"connectivity_check":{"metadata":{"proxySettings":""},"status":true,"messages":[]},"validate_yml":{"metadata":{},"status":true,"messages":[]},"parse_project_config":{"metadata":{"configFilePath":"C:\\Users\\KSuvarna\\Desktop\\follet-test-steps\\package.json"},"status":false,"messages":["Error occurred while detecting Node.js version: Command failed: C:\\Program Files\\nodejs\\node.exe -v\n'C:\\Program' is not recognized as an internal or external command,\r\noperable program or batch file.\r\n"]},"version_compatibility":{"metadata":{},"status":false,"messages":["skipped"]}},"projectDirectory":"C:\\Users\\KSuvarna\\Desktop\\follet-test-steps","bstackconfigFilePath":"C:\\Users\\KSuvarna\\Desktop\\follet-test-steps\\browserstack.yml","projectConfigFilePath":null,"userProxyConfig":null,"sdkVersion":"1.50.1","language":"node","languageVersion":null,"frameworks":{"@playwright/test":"1.58.2","@cucumber/cucumber":"11.3.0"}}}}
2026-03-10T05:49:42.885Z CLI debug [debug-utility]   Data sent successfully to https://eds.browserstack.com with response 200
2026-03-10T05:50:12.579Z CLI info [debug-utility]   Starting debug utility in non-interactive mode with options: {"projectDirectory":"C:\\Users\\KSuvarna\\Desktop\\follet-test-steps","language":"node","username":"kjavedirfan_eZBoq7","key":"wMYFrmsNHB7QEs1RBFu8","bstackconfigFilePath":"C:\\Users\\KSuvarna\\Desktop\\follet-test-steps\\browserstack.yml"}
2026-03-10T05:50:12.579Z CLI info [debug-utility]   ======================system permissions checks======================
2026-03-10T05:50:12.582Z CLI info [debug-utility]   Checking write permissions for directory: C:\Users\KSuvarna\Desktop\follet-test-steps
2026-03-10T05:50:12.583Z CLI info [debug-utility]   Write permissions check completed for directory: C:\Users\KSuvarna\Desktop\follet-test-steps
2026-03-10T05:50:12.583Z CLI info [debug-utility]   Checking write permissions for directory: C:\Users\KSuvarna\.browserstack
2026-03-10T05:50:12.584Z CLI info [debug-utility]   Write permissions check completed for directory: C:\Users\KSuvarna\.browserstack
2026-03-10T05:50:12.584Z CLI info [debug-utility]   

========================Detecting browserstack.yml========================
2026-03-10T05:50:12.587Z CLI info [debug-utility]   

========================connectivity checks========================
2026-03-10T05:50:12.588Z CLI info [debug-utility]   No proxy settings detected.
2026-03-10T05:50:12.588Z CLI info [debug-utility]   -------------------------------------------------
2026-03-10T05:50:12.588Z CLI info [debug-utility]   Host: api.browserstack.com
2026-03-10T05:50:12.588Z CLI info [debug-utility]   Checking connectivity to: https://api.browserstack.com/robots.txt without Proxy
2026-03-10T05:50:12.722Z CLI info [debug-utility]   Connectivity check completed for URL without Proxy: https://api.browserstack.com/robots.txt
2026-03-10T05:50:12.723Z CLI info [debug-utility]   -------------------------------------------------
2026-03-10T05:50:12.723Z CLI info [debug-utility]   Host: api-cloud.browserstack.com
2026-03-10T05:50:12.723Z CLI info [debug-utility]   Checking connectivity to: https://api-cloud.browserstack.com without Proxy
2026-03-10T05:50:12.814Z CLI info [debug-utility]   Connectivity check completed for URL without Proxy: https://api-cloud.browserstack.com
2026-03-10T05:50:12.814Z CLI info [debug-utility]   -------------------------------------------------
2026-03-10T05:50:12.815Z CLI info [debug-utility]   Host: www.browserstack.com
2026-03-10T05:50:12.815Z CLI info [debug-utility]   Checking connectivity to: https://www.browserstack.com/robots.txt without Proxy
2026-03-10T05:50:12.886Z CLI info [debug-utility]   Connectivity check completed for URL without Proxy: https://www.browserstack.com/robots.txt
2026-03-10T05:50:12.886Z CLI info [debug-utility]   -------------------------------------------------
2026-03-10T05:50:12.886Z CLI info [debug-utility]   Host: automate.browserstack.com
2026-03-10T05:50:12.886Z CLI info [debug-utility]   Checking connectivity to: https://automate.browserstack.com/robots.txt without Proxy
2026-03-10T05:50:12.953Z CLI info [debug-utility]   Connectivity check completed for URL without Proxy: https://automate.browserstack.com/robots.txt
2026-03-10T05:50:12.953Z CLI info [debug-utility]   -------------------------------------------------
2026-03-10T05:50:12.953Z CLI info [debug-utility]   Host: app-automate.browserstack.com
2026-03-10T05:50:12.953Z CLI info [debug-utility]   Checking connectivity to: https://app-automate.browserstack.com/robots.txt without Proxy
2026-03-10T05:50:13.085Z CLI info [debug-utility]   Connectivity check completed for URL without Proxy: https://app-automate.browserstack.com/robots.txt
2026-03-10T05:50:13.085Z CLI info [debug-utility]   -------------------------------------------------
2026-03-10T05:50:13.085Z CLI info [debug-utility]   Host: hub.browserstack.com
2026-03-10T05:50:13.085Z CLI info [debug-utility]   Checking connectivity to: https://hub.browserstack.com/wd/hub without Proxy
2026-03-10T05:50:13.139Z CLI info [debug-utility]   Connectivity check completed for URL without Proxy: https://hub.browserstack.com/wd/hub
2026-03-10T05:50:13.139Z CLI info [debug-utility]   -------------------------------------------------
2026-03-10T05:50:13.139Z CLI info [debug-utility]   Host: hub.browserstack.com
2026-03-10T05:50:13.139Z CLI info [debug-utility]   Checking connectivity to: http://hub.browserstack.com/wd/hub without Proxy
2026-03-10T05:50:13.203Z CLI info [debug-utility]   Connectivity check completed for URL without Proxy: http://hub.browserstack.com/wd/hub
2026-03-10T05:50:13.203Z CLI info [debug-utility]   -------------------------------------------------
2026-03-10T05:50:13.203Z CLI info [debug-utility]   Host: cdp.browserstack.com
2026-03-10T05:50:13.203Z CLI info [debug-utility]   Checking connectivity to: https://cdp.browserstack.com without Proxy
2026-03-10T05:50:13.265Z CLI info [debug-utility]   Connectivity check completed for URL without Proxy: https://cdp.browserstack.com
2026-03-10T05:50:13.265Z CLI info [debug-utility]   -------------------------------------------------
2026-03-10T05:50:13.265Z CLI info [debug-utility]   Host: upload-observability.browserstack.com
2026-03-10T05:50:13.265Z CLI info [debug-utility]   Checking connectivity to: https://upload-observability.browserstack.com without Proxy
2026-03-10T05:50:13.293Z CLI info [debug-utility]   Connectivity check completed for URL without Proxy: https://upload-observability.browserstack.com
2026-03-10T05:50:13.293Z CLI info [debug-utility]   -------------------------------------------------
2026-03-10T05:50:13.293Z CLI info [debug-utility]   Host: collector-observability.browserstack.com
2026-03-10T05:50:13.293Z CLI info [debug-utility]   Checking connectivity to: https://collector-observability.browserstack.com without Proxy
2026-03-10T05:50:13.323Z CLI info [debug-utility]   Connectivity check completed for URL without Proxy: https://collector-observability.browserstack.com
2026-03-10T05:50:13.324Z CLI info [debug-utility]   -------------------------------------------------
2026-03-10T05:50:13.324Z CLI info [debug-utility]   Host: eds.browserstack.com
2026-03-10T05:50:13.324Z CLI info [debug-utility]   Checking connectivity to: https://eds.browserstack.com without Proxy
2026-03-10T05:50:13.360Z CLI info [debug-utility]   Connectivity check completed for URL without Proxy: https://eds.browserstack.com
2026-03-10T05:50:13.360Z CLI info [debug-utility]   -------------------------------------------------
2026-03-10T05:50:13.360Z CLI info [debug-utility]   Host: sdk.browserstack.com
2026-03-10T05:50:13.360Z CLI info [debug-utility]   Checking connectivity to: https://sdk.browserstack.com without Proxy
2026-03-10T05:50:13.401Z CLI info [debug-utility]   Connectivity check completed for URL without Proxy: https://sdk.browserstack.com
2026-03-10T05:50:13.401Z CLI info [debug-utility]   
Connectivity check results summary:
2026-03-10T05:50:13.401Z CLI info [debug-utility]   All connectivity checks passed
2026-03-10T05:50:13.401Z CLI info [debug-utility]   

========================browserstack.yml checks========================
2026-03-10T05:50:13.401Z CLI info [debug-utility]   Validating browserstack.yml configuration
2026-03-10T05:50:13.401Z CLI info [debug-utility]   browserstack.yml configuration validation completed
2026-03-10T05:50:13.401Z CLI info [debug-utility]   

========================Project configuration checks========================
2026-03-10T05:50:15.754Z CLI info [debug-utility]   Detecting Node.js version used in the project
2026-03-10T05:50:15.945Z CLI info [debug-utility]   Node.js version detection failed
2026-03-10T05:50:15.945Z CLI error [debug-utility]          Error occurred while detecting Node.js version: Command failed: C:\Program Files\nodejs\node.exe -v
'C:\Program' is not recognized as an internal or external command,
operable program or batch file.

2026-03-10T05:50:15.945Z CLI info [debug-utility]   Verifying installation of BrowserStack SDK
2026-03-10T05:50:15.945Z CLI info [debug-utility]   BrowserStack SDK is installed
2026-03-10T05:50:15.945Z CLI info [debug-utility]          Detected BrowserStack SDK version: 1.50.1
2026-03-10T05:50:15.945Z CLI info [debug-utility]   Detecting frameworks used in the project
2026-03-10T05:50:15.946Z CLI info [debug-utility]   Framework detection completed
2026-03-10T05:50:15.946Z CLI info [debug-utility]          Detected frameworks with versions: {"@playwright/test":"1.58.2","@cucumber/cucumber":"11.3.0"}
2026-03-10T05:50:15.946Z CLI info [debug-utility]   

========================Version compatibility checks========================
2026-03-10T05:50:15.946Z CLI info [debug-utility]   Skipping version compatibility check due to incompatible setup detection.
2026-03-10T05:50:15.946Z CLI debug [debug-utility]   Sending data to EDS: {"event_type":"sdk_events","data":{"testhub_uuid":"","created_day":"2026-03-10T05:50:15.946 UTC","event_name":"SDK_DEBUG_UTILITY_REPORT","user_data":"kjavedirfan_eZBoq7","host_info":"{\"hostname\":\"pe2vdfqaper-018\",\"platform\":\"win32\",\"type\":\"Windows_NT\",\"version\":\"Windows 10 Enterprise\",\"arch\":\"x64\"}","event_json":{"cliArgs":"C:\\Users\\KSuvarna\\.browserstack\\cli\\binary-win-x64.exe C:\\snapshot\\browserstack-binary\\cli\\dist\\index.js sdk","cliVersion":"1.24.3","results":{"system_check":{"metadata":{},"status":true,"messages":[]},"parse_yml":{"metadata":{},"status":true,"messages":[]},"connectivity_check":{"metadata":{"proxySettings":""},"status":true,"messages":[]},"validate_yml":{"metadata":{},"status":true,"messages":[]},"parse_project_config":{"metadata":{"configFilePath":"C:\\Users\\KSuvarna\\Desktop\\follet-test-steps\\package.json"},"status":false,"messages":["Error occurred while detecting Node.js version: Command failed: C:\\Program Files\\nodejs\\node.exe -v\n'C:\\Program' is not recognized as an internal or external command,\r\noperable program or batch file.\r\n"]},"version_compatibility":{"metadata":{},"status":false,"messages":["skipped"]}},"projectDirectory":"C:\\Users\\KSuvarna\\Desktop\\follet-test-steps","bstackconfigFilePath":"C:\\Users\\KSuvarna\\Desktop\\follet-test-steps\\browserstack.yml","projectConfigFilePath":null,"userProxyConfig":null,"sdkVersion":"1.50.1","language":"node","languageVersion":null,"frameworks":{"@playwright/test":"1.58.2","@cucumber/cucumber":"11.3.0"}}}}
2026-03-10T05:50:15.981Z CLI debug [debug-utility]   Data sent successfully to https://eds.browserstack.com with response 200
2026-03-10T05:56:35.213Z CLI info [debug-utility]   Starting debug utility in non-interactive mode with options: {"projectDirectory":"C:\\Users\\KSuvarna\\Desktop\\follet-test-steps","language":"node","username":"kjavedirfan_eZBoq7","key":"wMYFrmsNHB7QEs1RBFu8","bstackconfigFilePath":"C:\\Users\\KSuvarna\\Desktop\\follet-test-steps\\browserstack.yml"}
2026-03-10T05:56:35.213Z CLI info [debug-utility]   ======================system permissions checks======================
2026-03-10T05:56:35.217Z CLI info [debug-utility]   Checking write permissions for directory: C:\Users\KSuvarna\Desktop\follet-test-steps
2026-03-10T05:56:35.218Z CLI info [debug-utility]   Write permissions check completed for directory: C:\Users\KSuvarna\Desktop\follet-test-steps
2026-03-10T05:56:35.218Z CLI info [debug-utility]   Checking write permissions for directory: C:\Users\KSuvarna\.browserstack
2026-03-10T05:56:35.219Z CLI info [debug-utility]   Write permissions check completed for directory: C:\Users\KSuvarna\.browserstack
2026-03-10T05:56:35.219Z CLI info [debug-utility]   

========================Detecting browserstack.yml========================
2026-03-10T05:56:35.224Z CLI info [debug-utility]   

========================connectivity checks========================
2026-03-10T05:56:35.224Z CLI info [debug-utility]   No proxy settings detected.
2026-03-10T05:56:35.224Z CLI info [debug-utility]   -------------------------------------------------
2026-03-10T05:56:35.225Z CLI info [debug-utility]   Host: api.browserstack.com
2026-03-10T05:56:35.225Z CLI info [debug-utility]   Checking connectivity to: https://api.browserstack.com/robots.txt without Proxy
2026-03-10T05:56:35.355Z CLI info [debug-utility]   Connectivity check completed for URL without Proxy: https://api.browserstack.com/robots.txt
2026-03-10T05:56:35.356Z CLI info [debug-utility]   -------------------------------------------------
2026-03-10T05:56:35.356Z CLI info [debug-utility]   Host: api-cloud.browserstack.com
2026-03-10T05:56:35.356Z CLI info [debug-utility]   Checking connectivity to: https://api-cloud.browserstack.com without Proxy
2026-03-10T05:56:35.545Z CLI info [debug-utility]   Connectivity check completed for URL without Proxy: https://api-cloud.browserstack.com
2026-03-10T05:56:35.545Z CLI info [debug-utility]   -------------------------------------------------
2026-03-10T05:56:35.545Z CLI info [debug-utility]   Host: www.browserstack.com
2026-03-10T05:56:35.545Z CLI info [debug-utility]   Checking connectivity to: https://www.browserstack.com/robots.txt without Proxy
2026-03-10T05:56:35.676Z CLI info [debug-utility]   Connectivity check completed for URL without Proxy: https://www.browserstack.com/robots.txt
2026-03-10T05:56:35.676Z CLI info [debug-utility]   -------------------------------------------------
2026-03-10T05:56:35.676Z CLI info [debug-utility]   Host: automate.browserstack.com
2026-03-10T05:56:35.677Z CLI info [debug-utility]   Checking connectivity to: https://automate.browserstack.com/robots.txt without Proxy
2026-03-10T05:56:35.849Z CLI info [debug-utility]   Connectivity check completed for URL without Proxy: https://automate.browserstack.com/robots.txt
2026-03-10T05:56:35.849Z CLI info [debug-utility]   -------------------------------------------------
2026-03-10T05:56:35.850Z CLI info [debug-utility]   Host: app-automate.browserstack.com
2026-03-10T05:56:35.850Z CLI info [debug-utility]   Checking connectivity to: https://app-automate.browserstack.com/robots.txt without Proxy
2026-03-10T05:56:35.991Z CLI info [debug-utility]   Connectivity check completed for URL without Proxy: https://app-automate.browserstack.com/robots.txt
2026-03-10T05:56:35.991Z CLI info [debug-utility]   -------------------------------------------------
2026-03-10T05:56:35.991Z CLI info [debug-utility]   Host: hub.browserstack.com
2026-03-10T05:56:35.991Z CLI info [debug-utility]   Checking connectivity to: https://hub.browserstack.com/wd/hub without Proxy
2026-03-10T05:56:36.118Z CLI info [debug-utility]   Connectivity check completed for URL without Proxy: https://hub.browserstack.com/wd/hub
2026-03-10T05:56:36.118Z CLI info [debug-utility]   -------------------------------------------------
2026-03-10T05:56:36.118Z CLI info [debug-utility]   Host: hub.browserstack.com
2026-03-10T05:56:36.118Z CLI info [debug-utility]   Checking connectivity to: http://hub.browserstack.com/wd/hub without Proxy
2026-03-10T05:56:36.150Z CLI info [debug-utility]   Connectivity check completed for URL without Proxy: http://hub.browserstack.com/wd/hub
2026-03-10T05:56:36.150Z CLI info [debug-utility]   -------------------------------------------------
2026-03-10T05:56:36.150Z CLI info [debug-utility]   Host: cdp.browserstack.com
2026-03-10T05:56:36.150Z CLI info [debug-utility]   Checking connectivity to: https://cdp.browserstack.com without Proxy
2026-03-10T05:56:36.268Z CLI info [debug-utility]   Connectivity check completed for URL without Proxy: https://cdp.browserstack.com
2026-03-10T05:56:36.268Z CLI info [debug-utility]   -------------------------------------------------
2026-03-10T05:56:36.268Z CLI info [debug-utility]   Host: upload-observability.browserstack.com
2026-03-10T05:56:36.268Z CLI info [debug-utility]   Checking connectivity to: https://upload-observability.browserstack.com without Proxy
2026-03-10T05:56:36.372Z CLI info [debug-utility]   Connectivity check completed for URL without Proxy: https://upload-observability.browserstack.com
2026-03-10T05:56:36.372Z CLI info [debug-utility]   -------------------------------------------------
2026-03-10T05:56:36.372Z CLI info [debug-utility]   Host: collector-observability.browserstack.com
2026-03-10T05:56:36.372Z CLI info [debug-utility]   Checking connectivity to: https://collector-observability.browserstack.com without Proxy
2026-03-10T05:56:36.445Z CLI info [debug-utility]   Connectivity check completed for URL without Proxy: https://collector-observability.browserstack.com
2026-03-10T05:56:36.445Z CLI info [debug-utility]   -------------------------------------------------
2026-03-10T05:56:36.445Z CLI info [debug-utility]   Host: eds.browserstack.com
2026-03-10T05:56:36.445Z CLI info [debug-utility]   Checking connectivity to: https://eds.browserstack.com without Proxy
2026-03-10T05:56:36.490Z CLI info [debug-utility]   Connectivity check completed for URL without Proxy: https://eds.browserstack.com
2026-03-10T05:56:36.490Z CLI info [debug-utility]   -------------------------------------------------
2026-03-10T05:56:36.490Z CLI info [debug-utility]   Host: sdk.browserstack.com
2026-03-10T05:56:36.490Z CLI info [debug-utility]   Checking connectivity to: https://sdk.browserstack.com without Proxy
2026-03-10T05:56:36.612Z CLI info [debug-utility]   Connectivity check completed for URL without Proxy: https://sdk.browserstack.com
2026-03-10T05:56:36.612Z CLI info [debug-utility]   
Connectivity check results summary:
2026-03-10T05:56:36.612Z CLI info [debug-utility]   All connectivity checks passed
2026-03-10T05:56:36.612Z CLI info [debug-utility]   

========================browserstack.yml checks========================
2026-03-10T05:56:36.613Z CLI info [debug-utility]   Validating browserstack.yml configuration
2026-03-10T05:56:36.613Z CLI info [debug-utility]   browserstack.yml configuration validation completed
2026-03-10T05:56:36.613Z CLI info [debug-utility]   

========================Project configuration checks========================
2026-03-10T05:56:38.171Z CLI info [debug-utility]   Detecting Node.js version used in the project
2026-03-10T05:56:38.336Z CLI info [debug-utility]   Node.js version detection failed
2026-03-10T05:56:38.337Z CLI error [debug-utility]          Error occurred while detecting Node.js version: Command failed: C:\Program Files\nodejs\node.exe -v
'C:\Program' is not recognized as an internal or external command,
operable program or batch file.

2026-03-10T05:56:38.337Z CLI info [debug-utility]   Verifying installation of BrowserStack SDK
2026-03-10T05:56:38.337Z CLI info [debug-utility]   BrowserStack SDK is installed
2026-03-10T05:56:38.337Z CLI info [debug-utility]          Detected BrowserStack SDK version: 1.50.1
2026-03-10T05:56:38.337Z CLI info [debug-utility]   Detecting frameworks used in the project
2026-03-10T05:56:38.337Z CLI info [debug-utility]   Framework detection completed
2026-03-10T05:56:38.337Z CLI info [debug-utility]          Detected frameworks with versions: {"@playwright/test":"1.58.2","@cucumber/cucumber":"11.3.0"}
2026-03-10T05:56:38.337Z CLI info [debug-utility]   

========================Version compatibility checks========================
2026-03-10T05:56:38.337Z CLI info [debug-utility]   Skipping version compatibility check due to incompatible setup detection.
2026-03-10T05:56:38.338Z CLI debug [debug-utility]   Sending data to EDS: {"event_type":"sdk_events","data":{"testhub_uuid":"","created_day":"2026-03-10T05:56:38.337 UTC","event_name":"SDK_DEBUG_UTILITY_REPORT","user_data":"kjavedirfan_eZBoq7","host_info":"{\"hostname\":\"pe2vdfqaper-018\",\"platform\":\"win32\",\"type\":\"Windows_NT\",\"version\":\"Windows 10 Enterprise\",\"arch\":\"x64\"}","event_json":{"cliArgs":"C:\\Users\\KSuvarna\\.browserstack\\cli\\binary-win-x64.exe C:\\snapshot\\browserstack-binary\\cli\\dist\\index.js sdk","cliVersion":"1.24.3","results":{"system_check":{"metadata":{},"status":true,"messages":[]},"parse_yml":{"metadata":{},"status":true,"messages":[]},"connectivity_check":{"metadata":{"proxySettings":""},"status":true,"messages":[]},"validate_yml":{"metadata":{},"status":true,"messages":[]},"parse_project_config":{"metadata":{"configFilePath":"C:\\Users\\KSuvarna\\Desktop\\follet-test-steps\\package.json"},"status":false,"messages":["Error occurred while detecting Node.js version: Command failed: C:\\Program Files\\nodejs\\node.exe -v\n'C:\\Program' is not recognized as an internal or external command,\r\noperable program or batch file.\r\n"]},"version_compatibility":{"metadata":{},"status":false,"messages":["skipped"]}},"projectDirectory":"C:\\Users\\KSuvarna\\Desktop\\follet-test-steps","bstackconfigFilePath":"C:\\Users\\KSuvarna\\Desktop\\follet-test-steps\\browserstack.yml","projectConfigFilePath":null,"userProxyConfig":null,"sdkVersion":"1.50.1","language":"node","languageVersion":null,"frameworks":{"@playwright/test":"1.58.2","@cucumber/cucumber":"11.3.0"}}}}
2026-03-10T05:56:38.376Z CLI debug [debug-utility]   Data sent successfully to https://eds.browserstack.com with response 200
2026-03-10T06:09:35.910Z CLI info [debug-utility]   Starting debug utility in non-interactive mode with options: {"projectDirectory":"C:\\Users\\KSuvarna\\Desktop\\follet-test-steps","language":"node","username":"kjavedirfan_eZBoq7","key":"wMYFrmsNHB7QEs1RBFu8","bstackconfigFilePath":"C:\\Users\\KSuvarna\\Desktop\\follet-test-steps\\browserstack.yml"}
2026-03-10T06:09:35.910Z CLI info [debug-utility]   ======================system permissions checks======================
2026-03-10T06:09:35.913Z CLI info [debug-utility]   Checking write permissions for directory: C:\Users\KSuvarna\Desktop\follet-test-steps
2026-03-10T06:09:35.913Z CLI info [debug-utility]   Write permissions check completed for directory: C:\Users\KSuvarna\Desktop\follet-test-steps
2026-03-10T06:09:35.914Z CLI info [debug-utility]   Checking write permissions for directory: C:\Users\KSuvarna\.browserstack
2026-03-10T06:09:35.914Z CLI info [debug-utility]   Write permissions check completed for directory: C:\Users\KSuvarna\.browserstack
2026-03-10T06:09:35.914Z CLI info [debug-utility]   

========================Detecting browserstack.yml========================
2026-03-10T06:09:35.918Z CLI info [debug-utility]   

========================connectivity checks========================
2026-03-10T06:09:35.918Z CLI info [debug-utility]   No proxy settings detected.
2026-03-10T06:09:35.918Z CLI info [debug-utility]   -------------------------------------------------
2026-03-10T06:09:35.918Z CLI info [debug-utility]   Host: api.browserstack.com
2026-03-10T06:09:35.918Z CLI info [debug-utility]   Checking connectivity to: https://api.browserstack.com/robots.txt without Proxy
2026-03-10T06:09:36.035Z CLI info [debug-utility]   Connectivity check completed for URL without Proxy: https://api.browserstack.com/robots.txt
2026-03-10T06:09:36.035Z CLI info [debug-utility]   -------------------------------------------------
2026-03-10T06:09:36.035Z CLI info [debug-utility]   Host: api-cloud.browserstack.com
2026-03-10T06:09:36.035Z CLI info [debug-utility]   Checking connectivity to: https://api-cloud.browserstack.com without Proxy
2026-03-10T06:09:36.228Z CLI info [debug-utility]   Connectivity check completed for URL without Proxy: https://api-cloud.browserstack.com
2026-03-10T06:09:36.228Z CLI info [debug-utility]   -------------------------------------------------
2026-03-10T06:09:36.228Z CLI info [debug-utility]   Host: www.browserstack.com
2026-03-10T06:09:36.228Z CLI info [debug-utility]   Checking connectivity to: https://www.browserstack.com/robots.txt without Proxy
2026-03-10T06:09:36.379Z CLI info [debug-utility]   Connectivity check completed for URL without Proxy: https://www.browserstack.com/robots.txt
2026-03-10T06:09:36.380Z CLI info [debug-utility]   -------------------------------------------------
2026-03-10T06:09:36.380Z CLI info [debug-utility]   Host: automate.browserstack.com
2026-03-10T06:09:36.380Z CLI info [debug-utility]   Checking connectivity to: https://automate.browserstack.com/robots.txt without Proxy
2026-03-10T06:09:36.532Z CLI info [debug-utility]   Connectivity check completed for URL without Proxy: https://automate.browserstack.com/robots.txt
2026-03-10T06:09:36.532Z CLI info [debug-utility]   -------------------------------------------------
2026-03-10T06:09:36.532Z CLI info [debug-utility]   Host: app-automate.browserstack.com
2026-03-10T06:09:36.532Z CLI info [debug-utility]   Checking connectivity to: https://app-automate.browserstack.com/robots.txt without Proxy
2026-03-10T06:09:36.674Z CLI info [debug-utility]   Connectivity check completed for URL without Proxy: https://app-automate.browserstack.com/robots.txt
2026-03-10T06:09:36.674Z CLI info [debug-utility]   -------------------------------------------------
2026-03-10T06:09:36.674Z CLI info [debug-utility]   Host: hub.browserstack.com
2026-03-10T06:09:36.674Z CLI info [debug-utility]   Checking connectivity to: https://hub.browserstack.com/wd/hub without Proxy
2026-03-10T06:09:36.728Z CLI info [debug-utility]   Connectivity check completed for URL without Proxy: https://hub.browserstack.com/wd/hub
2026-03-10T06:09:36.728Z CLI info [debug-utility]   -------------------------------------------------
2026-03-10T06:09:36.728Z CLI info [debug-utility]   Host: hub.browserstack.com
2026-03-10T06:09:36.728Z CLI info [debug-utility]   Checking connectivity to: http://hub.browserstack.com/wd/hub without Proxy
2026-03-10T06:09:36.754Z CLI info [debug-utility]   Connectivity check completed for URL without Proxy: http://hub.browserstack.com/wd/hub
2026-03-10T06:09:36.754Z CLI info [debug-utility]   -------------------------------------------------
2026-03-10T06:09:36.754Z CLI info [debug-utility]   Host: cdp.browserstack.com
2026-03-10T06:09:36.754Z CLI info [debug-utility]   Checking connectivity to: https://cdp.browserstack.com without Proxy
2026-03-10T06:09:36.892Z CLI info [debug-utility]   Connectivity check completed for URL without Proxy: https://cdp.browserstack.com
2026-03-10T06:09:36.893Z CLI info [debug-utility]   -------------------------------------------------
2026-03-10T06:09:36.893Z CLI info [debug-utility]   Host: upload-observability.browserstack.com
2026-03-10T06:09:36.893Z CLI info [debug-utility]   Checking connectivity to: https://upload-observability.browserstack.com without Proxy
2026-03-10T06:09:36.997Z CLI info [debug-utility]   Connectivity check completed for URL without Proxy: https://upload-observability.browserstack.com
2026-03-10T06:09:36.997Z CLI info [debug-utility]   -------------------------------------------------
2026-03-10T06:09:36.997Z CLI info [debug-utility]   Host: collector-observability.browserstack.com
2026-03-10T06:09:36.997Z CLI info [debug-utility]   Checking connectivity to: https://collector-observability.browserstack.com without Proxy
2026-03-10T06:09:37.099Z CLI info [debug-utility]   Connectivity check completed for URL without Proxy: https://collector-observability.browserstack.com
2026-03-10T06:09:37.099Z CLI info [debug-utility]   -------------------------------------------------
2026-03-10T06:09:37.099Z CLI info [debug-utility]   Host: eds.browserstack.com
2026-03-10T06:09:37.099Z CLI info [debug-utility]   Checking connectivity to: https://eds.browserstack.com without Proxy
2026-03-10T06:09:37.216Z CLI info [debug-utility]   Connectivity check completed for URL without Proxy: https://eds.browserstack.com
2026-03-10T06:09:37.217Z CLI info [debug-utility]   -------------------------------------------------
2026-03-10T06:09:37.217Z CLI info [debug-utility]   Host: sdk.browserstack.com
2026-03-10T06:09:37.217Z CLI info [debug-utility]   Checking connectivity to: https://sdk.browserstack.com without Proxy
2026-03-10T06:09:37.366Z CLI info [debug-utility]   Connectivity check completed for URL without Proxy: https://sdk.browserstack.com
2026-03-10T06:09:37.366Z CLI info [debug-utility]   
Connectivity check results summary:
2026-03-10T06:09:37.366Z CLI info [debug-utility]   All connectivity checks passed
2026-03-10T06:09:37.366Z CLI info [debug-utility]   

========================browserstack.yml checks========================
2026-03-10T06:09:37.366Z CLI info [debug-utility]   Validating browserstack.yml configuration
2026-03-10T06:09:37.367Z CLI info [debug-utility]   browserstack.yml configuration validation completed
2026-03-10T06:09:37.367Z CLI info [debug-utility]   

========================Project configuration checks========================
2026-03-10T06:09:39.157Z CLI info [debug-utility]   Detecting Node.js version used in the project
2026-03-10T06:09:39.396Z CLI info [debug-utility]   Node.js version detection failed
2026-03-10T06:09:39.396Z CLI error [debug-utility]          Error occurred while detecting Node.js version: Command failed: C:\Program Files\nodejs\node.exe -v
'C:\Program' is not recognized as an internal or external command,
operable program or batch file.

2026-03-10T06:09:39.396Z CLI info [debug-utility]   Verifying installation of BrowserStack SDK
2026-03-10T06:09:39.396Z CLI info [debug-utility]   BrowserStack SDK is installed
2026-03-10T06:09:39.397Z CLI info [debug-utility]          Detected BrowserStack SDK version: 1.50.1
2026-03-10T06:09:39.397Z CLI info [debug-utility]   Detecting frameworks used in the project
2026-03-10T06:09:39.397Z CLI info [debug-utility]   Framework detection completed
2026-03-10T06:09:39.397Z CLI info [debug-utility]          Detected frameworks with versions: {"@playwright/test":"1.58.2","@cucumber/cucumber":"11.3.0"}
2026-03-10T06:09:39.397Z CLI info [debug-utility]   

========================Version compatibility checks========================
2026-03-10T06:09:39.397Z CLI info [debug-utility]   Skipping version compatibility check due to incompatible setup detection.
2026-03-10T06:09:39.398Z CLI debug [debug-utility]   Sending data to EDS: {"event_type":"sdk_events","data":{"testhub_uuid":"","created_day":"2026-03-10T06:09:39.397 UTC","event_name":"SDK_DEBUG_UTILITY_REPORT","user_data":"kjavedirfan_eZBoq7","host_info":"{\"hostname\":\"pe2vdfqaper-018\",\"platform\":\"win32\",\"type\":\"Windows_NT\",\"version\":\"Windows 10 Enterprise\",\"arch\":\"x64\"}","event_json":{"cliArgs":"C:\\Users\\KSuvarna\\.browserstack\\cli\\binary-win-x64.exe C:\\snapshot\\browserstack-binary\\cli\\dist\\index.js sdk","cliVersion":"1.24.3","results":{"system_check":{"metadata":{},"status":true,"messages":[]},"parse_yml":{"metadata":{},"status":true,"messages":[]},"connectivity_check":{"metadata":{"proxySettings":""},"status":true,"messages":[]},"validate_yml":{"metadata":{},"status":true,"messages":[]},"parse_project_config":{"metadata":{"configFilePath":"C:\\Users\\KSuvarna\\Desktop\\follet-test-steps\\package.json"},"status":false,"messages":["Error occurred while detecting Node.js version: Command failed: C:\\Program Files\\nodejs\\node.exe -v\n'C:\\Program' is not recognized as an internal or external command,\r\noperable program or batch file.\r\n"]},"version_compatibility":{"metadata":{},"status":false,"messages":["skipped"]}},"projectDirectory":"C:\\Users\\KSuvarna\\Desktop\\follet-test-steps","bstackconfigFilePath":"C:\\Users\\KSuvarna\\Desktop\\follet-test-steps\\browserstack.yml","projectConfigFilePath":null,"userProxyConfig":null,"sdkVersion":"1.50.1","language":"node","languageVersion":null,"frameworks":{"@playwright/test":"1.58.2","@cucumber/cucumber":"11.3.0"}}}}
2026-03-10T06:09:39.435Z CLI debug [debug-utility]   Data sent successfully to https://eds.browserstack.com with response 200
2026-03-10T06:21:10.431Z CLI info [debug-utility]   Starting debug utility in non-interactive mode with options: {"projectDirectory":"C:\\Users\\KSuvarna\\Desktop\\follet-test-steps","language":"node","username":"kjavedirfan_eZBoq7","key":"wMYFrmsNHB7QEs1RBFu8","bstackconfigFilePath":"C:\\Users\\KSuvarna\\Desktop\\follet-test-steps\\browserstack.yml"}
2026-03-10T06:21:10.431Z CLI info [debug-utility]   ======================system permissions checks======================
2026-03-10T06:21:10.435Z CLI info [debug-utility]   Checking write permissions for directory: C:\Users\KSuvarna\Desktop\follet-test-steps
2026-03-10T06:21:10.435Z CLI info [debug-utility]   Write permissions check completed for directory: C:\Users\KSuvarna\Desktop\follet-test-steps
2026-03-10T06:21:10.436Z CLI info [debug-utility]   Checking write permissions for directory: C:\Users\KSuvarna\.browserstack
2026-03-10T06:21:10.436Z CLI info [debug-utility]   Write permissions check completed for directory: C:\Users\KSuvarna\.browserstack
2026-03-10T06:21:10.436Z CLI info [debug-utility]   

========================Detecting browserstack.yml========================
2026-03-10T06:21:10.440Z CLI info [debug-utility]   

========================connectivity checks========================
2026-03-10T06:21:10.440Z CLI info [debug-utility]   No proxy settings detected.
2026-03-10T06:21:10.440Z CLI info [debug-utility]   -------------------------------------------------
2026-03-10T06:21:10.440Z CLI info [debug-utility]   Host: api.browserstack.com
2026-03-10T06:21:10.441Z CLI info [debug-utility]   Checking connectivity to: https://api.browserstack.com/robots.txt without Proxy
2026-03-10T06:21:10.568Z CLI info [debug-utility]   Connectivity check completed for URL without Proxy: https://api.browserstack.com/robots.txt
2026-03-10T06:21:10.569Z CLI info [debug-utility]   -------------------------------------------------
2026-03-10T06:21:10.569Z CLI info [debug-utility]   Host: api-cloud.browserstack.com
2026-03-10T06:21:10.569Z CLI info [debug-utility]   Checking connectivity to: https://api-cloud.browserstack.com without Proxy
2026-03-10T06:21:11.108Z CLI info [debug-utility]   Connectivity check completed for URL without Proxy: https://api-cloud.browserstack.com
2026-03-10T06:21:11.108Z CLI info [debug-utility]   -------------------------------------------------
2026-03-10T06:21:11.109Z CLI info [debug-utility]   Host: www.browserstack.com
2026-03-10T06:21:11.109Z CLI info [debug-utility]   Checking connectivity to: https://www.browserstack.com/robots.txt without Proxy
2026-03-10T06:21:11.270Z CLI info [debug-utility]   Connectivity check completed for URL without Proxy: https://www.browserstack.com/robots.txt
2026-03-10T06:21:11.270Z CLI info [debug-utility]   -------------------------------------------------
2026-03-10T06:21:11.270Z CLI info [debug-utility]   Host: automate.browserstack.com
2026-03-10T06:21:11.271Z CLI info [debug-utility]   Checking connectivity to: https://automate.browserstack.com/robots.txt without Proxy
2026-03-10T06:21:11.398Z CLI info [debug-utility]   Connectivity check completed for URL without Proxy: https://automate.browserstack.com/robots.txt
2026-03-10T06:21:11.399Z CLI info [debug-utility]   -------------------------------------------------
2026-03-10T06:21:11.399Z CLI info [debug-utility]   Host: app-automate.browserstack.com
2026-03-10T06:21:11.399Z CLI info [debug-utility]   Checking connectivity to: https://app-automate.browserstack.com/robots.txt without Proxy
2026-03-10T06:21:11.563Z CLI info [debug-utility]   Connectivity check completed for URL without Proxy: https://app-automate.browserstack.com/robots.txt
2026-03-10T06:21:11.563Z CLI info [debug-utility]   -------------------------------------------------
2026-03-10T06:21:11.563Z CLI info [debug-utility]   Host: hub.browserstack.com
2026-03-10T06:21:11.563Z CLI info [debug-utility]   Checking connectivity to: https://hub.browserstack.com/wd/hub without Proxy
2026-03-10T06:21:11.618Z CLI info [debug-utility]   Connectivity check completed for URL without Proxy: https://hub.browserstack.com/wd/hub
2026-03-10T06:21:11.618Z CLI info [debug-utility]   -------------------------------------------------
2026-03-10T06:21:11.619Z CLI info [debug-utility]   Host: hub.browserstack.com
2026-03-10T06:21:11.619Z CLI info [debug-utility]   Checking connectivity to: http://hub.browserstack.com/wd/hub without Proxy
2026-03-10T06:21:11.642Z CLI info [debug-utility]   Connectivity check completed for URL without Proxy: http://hub.browserstack.com/wd/hub
2026-03-10T06:21:11.642Z CLI info [debug-utility]   -------------------------------------------------
2026-03-10T06:21:11.642Z CLI info [debug-utility]   Host: cdp.browserstack.com
2026-03-10T06:21:11.642Z CLI info [debug-utility]   Checking connectivity to: https://cdp.browserstack.com without Proxy
2026-03-10T06:21:11.760Z CLI info [debug-utility]   Connectivity check completed for URL without Proxy: https://cdp.browserstack.com
2026-03-10T06:21:11.760Z CLI info [debug-utility]   -------------------------------------------------
2026-03-10T06:21:11.760Z CLI info [debug-utility]   Host: upload-observability.browserstack.com
2026-03-10T06:21:11.760Z CLI info [debug-utility]   Checking connectivity to: https://upload-observability.browserstack.com without Proxy
2026-03-10T06:21:11.971Z CLI info [debug-utility]   Connectivity check completed for URL without Proxy: https://upload-observability.browserstack.com
2026-03-10T06:21:11.971Z CLI info [debug-utility]   -------------------------------------------------
2026-03-10T06:21:11.971Z CLI info [debug-utility]   Host: collector-observability.browserstack.com
2026-03-10T06:21:11.971Z CLI info [debug-utility]   Checking connectivity to: https://collector-observability.browserstack.com without Proxy
2026-03-10T06:21:12.076Z CLI info [debug-utility]   Connectivity check completed for URL without Proxy: https://collector-observability.browserstack.com
2026-03-10T06:21:12.077Z CLI info [debug-utility]   -------------------------------------------------
2026-03-10T06:21:12.077Z CLI info [debug-utility]   Host: eds.browserstack.com
2026-03-10T06:21:12.077Z CLI info [debug-utility]   Checking connectivity to: https://eds.browserstack.com without Proxy
2026-03-10T06:21:12.185Z CLI info [debug-utility]   Connectivity check completed for URL without Proxy: https://eds.browserstack.com
2026-03-10T06:21:12.185Z CLI info [debug-utility]   -------------------------------------------------
2026-03-10T06:21:12.185Z CLI info [debug-utility]   Host: sdk.browserstack.com
2026-03-10T06:21:12.186Z CLI info [debug-utility]   Checking connectivity to: https://sdk.browserstack.com without Proxy
2026-03-10T06:21:12.308Z CLI info [debug-utility]   Connectivity check completed for URL without Proxy: https://sdk.browserstack.com
2026-03-10T06:21:12.309Z CLI info [debug-utility]   
Connectivity check results summary:
2026-03-10T06:21:12.309Z CLI info [debug-utility]   All connectivity checks passed
2026-03-10T06:21:12.309Z CLI info [debug-utility]   

========================browserstack.yml checks========================
2026-03-10T06:21:12.309Z CLI info [debug-utility]   Validating browserstack.yml configuration
2026-03-10T06:21:12.309Z CLI info [debug-utility]   browserstack.yml configuration validation completed
2026-03-10T06:21:12.309Z CLI info [debug-utility]   

========================Project configuration checks========================
2026-03-10T06:21:13.953Z CLI info [debug-utility]   Detecting Node.js version used in the project
2026-03-10T06:21:14.128Z CLI info [debug-utility]   Node.js version detection failed
2026-03-10T06:21:14.128Z CLI error [debug-utility]          Error occurred while detecting Node.js version: Command failed: C:\Program Files\nodejs\node.exe -v
'C:\Program' is not recognized as an internal or external command,
operable program or batch file.

2026-03-10T06:21:14.128Z CLI info [debug-utility]   Verifying installation of BrowserStack SDK
2026-03-10T06:21:14.128Z CLI info [debug-utility]   BrowserStack SDK is installed
2026-03-10T06:21:14.128Z CLI info [debug-utility]          Detected BrowserStack SDK version: 1.50.1
2026-03-10T06:21:14.128Z CLI info [debug-utility]   Detecting frameworks used in the project
2026-03-10T06:21:14.129Z CLI info [debug-utility]   Framework detection completed
2026-03-10T06:21:14.129Z CLI info [debug-utility]          Detected frameworks with versions: {"@playwright/test":"1.58.2","@cucumber/cucumber":"11.3.0"}
2026-03-10T06:21:14.129Z CLI info [debug-utility]   

========================Version compatibility checks========================
2026-03-10T06:21:14.129Z CLI info [debug-utility]   Skipping version compatibility check due to incompatible setup detection.
2026-03-10T06:21:14.129Z CLI debug [debug-utility]   Sending data to EDS: {"event_type":"sdk_events","data":{"testhub_uuid":"","created_day":"2026-03-10T06:21:14.129 UTC","event_name":"SDK_DEBUG_UTILITY_REPORT","user_data":"kjavedirfan_eZBoq7","host_info":"{\"hostname\":\"pe2vdfqaper-018\",\"platform\":\"win32\",\"type\":\"Windows_NT\",\"version\":\"Windows 10 Enterprise\",\"arch\":\"x64\"}","event_json":{"cliArgs":"C:\\Users\\KSuvarna\\.browserstack\\cli\\binary-win-x64.exe C:\\snapshot\\browserstack-binary\\cli\\dist\\index.js sdk","cliVersion":"1.24.3","results":{"system_check":{"metadata":{},"status":true,"messages":[]},"parse_yml":{"metadata":{},"status":true,"messages":[]},"connectivity_check":{"metadata":{"proxySettings":""},"status":true,"messages":[]},"validate_yml":{"metadata":{},"status":true,"messages":[]},"parse_project_config":{"metadata":{"configFilePath":"C:\\Users\\KSuvarna\\Desktop\\follet-test-steps\\package.json"},"status":false,"messages":["Error occurred while detecting Node.js version: Command failed: C:\\Program Files\\nodejs\\node.exe -v\n'C:\\Program' is not recognized as an internal or external command,\r\noperable program or batch file.\r\n"]},"version_compatibility":{"metadata":{},"status":false,"messages":["skipped"]}},"projectDirectory":"C:\\Users\\KSuvarna\\Desktop\\follet-test-steps","bstackconfigFilePath":"C:\\Users\\KSuvarna\\Desktop\\follet-test-steps\\browserstack.yml","projectConfigFilePath":null,"userProxyConfig":null,"sdkVersion":"1.50.1","language":"node","languageVersion":null,"frameworks":{"@playwright/test":"1.58.2","@cucumber/cucumber":"11.3.0"}}}}
2026-03-10T06:21:14.165Z CLI debug [debug-utility]   Data sent successfully to https://eds.browserstack.com with response 200
2026-03-10T06:25:16.470Z CLI info [debug-utility]   Starting debug utility in non-interactive mode with options: {"projectDirectory":"C:\\Users\\KSuvarna\\Desktop\\follet-test-steps","language":"node","username":"kjavedirfan_eZBoq7","key":"wMYFrmsNHB7QEs1RBFu8","bstackconfigFilePath":"C:\\Users\\KSuvarna\\Desktop\\follet-test-steps\\browserstack.yml"}
2026-03-10T06:25:16.470Z CLI info [debug-utility]   ======================system permissions checks======================
2026-03-10T06:25:16.473Z CLI info [debug-utility]   Checking write permissions for directory: C:\Users\KSuvarna\Desktop\follet-test-steps
2026-03-10T06:25:16.473Z CLI info [debug-utility]   Write permissions check completed for directory: C:\Users\KSuvarna\Desktop\follet-test-steps
2026-03-10T06:25:16.473Z CLI info [debug-utility]   Checking write permissions for directory: C:\Users\KSuvarna\.browserstack
2026-03-10T06:25:16.474Z CLI info [debug-utility]   Write permissions check completed for directory: C:\Users\KSuvarna\.browserstack
2026-03-10T06:25:16.474Z CLI info [debug-utility]   

========================Detecting browserstack.yml========================
2026-03-10T06:25:16.478Z CLI info [debug-utility]   

========================connectivity checks========================
2026-03-10T06:25:16.478Z CLI info [debug-utility]   No proxy settings detected.
2026-03-10T06:25:16.478Z CLI info [debug-utility]   -------------------------------------------------
2026-03-10T06:25:16.478Z CLI info [debug-utility]   Host: api.browserstack.com
2026-03-10T06:25:16.478Z CLI info [debug-utility]   Checking connectivity to: https://api.browserstack.com/robots.txt without Proxy
2026-03-10T06:25:16.572Z CLI info [debug-utility]   Connectivity check completed for URL without Proxy: https://api.browserstack.com/robots.txt
2026-03-10T06:25:16.572Z CLI info [debug-utility]   -------------------------------------------------
2026-03-10T06:25:16.573Z CLI info [debug-utility]   Host: api-cloud.browserstack.com
2026-03-10T06:25:16.573Z CLI info [debug-utility]   Checking connectivity to: https://api-cloud.browserstack.com without Proxy
2026-03-10T06:25:16.763Z CLI info [debug-utility]   Connectivity check completed for URL without Proxy: https://api-cloud.browserstack.com
2026-03-10T06:25:16.763Z CLI info [debug-utility]   -------------------------------------------------
2026-03-10T06:25:16.763Z CLI info [debug-utility]   Host: www.browserstack.com
2026-03-10T06:25:16.763Z CLI info [debug-utility]   Checking connectivity to: https://www.browserstack.com/robots.txt without Proxy
2026-03-10T06:25:16.806Z CLI info [debug-utility]   Connectivity check completed for URL without Proxy: https://www.browserstack.com/robots.txt
2026-03-10T06:25:16.806Z CLI info [debug-utility]   -------------------------------------------------
2026-03-10T06:25:16.807Z CLI info [debug-utility]   Host: automate.browserstack.com
2026-03-10T06:25:16.807Z CLI info [debug-utility]   Checking connectivity to: https://automate.browserstack.com/robots.txt without Proxy
2026-03-10T06:25:16.951Z CLI info [debug-utility]   Connectivity check completed for URL without Proxy: https://automate.browserstack.com/robots.txt
2026-03-10T06:25:16.951Z CLI info [debug-utility]   -------------------------------------------------
2026-03-10T06:25:16.952Z CLI info [debug-utility]   Host: app-automate.browserstack.com
2026-03-10T06:25:16.952Z CLI info [debug-utility]   Checking connectivity to: https://app-automate.browserstack.com/robots.txt without Proxy
2026-03-10T06:25:17.095Z CLI info [debug-utility]   Connectivity check completed for URL without Proxy: https://app-automate.browserstack.com/robots.txt
2026-03-10T06:25:17.095Z CLI info [debug-utility]   -------------------------------------------------
2026-03-10T06:25:17.096Z CLI info [debug-utility]   Host: hub.browserstack.com
2026-03-10T06:25:17.096Z CLI info [debug-utility]   Checking connectivity to: https://hub.browserstack.com/wd/hub without Proxy
2026-03-10T06:25:17.170Z CLI info [debug-utility]   Connectivity check completed for URL without Proxy: https://hub.browserstack.com/wd/hub
2026-03-10T06:25:17.170Z CLI info [debug-utility]   -------------------------------------------------
2026-03-10T06:25:17.170Z CLI info [debug-utility]   Host: hub.browserstack.com
2026-03-10T06:25:17.170Z CLI info [debug-utility]   Checking connectivity to: http://hub.browserstack.com/wd/hub without Proxy
2026-03-10T06:25:17.200Z CLI info [debug-utility]   Connectivity check completed for URL without Proxy: http://hub.browserstack.com/wd/hub
2026-03-10T06:25:17.200Z CLI info [debug-utility]   -------------------------------------------------
2026-03-10T06:25:17.200Z CLI info [debug-utility]   Host: cdp.browserstack.com
2026-03-10T06:25:17.200Z CLI info [debug-utility]   Checking connectivity to: https://cdp.browserstack.com without Proxy
2026-03-10T06:25:17.289Z CLI info [debug-utility]   Connectivity check completed for URL without Proxy: https://cdp.browserstack.com
2026-03-10T06:25:17.290Z CLI info [debug-utility]   -------------------------------------------------
2026-03-10T06:25:17.290Z CLI info [debug-utility]   Host: upload-observability.browserstack.com
2026-03-10T06:25:17.290Z CLI info [debug-utility]   Checking connectivity to: https://upload-observability.browserstack.com without Proxy
2026-03-10T06:25:17.390Z CLI info [debug-utility]   Connectivity check completed for URL without Proxy: https://upload-observability.browserstack.com
2026-03-10T06:25:17.390Z CLI info [debug-utility]   -------------------------------------------------
2026-03-10T06:25:17.390Z CLI info [debug-utility]   Host: collector-observability.browserstack.com
2026-03-10T06:25:17.390Z CLI info [debug-utility]   Checking connectivity to: https://collector-observability.browserstack.com without Proxy
2026-03-10T06:25:17.521Z CLI info [debug-utility]   Connectivity check completed for URL without Proxy: https://collector-observability.browserstack.com
2026-03-10T06:25:17.521Z CLI info [debug-utility]   -------------------------------------------------
2026-03-10T06:25:17.521Z CLI info [debug-utility]   Host: eds.browserstack.com
2026-03-10T06:25:17.521Z CLI info [debug-utility]   Checking connectivity to: https://eds.browserstack.com without Proxy
2026-03-10T06:25:17.558Z CLI info [debug-utility]   Connectivity check completed for URL without Proxy: https://eds.browserstack.com
2026-03-10T06:25:17.559Z CLI info [debug-utility]   -------------------------------------------------
2026-03-10T06:25:17.559Z CLI info [debug-utility]   Host: sdk.browserstack.com
2026-03-10T06:25:17.559Z CLI info [debug-utility]   Checking connectivity to: https://sdk.browserstack.com without Proxy
2026-03-10T06:25:17.676Z CLI info [debug-utility]   Connectivity check completed for URL without Proxy: https://sdk.browserstack.com
2026-03-10T06:25:17.676Z CLI info [debug-utility]   
Connectivity check results summary:
2026-03-10T06:25:17.676Z CLI info [debug-utility]   All connectivity checks passed
2026-03-10T06:25:17.676Z CLI info [debug-utility]   

========================browserstack.yml checks========================
2026-03-10T06:25:17.677Z CLI info [debug-utility]   Validating browserstack.yml configuration
2026-03-10T06:25:17.677Z CLI info [debug-utility]   browserstack.yml configuration validation completed
2026-03-10T06:25:17.677Z CLI info [debug-utility]   

========================Project configuration checks========================
2026-03-10T06:25:19.243Z CLI info [debug-utility]   Detecting Node.js version used in the project
2026-03-10T06:25:19.406Z CLI info [debug-utility]   Node.js version detection failed
2026-03-10T06:25:19.406Z CLI error [debug-utility]          Error occurred while detecting Node.js version: Command failed: C:\Program Files\nodejs\node.exe -v
'C:\Program' is not recognized as an internal or external command,
operable program or batch file.

2026-03-10T06:25:19.406Z CLI info [debug-utility]   Verifying installation of BrowserStack SDK
2026-03-10T06:25:19.406Z CLI info [debug-utility]   BrowserStack SDK is installed
2026-03-10T06:25:19.406Z CLI info [debug-utility]          Detected BrowserStack SDK version: 1.50.1
2026-03-10T06:25:19.406Z CLI info [debug-utility]   Detecting frameworks used in the project
2026-03-10T06:25:19.406Z CLI info [debug-utility]   Framework detection completed
2026-03-10T06:25:19.407Z CLI info [debug-utility]          Detected frameworks with versions: {"@playwright/test":"1.58.2","@cucumber/cucumber":"11.3.0"}
2026-03-10T06:25:19.407Z CLI info [debug-utility]   

========================Version compatibility checks========================
2026-03-10T06:25:19.407Z CLI info [debug-utility]   Skipping version compatibility check due to incompatible setup detection.
2026-03-10T06:25:19.407Z CLI debug [debug-utility]   Sending data to EDS: {"event_type":"sdk_events","data":{"testhub_uuid":"","created_day":"2026-03-10T06:25:19.407 UTC","event_name":"SDK_DEBUG_UTILITY_REPORT","user_data":"kjavedirfan_eZBoq7","host_info":"{\"hostname\":\"pe2vdfqaper-018\",\"platform\":\"win32\",\"type\":\"Windows_NT\",\"version\":\"Windows 10 Enterprise\",\"arch\":\"x64\"}","event_json":{"cliArgs":"C:\\Users\\KSuvarna\\.browserstack\\cli\\binary-win-x64.exe C:\\snapshot\\browserstack-binary\\cli\\dist\\index.js sdk","cliVersion":"1.24.3","results":{"system_check":{"metadata":{},"status":true,"messages":[]},"parse_yml":{"metadata":{},"status":true,"messages":[]},"connectivity_check":{"metadata":{"proxySettings":""},"status":true,"messages":[]},"validate_yml":{"metadata":{},"status":true,"messages":[]},"parse_project_config":{"metadata":{"configFilePath":"C:\\Users\\KSuvarna\\Desktop\\follet-test-steps\\package.json"},"status":false,"messages":["Error occurred while detecting Node.js version: Command failed: C:\\Program Files\\nodejs\\node.exe -v\n'C:\\Program' is not recognized as an internal or external command,\r\noperable program or batch file.\r\n"]},"version_compatibility":{"metadata":{},"status":false,"messages":["skipped"]}},"projectDirectory":"C:\\Users\\KSuvarna\\Desktop\\follet-test-steps","bstackconfigFilePath":"C:\\Users\\KSuvarna\\Desktop\\follet-test-steps\\browserstack.yml","projectConfigFilePath":null,"userProxyConfig":null,"sdkVersion":"1.50.1","language":"node","languageVersion":null,"frameworks":{"@playwright/test":"1.58.2","@cucumber/cucumber":"11.3.0"}}}}
2026-03-10T06:25:19.445Z CLI debug [debug-utility]   Data sent successfully to https://eds.browserstack.com with response 200
2026-03-10T06:40:22.987Z CLI info [debug-utility]   Starting debug utility in non-interactive mode with options: {"projectDirectory":"C:\\Users\\KSuvarna\\Desktop\\follet-test-steps","language":"node","username":"kjavedirfan_eZBoq7","key":"wMYFrmsNHB7QEs1RBFu8","bstackconfigFilePath":"C:\\Users\\KSuvarna\\Desktop\\follet-test-steps\\browserstack.yml"}
2026-03-10T06:40:22.987Z CLI info [debug-utility]   ======================system permissions checks======================
2026-03-10T06:40:22.991Z CLI info [debug-utility]   Checking write permissions for directory: C:\Users\KSuvarna\Desktop\follet-test-steps
2026-03-10T06:40:22.991Z CLI info [debug-utility]   Write permissions check completed for directory: C:\Users\KSuvarna\Desktop\follet-test-steps
2026-03-10T06:40:22.992Z CLI info [debug-utility]   Checking write permissions for directory: C:\Users\KSuvarna\.browserstack
2026-03-10T06:40:22.992Z CLI info [debug-utility]   Write permissions check completed for directory: C:\Users\KSuvarna\.browserstack
2026-03-10T06:40:22.992Z CLI info [debug-utility]   

========================Detecting browserstack.yml========================
2026-03-10T06:40:22.996Z CLI info [debug-utility]   

========================connectivity checks========================
2026-03-10T06:40:22.997Z CLI info [debug-utility]   No proxy settings detected.
2026-03-10T06:40:22.997Z CLI info [debug-utility]   -------------------------------------------------
2026-03-10T06:40:22.997Z CLI info [debug-utility]   Host: api.browserstack.com
2026-03-10T06:40:22.997Z CLI info [debug-utility]   Checking connectivity to: https://api.browserstack.com/robots.txt without Proxy
2026-03-10T06:40:23.133Z CLI info [debug-utility]   Connectivity check completed for URL without Proxy: https://api.browserstack.com/robots.txt
2026-03-10T06:40:23.133Z CLI info [debug-utility]   -------------------------------------------------
2026-03-10T06:40:23.133Z CLI info [debug-utility]   Host: api-cloud.browserstack.com
2026-03-10T06:40:23.133Z CLI info [debug-utility]   Checking connectivity to: https://api-cloud.browserstack.com without Proxy
2026-03-10T06:40:23.320Z CLI info [debug-utility]   Connectivity check completed for URL without Proxy: https://api-cloud.browserstack.com
2026-03-10T06:40:23.320Z CLI info [debug-utility]   -------------------------------------------------
2026-03-10T06:40:23.321Z CLI info [debug-utility]   Host: www.browserstack.com
2026-03-10T06:40:23.321Z CLI info [debug-utility]   Checking connectivity to: https://www.browserstack.com/robots.txt without Proxy
2026-03-10T06:40:23.454Z CLI info [debug-utility]   Connectivity check completed for URL without Proxy: https://www.browserstack.com/robots.txt
2026-03-10T06:40:23.454Z CLI info [debug-utility]   -------------------------------------------------
2026-03-10T06:40:23.454Z CLI info [debug-utility]   Host: automate.browserstack.com
2026-03-10T06:40:23.454Z CLI info [debug-utility]   Checking connectivity to: https://automate.browserstack.com/robots.txt without Proxy
2026-03-10T06:40:23.620Z CLI info [debug-utility]   Connectivity check completed for URL without Proxy: https://automate.browserstack.com/robots.txt
2026-03-10T06:40:23.620Z CLI info [debug-utility]   -------------------------------------------------
2026-03-10T06:40:23.620Z CLI info [debug-utility]   Host: app-automate.browserstack.com
2026-03-10T06:40:23.620Z CLI info [debug-utility]   Checking connectivity to: https://app-automate.browserstack.com/robots.txt without Proxy
2026-03-10T06:40:23.776Z CLI info [debug-utility]   Connectivity check completed for URL without Proxy: https://app-automate.browserstack.com/robots.txt
2026-03-10T06:40:23.776Z CLI info [debug-utility]   -------------------------------------------------
2026-03-10T06:40:23.776Z CLI info [debug-utility]   Host: hub.browserstack.com
2026-03-10T06:40:23.777Z CLI info [debug-utility]   Checking connectivity to: https://hub.browserstack.com/wd/hub without Proxy
2026-03-10T06:40:23.817Z CLI info [debug-utility]   Connectivity check completed for URL without Proxy: https://hub.browserstack.com/wd/hub
2026-03-10T06:40:23.817Z CLI info [debug-utility]   -------------------------------------------------
2026-03-10T06:40:23.817Z CLI info [debug-utility]   Host: hub.browserstack.com
2026-03-10T06:40:23.817Z CLI info [debug-utility]   Checking connectivity to: http://hub.browserstack.com/wd/hub without Proxy
2026-03-10T06:40:23.840Z CLI info [debug-utility]   Connectivity check completed for URL without Proxy: http://hub.browserstack.com/wd/hub
2026-03-10T06:40:23.840Z CLI info [debug-utility]   -------------------------------------------------
2026-03-10T06:40:23.840Z CLI info [debug-utility]   Host: cdp.browserstack.com
2026-03-10T06:40:23.840Z CLI info [debug-utility]   Checking connectivity to: https://cdp.browserstack.com without Proxy
2026-03-10T06:40:23.993Z CLI info [debug-utility]   Connectivity check completed for URL without Proxy: https://cdp.browserstack.com
2026-03-10T06:40:23.993Z CLI info [debug-utility]   -------------------------------------------------
2026-03-10T06:40:23.994Z CLI info [debug-utility]   Host: upload-observability.browserstack.com
2026-03-10T06:40:23.994Z CLI info [debug-utility]   Checking connectivity to: https://upload-observability.browserstack.com without Proxy
2026-03-10T06:40:24.235Z CLI info [debug-utility]   Connectivity check completed for URL without Proxy: https://upload-observability.browserstack.com
2026-03-10T06:40:24.235Z CLI info [debug-utility]   -------------------------------------------------
2026-03-10T06:40:24.235Z CLI info [debug-utility]   Host: collector-observability.browserstack.com
2026-03-10T06:40:24.235Z CLI info [debug-utility]   Checking connectivity to: https://collector-observability.browserstack.com without Proxy
2026-03-10T06:40:24.563Z CLI info [debug-utility]   Connectivity check completed for URL without Proxy: https://collector-observability.browserstack.com
2026-03-10T06:40:24.563Z CLI info [debug-utility]   -------------------------------------------------
2026-03-10T06:40:24.563Z CLI info [debug-utility]   Host: eds.browserstack.com
2026-03-10T06:40:24.563Z CLI info [debug-utility]   Checking connectivity to: https://eds.browserstack.com without Proxy
2026-03-10T06:40:24.674Z CLI info [debug-utility]   Connectivity check completed for URL without Proxy: https://eds.browserstack.com
2026-03-10T06:40:24.675Z CLI info [debug-utility]   -------------------------------------------------
2026-03-10T06:40:24.675Z CLI info [debug-utility]   Host: sdk.browserstack.com
2026-03-10T06:40:24.675Z CLI info [debug-utility]   Checking connectivity to: https://sdk.browserstack.com without Proxy
2026-03-10T06:40:24.806Z CLI info [debug-utility]   Connectivity check completed for URL without Proxy: https://sdk.browserstack.com
2026-03-10T06:40:24.806Z CLI info [debug-utility]   
Connectivity check results summary:
2026-03-10T06:40:24.806Z CLI info [debug-utility]   All connectivity checks passed
2026-03-10T06:40:24.806Z CLI info [debug-utility]   

========================browserstack.yml checks========================
2026-03-10T06:40:24.806Z CLI info [debug-utility]   Validating browserstack.yml configuration
2026-03-10T06:40:24.807Z CLI info [debug-utility]   browserstack.yml configuration validation completed
2026-03-10T06:40:24.807Z CLI info [debug-utility]   

========================Project configuration checks========================
2026-03-10T06:40:26.489Z CLI info [debug-utility]   Detecting Node.js version used in the project
2026-03-10T06:40:26.656Z CLI info [debug-utility]   Node.js version detection failed
2026-03-10T06:40:26.657Z CLI error [debug-utility]          Error occurred while detecting Node.js version: Command failed: C:\Program Files\nodejs\node.exe -v
'C:\Program' is not recognized as an internal or external command,
operable program or batch file.

2026-03-10T06:40:26.657Z CLI info [debug-utility]   Verifying installation of BrowserStack SDK
2026-03-10T06:40:26.657Z CLI info [debug-utility]   BrowserStack SDK is installed
2026-03-10T06:40:26.657Z CLI info [debug-utility]          Detected BrowserStack SDK version: 1.50.1
2026-03-10T06:40:26.657Z CLI info [debug-utility]   Detecting frameworks used in the project
2026-03-10T06:40:26.657Z CLI info [debug-utility]   Framework detection completed
2026-03-10T06:40:26.657Z CLI info [debug-utility]          Detected frameworks with versions: {"@playwright/test":"1.58.2","@cucumber/cucumber":"11.3.0"}
2026-03-10T06:40:26.657Z CLI info [debug-utility]   

========================Version compatibility checks========================
2026-03-10T06:40:26.658Z CLI info [debug-utility]   Skipping version compatibility check due to incompatible setup detection.
2026-03-10T06:40:26.658Z CLI debug [debug-utility]   Sending data to EDS: {"event_type":"sdk_events","data":{"testhub_uuid":"","created_day":"2026-03-10T06:40:26.658 UTC","event_name":"SDK_DEBUG_UTILITY_REPORT","user_data":"kjavedirfan_eZBoq7","host_info":"{\"hostname\":\"pe2vdfqaper-018\",\"platform\":\"win32\",\"type\":\"Windows_NT\",\"version\":\"Windows 10 Enterprise\",\"arch\":\"x64\"}","event_json":{"cliArgs":"C:\\Users\\KSuvarna\\.browserstack\\cli\\binary-win-x64.exe C:\\snapshot\\browserstack-binary\\cli\\dist\\index.js sdk","cliVersion":"1.24.3","results":{"system_check":{"metadata":{},"status":true,"messages":[]},"parse_yml":{"metadata":{},"status":true,"messages":[]},"connectivity_check":{"metadata":{"proxySettings":""},"status":true,"messages":[]},"validate_yml":{"metadata":{},"status":true,"messages":[]},"parse_project_config":{"metadata":{"configFilePath":"C:\\Users\\KSuvarna\\Desktop\\follet-test-steps\\package.json"},"status":false,"messages":["Error occurred while detecting Node.js version: Command failed: C:\\Program Files\\nodejs\\node.exe -v\n'C:\\Program' is not recognized as an internal or external command,\r\noperable program or batch file.\r\n"]},"version_compatibility":{"metadata":{},"status":false,"messages":["skipped"]}},"projectDirectory":"C:\\Users\\KSuvarna\\Desktop\\follet-test-steps","bstackconfigFilePath":"C:\\Users\\KSuvarna\\Desktop\\follet-test-steps\\browserstack.yml","projectConfigFilePath":null,"userProxyConfig":null,"sdkVersion":"1.50.1","language":"node","languageVersion":null,"frameworks":{"@playwright/test":"1.58.2","@cucumber/cucumber":"11.3.0"}}}}
2026-03-10T06:40:26.688Z CLI debug [debug-utility]   Data sent successfully to https://eds.browserstack.com with response 200
2026-03-10T06:43:34.971Z CLI info [debug-utility]   Starting debug utility in non-interactive mode with options: {"projectDirectory":"C:\\Users\\KSuvarna\\Desktop\\follet-test-steps","language":"node","username":"kjavedirfan_eZBoq7","key":"wMYFrmsNHB7QEs1RBFu8","bstackconfigFilePath":"C:\\Users\\KSuvarna\\Desktop\\follet-test-steps\\browserstack.yml"}
2026-03-10T06:43:34.972Z CLI info [debug-utility]   ======================system permissions checks======================
2026-03-10T06:43:34.976Z CLI info [debug-utility]   Checking write permissions for directory: C:\Users\KSuvarna\Desktop\follet-test-steps
2026-03-10T06:43:34.976Z CLI info [debug-utility]   Write permissions check completed for directory: C:\Users\KSuvarna\Desktop\follet-test-steps
2026-03-10T06:43:34.977Z CLI info [debug-utility]   Checking write permissions for directory: C:\Users\KSuvarna\.browserstack
2026-03-10T06:43:34.977Z CLI info [debug-utility]   Write permissions check completed for directory: C:\Users\KSuvarna\.browserstack
2026-03-10T06:43:34.978Z CLI info [debug-utility]   

========================Detecting browserstack.yml========================
2026-03-10T06:43:34.982Z CLI info [debug-utility]   

========================connectivity checks========================
2026-03-10T06:43:34.982Z CLI info [debug-utility]   No proxy settings detected.
2026-03-10T06:43:34.982Z CLI info [debug-utility]   -------------------------------------------------
2026-03-10T06:43:34.982Z CLI info [debug-utility]   Host: api.browserstack.com
2026-03-10T06:43:34.982Z CLI info [debug-utility]   Checking connectivity to: https://api.browserstack.com/robots.txt without Proxy
2026-03-10T06:43:35.098Z CLI info [debug-utility]   Connectivity check completed for URL without Proxy: https://api.browserstack.com/robots.txt
2026-03-10T06:43:35.098Z CLI info [debug-utility]   -------------------------------------------------
2026-03-10T06:43:35.098Z CLI info [debug-utility]   Host: api-cloud.browserstack.com
2026-03-10T06:43:35.098Z CLI info [debug-utility]   Checking connectivity to: https://api-cloud.browserstack.com without Proxy
2026-03-10T06:43:35.260Z CLI info [debug-utility]   Connectivity check completed for URL without Proxy: https://api-cloud.browserstack.com
2026-03-10T06:43:35.260Z CLI info [debug-utility]   -------------------------------------------------
2026-03-10T06:43:35.260Z CLI info [debug-utility]   Host: www.browserstack.com
2026-03-10T06:43:35.260Z CLI info [debug-utility]   Checking connectivity to: https://www.browserstack.com/robots.txt without Proxy
2026-03-10T06:43:35.326Z CLI info [debug-utility]   Connectivity check completed for URL without Proxy: https://www.browserstack.com/robots.txt
2026-03-10T06:43:35.326Z CLI info [debug-utility]   -------------------------------------------------
2026-03-10T06:43:35.326Z CLI info [debug-utility]   Host: automate.browserstack.com
2026-03-10T06:43:35.326Z CLI info [debug-utility]   Checking connectivity to: https://automate.browserstack.com/robots.txt without Proxy
2026-03-10T06:43:35.462Z CLI info [debug-utility]   Connectivity check completed for URL without Proxy: https://automate.browserstack.com/robots.txt
2026-03-10T06:43:35.463Z CLI info [debug-utility]   -------------------------------------------------
2026-03-10T06:43:35.463Z CLI info [debug-utility]   Host: app-automate.browserstack.com
2026-03-10T06:43:35.463Z CLI info [debug-utility]   Checking connectivity to: https://app-automate.browserstack.com/robots.txt without Proxy
2026-03-10T06:43:35.608Z CLI info [debug-utility]   Connectivity check completed for URL without Proxy: https://app-automate.browserstack.com/robots.txt
2026-03-10T06:43:35.609Z CLI info [debug-utility]   -------------------------------------------------
2026-03-10T06:43:35.609Z CLI info [debug-utility]   Host: hub.browserstack.com
2026-03-10T06:43:35.609Z CLI info [debug-utility]   Checking connectivity to: https://hub.browserstack.com/wd/hub without Proxy
2026-03-10T06:43:35.646Z CLI info [debug-utility]   Connectivity check completed for URL without Proxy: https://hub.browserstack.com/wd/hub
2026-03-10T06:43:35.646Z CLI info [debug-utility]   -------------------------------------------------
2026-03-10T06:43:35.646Z CLI info [debug-utility]   Host: hub.browserstack.com
2026-03-10T06:43:35.646Z CLI info [debug-utility]   Checking connectivity to: http://hub.browserstack.com/wd/hub without Proxy
2026-03-10T06:43:35.667Z CLI info [debug-utility]   Connectivity check completed for URL without Proxy: http://hub.browserstack.com/wd/hub
2026-03-10T06:43:35.668Z CLI info [debug-utility]   -------------------------------------------------
2026-03-10T06:43:35.668Z CLI info [debug-utility]   Host: cdp.browserstack.com
2026-03-10T06:43:35.668Z CLI info [debug-utility]   Checking connectivity to: https://cdp.browserstack.com without Proxy
2026-03-10T06:43:35.758Z CLI info [debug-utility]   Connectivity check completed for URL without Proxy: https://cdp.browserstack.com
2026-03-10T06:43:35.758Z CLI info [debug-utility]   -------------------------------------------------
2026-03-10T06:43:35.758Z CLI info [debug-utility]   Host: upload-observability.browserstack.com
2026-03-10T06:43:35.758Z CLI info [debug-utility]   Checking connectivity to: https://upload-observability.browserstack.com without Proxy
2026-03-10T06:43:35.859Z CLI info [debug-utility]   Connectivity check completed for URL without Proxy: https://upload-observability.browserstack.com
2026-03-10T06:43:35.859Z CLI info [debug-utility]   -------------------------------------------------
2026-03-10T06:43:35.860Z CLI info [debug-utility]   Host: collector-observability.browserstack.com
2026-03-10T06:43:35.860Z CLI info [debug-utility]   Checking connectivity to: https://collector-observability.browserstack.com without Proxy
2026-03-10T06:43:35.934Z CLI info [debug-utility]   Connectivity check completed for URL without Proxy: https://collector-observability.browserstack.com
2026-03-10T06:43:35.934Z CLI info [debug-utility]   -------------------------------------------------
2026-03-10T06:43:35.934Z CLI info [debug-utility]   Host: eds.browserstack.com
2026-03-10T06:43:35.934Z CLI info [debug-utility]   Checking connectivity to: https://eds.browserstack.com without Proxy
2026-03-10T06:43:35.971Z CLI info [debug-utility]   Connectivity check completed for URL without Proxy: https://eds.browserstack.com
2026-03-10T06:43:35.971Z CLI info [debug-utility]   -------------------------------------------------
2026-03-10T06:43:35.971Z CLI info [debug-utility]   Host: sdk.browserstack.com
2026-03-10T06:43:35.971Z CLI info [debug-utility]   Checking connectivity to: https://sdk.browserstack.com without Proxy
2026-03-10T06:43:36.079Z CLI info [debug-utility]   Connectivity check completed for URL without Proxy: https://sdk.browserstack.com
2026-03-10T06:43:36.080Z CLI info [debug-utility]   
Connectivity check results summary:
2026-03-10T06:43:36.080Z CLI info [debug-utility]   All connectivity checks passed
2026-03-10T06:43:36.080Z CLI info [debug-utility]   

========================browserstack.yml checks========================
2026-03-10T06:43:36.080Z CLI info [debug-utility]   Validating browserstack.yml configuration
2026-03-10T06:43:36.081Z CLI info [debug-utility]   browserstack.yml configuration validation completed
2026-03-10T06:43:36.081Z CLI info [debug-utility]   

========================Project configuration checks========================
2026-03-10T06:43:37.770Z CLI info [debug-utility]   Detecting Node.js version used in the project
2026-03-10T06:43:37.945Z CLI info [debug-utility]   Node.js version detection failed
2026-03-10T06:43:37.945Z CLI error [debug-utility]          Error occurred while detecting Node.js version: Command failed: C:\Program Files\nodejs\node.exe -v
'C:\Program' is not recognized as an internal or external command,
operable program or batch file.

2026-03-10T06:43:37.945Z CLI info [debug-utility]   Verifying installation of BrowserStack SDK
2026-03-10T06:43:37.945Z CLI info [debug-utility]   BrowserStack SDK is installed
2026-03-10T06:43:37.945Z CLI info [debug-utility]          Detected BrowserStack SDK version: 1.50.1
2026-03-10T06:43:37.946Z CLI info [debug-utility]   Detecting frameworks used in the project
2026-03-10T06:43:37.946Z CLI info [debug-utility]   Framework detection completed
2026-03-10T06:43:37.946Z CLI info [debug-utility]          Detected frameworks with versions: {"@playwright/test":"1.58.2","@cucumber/cucumber":"11.3.0"}
2026-03-10T06:43:37.946Z CLI info [debug-utility]   

========================Version compatibility checks========================
2026-03-10T06:43:37.946Z CLI info [debug-utility]   Skipping version compatibility check due to incompatible setup detection.
2026-03-10T06:43:37.946Z CLI debug [debug-utility]   Sending data to EDS: {"event_type":"sdk_events","data":{"testhub_uuid":"","created_day":"2026-03-10T06:43:37.946 UTC","event_name":"SDK_DEBUG_UTILITY_REPORT","user_data":"kjavedirfan_eZBoq7","host_info":"{\"hostname\":\"pe2vdfqaper-018\",\"platform\":\"win32\",\"type\":\"Windows_NT\",\"version\":\"Windows 10 Enterprise\",\"arch\":\"x64\"}","event_json":{"cliArgs":"C:\\Users\\KSuvarna\\.browserstack\\cli\\binary-win-x64.exe C:\\snapshot\\browserstack-binary\\cli\\dist\\index.js sdk","cliVersion":"1.24.3","results":{"system_check":{"metadata":{},"status":true,"messages":[]},"parse_yml":{"metadata":{},"status":true,"messages":[]},"connectivity_check":{"metadata":{"proxySettings":""},"status":true,"messages":[]},"validate_yml":{"metadata":{},"status":true,"messages":[]},"parse_project_config":{"metadata":{"configFilePath":"C:\\Users\\KSuvarna\\Desktop\\follet-test-steps\\package.json"},"status":false,"messages":["Error occurred while detecting Node.js version: Command failed: C:\\Program Files\\nodejs\\node.exe -v\n'C:\\Program' is not recognized as an internal or external command,\r\noperable program or batch file.\r\n"]},"version_compatibility":{"metadata":{},"status":false,"messages":["skipped"]}},"projectDirectory":"C:\\Users\\KSuvarna\\Desktop\\follet-test-steps","bstackconfigFilePath":"C:\\Users\\KSuvarna\\Desktop\\follet-test-steps\\browserstack.yml","projectConfigFilePath":null,"userProxyConfig":null,"sdkVersion":"1.50.1","language":"node","languageVersion":null,"frameworks":{"@playwright/test":"1.58.2","@cucumber/cucumber":"11.3.0"}}}}
2026-03-10T06:43:37.978Z CLI debug [debug-utility]   Data sent successfully to https://eds.browserstack.com with response 200
2026-03-10T06:44:52.079Z CLI info [debug-utility]   Starting debug utility in non-interactive mode with options: {"projectDirectory":"C:\\Users\\KSuvarna\\Desktop\\follet-test-steps","language":"node","username":"kjavedirfan_eZBoq7","key":"wMYFrmsNHB7QEs1RBFu8","bstackconfigFilePath":"C:\\Users\\KSuvarna\\Desktop\\follet-test-steps\\browserstack.yml"}
2026-03-10T06:44:52.079Z CLI info [debug-utility]   ======================system permissions checks======================
2026-03-10T06:44:52.082Z CLI info [debug-utility]   Checking write permissions for directory: C:\Users\KSuvarna\Desktop\follet-test-steps
2026-03-10T06:44:52.083Z CLI info [debug-utility]   Write permissions check completed for directory: C:\Users\KSuvarna\Desktop\follet-test-steps
2026-03-10T06:44:52.083Z CLI info [debug-utility]   Checking write permissions for directory: C:\Users\KSuvarna\.browserstack
2026-03-10T06:44:52.084Z CLI info [debug-utility]   Write permissions check completed for directory: C:\Users\KSuvarna\.browserstack
2026-03-10T06:44:52.085Z CLI info [debug-utility]   

========================Detecting browserstack.yml========================
2026-03-10T06:44:52.089Z CLI info [debug-utility]   

========================connectivity checks========================
2026-03-10T06:44:52.089Z CLI info [debug-utility]   No proxy settings detected.
2026-03-10T06:44:52.089Z CLI info [debug-utility]   -------------------------------------------------
2026-03-10T06:44:52.089Z CLI info [debug-utility]   Host: api.browserstack.com
2026-03-10T06:44:52.089Z CLI info [debug-utility]   Checking connectivity to: https://api.browserstack.com/robots.txt without Proxy
2026-03-10T06:44:52.190Z CLI info [debug-utility]   Connectivity check completed for URL without Proxy: https://api.browserstack.com/robots.txt
2026-03-10T06:44:52.190Z CLI info [debug-utility]   -------------------------------------------------
2026-03-10T06:44:52.190Z CLI info [debug-utility]   Host: api-cloud.browserstack.com
2026-03-10T06:44:52.190Z CLI info [debug-utility]   Checking connectivity to: https://api-cloud.browserstack.com without Proxy
2026-03-10T06:44:52.360Z CLI info [debug-utility]   Connectivity check completed for URL without Proxy: https://api-cloud.browserstack.com
2026-03-10T06:44:52.361Z CLI info [debug-utility]   -------------------------------------------------
2026-03-10T06:44:52.361Z CLI info [debug-utility]   Host: www.browserstack.com
2026-03-10T06:44:52.361Z CLI info [debug-utility]   Checking connectivity to: https://www.browserstack.com/robots.txt without Proxy
2026-03-10T06:44:52.404Z CLI info [debug-utility]   Connectivity check completed for URL without Proxy: https://www.browserstack.com/robots.txt
2026-03-10T06:44:52.404Z CLI info [debug-utility]   -------------------------------------------------
2026-03-10T06:44:52.405Z CLI info [debug-utility]   Host: automate.browserstack.com
2026-03-10T06:44:52.405Z CLI info [debug-utility]   Checking connectivity to: https://automate.browserstack.com/robots.txt without Proxy
2026-03-10T06:44:52.550Z CLI info [debug-utility]   Connectivity check completed for URL without Proxy: https://automate.browserstack.com/robots.txt
2026-03-10T06:44:52.550Z CLI info [debug-utility]   -------------------------------------------------
2026-03-10T06:44:52.550Z CLI info [debug-utility]   Host: app-automate.browserstack.com
2026-03-10T06:44:52.550Z CLI info [debug-utility]   Checking connectivity to: https://app-automate.browserstack.com/robots.txt without Proxy
2026-03-10T06:44:52.688Z CLI info [debug-utility]   Connectivity check completed for URL without Proxy: https://app-automate.browserstack.com/robots.txt
2026-03-10T06:44:52.688Z CLI info [debug-utility]   -------------------------------------------------
2026-03-10T06:44:52.688Z CLI info [debug-utility]   Host: hub.browserstack.com
2026-03-10T06:44:52.688Z CLI info [debug-utility]   Checking connectivity to: https://hub.browserstack.com/wd/hub without Proxy
2026-03-10T06:44:52.730Z CLI info [debug-utility]   Connectivity check completed for URL without Proxy: https://hub.browserstack.com/wd/hub
2026-03-10T06:44:52.730Z CLI info [debug-utility]   -------------------------------------------------
2026-03-10T06:44:52.730Z CLI info [debug-utility]   Host: hub.browserstack.com
2026-03-10T06:44:52.731Z CLI info [debug-utility]   Checking connectivity to: http://hub.browserstack.com/wd/hub without Proxy
2026-03-10T06:44:52.752Z CLI info [debug-utility]   Connectivity check completed for URL without Proxy: http://hub.browserstack.com/wd/hub
2026-03-10T06:44:52.752Z CLI info [debug-utility]   -------------------------------------------------
2026-03-10T06:44:52.752Z CLI info [debug-utility]   Host: cdp.browserstack.com
2026-03-10T06:44:52.752Z CLI info [debug-utility]   Checking connectivity to: https://cdp.browserstack.com without Proxy
2026-03-10T06:44:52.842Z CLI info [debug-utility]   Connectivity check completed for URL without Proxy: https://cdp.browserstack.com
2026-03-10T06:44:52.842Z CLI info [debug-utility]   -------------------------------------------------
2026-03-10T06:44:52.842Z CLI info [debug-utility]   Host: upload-observability.browserstack.com
2026-03-10T06:44:52.843Z CLI info [debug-utility]   Checking connectivity to: https://upload-observability.browserstack.com without Proxy
2026-03-10T06:44:52.940Z CLI info [debug-utility]   Connectivity check completed for URL without Proxy: https://upload-observability.browserstack.com
2026-03-10T06:44:52.940Z CLI info [debug-utility]   -------------------------------------------------
2026-03-10T06:44:52.940Z CLI info [debug-utility]   Host: collector-observability.browserstack.com
2026-03-10T06:44:52.940Z CLI info [debug-utility]   Checking connectivity to: https://collector-observability.browserstack.com without Proxy
2026-03-10T06:44:53.022Z CLI info [debug-utility]   Connectivity check completed for URL without Proxy: https://collector-observability.browserstack.com
2026-03-10T06:44:53.022Z CLI info [debug-utility]   -------------------------------------------------
2026-03-10T06:44:53.023Z CLI info [debug-utility]   Host: eds.browserstack.com
2026-03-10T06:44:53.023Z CLI info [debug-utility]   Checking connectivity to: https://eds.browserstack.com without Proxy
2026-03-10T06:44:53.062Z CLI info [debug-utility]   Connectivity check completed for URL without Proxy: https://eds.browserstack.com
2026-03-10T06:44:53.062Z CLI info [debug-utility]   -------------------------------------------------
2026-03-10T06:44:53.062Z CLI info [debug-utility]   Host: sdk.browserstack.com
2026-03-10T06:44:53.062Z CLI info [debug-utility]   Checking connectivity to: https://sdk.browserstack.com without Proxy
2026-03-10T06:44:53.176Z CLI info [debug-utility]   Connectivity check completed for URL without Proxy: https://sdk.browserstack.com
2026-03-10T06:44:53.176Z CLI info [debug-utility]   
Connectivity check results summary:
2026-03-10T06:44:53.176Z CLI info [debug-utility]   All connectivity checks passed
2026-03-10T06:44:53.176Z CLI info [debug-utility]   

========================browserstack.yml checks========================
2026-03-10T06:44:53.176Z CLI info [debug-utility]   Validating browserstack.yml configuration
2026-03-10T06:44:53.176Z CLI info [debug-utility]   browserstack.yml configuration validation completed
2026-03-10T06:44:53.177Z CLI info [debug-utility]   

========================Project configuration checks========================
2026-03-10T06:44:54.785Z CLI info [debug-utility]   Detecting Node.js version used in the project
2026-03-10T06:44:54.975Z CLI info [debug-utility]   Node.js version detection failed
2026-03-10T06:44:54.976Z CLI error [debug-utility]          Error occurred while detecting Node.js version: Command failed: C:\Program Files\nodejs\node.exe -v
'C:\Program' is not recognized as an internal or external command,
operable program or batch file.

2026-03-10T06:44:54.976Z CLI info [debug-utility]   Verifying installation of BrowserStack SDK
2026-03-10T06:44:54.976Z CLI info [debug-utility]   BrowserStack SDK is installed
2026-03-10T06:44:54.976Z CLI info [debug-utility]          Detected BrowserStack SDK version: 1.50.1
2026-03-10T06:44:54.976Z CLI info [debug-utility]   Detecting frameworks used in the project
2026-03-10T06:44:54.976Z CLI info [debug-utility]   Framework detection completed
2026-03-10T06:44:54.976Z CLI info [debug-utility]          Detected frameworks with versions: {"@playwright/test":"1.58.2","@cucumber/cucumber":"11.3.0"}
2026-03-10T06:44:54.976Z CLI info [debug-utility]   

========================Version compatibility checks========================
2026-03-10T06:44:54.977Z CLI info [debug-utility]   Skipping version compatibility check due to incompatible setup detection.
2026-03-10T06:44:54.977Z CLI debug [debug-utility]   Sending data to EDS: {"event_type":"sdk_events","data":{"testhub_uuid":"","created_day":"2026-03-10T06:44:54.977 UTC","event_name":"SDK_DEBUG_UTILITY_REPORT","user_data":"kjavedirfan_eZBoq7","host_info":"{\"hostname\":\"pe2vdfqaper-018\",\"platform\":\"win32\",\"type\":\"Windows_NT\",\"version\":\"Windows 10 Enterprise\",\"arch\":\"x64\"}","event_json":{"cliArgs":"C:\\Users\\KSuvarna\\.browserstack\\cli\\binary-win-x64.exe C:\\snapshot\\browserstack-binary\\cli\\dist\\index.js sdk","cliVersion":"1.24.3","results":{"system_check":{"metadata":{},"status":true,"messages":[]},"parse_yml":{"metadata":{},"status":true,"messages":[]},"connectivity_check":{"metadata":{"proxySettings":""},"status":true,"messages":[]},"validate_yml":{"metadata":{},"status":true,"messages":[]},"parse_project_config":{"metadata":{"configFilePath":"C:\\Users\\KSuvarna\\Desktop\\follet-test-steps\\package.json"},"status":false,"messages":["Error occurred while detecting Node.js version: Command failed: C:\\Program Files\\nodejs\\node.exe -v\n'C:\\Program' is not recognized as an internal or external command,\r\noperable program or batch file.\r\n"]},"version_compatibility":{"metadata":{},"status":false,"messages":["skipped"]}},"projectDirectory":"C:\\Users\\KSuvarna\\Desktop\\follet-test-steps","bstackconfigFilePath":"C:\\Users\\KSuvarna\\Desktop\\follet-test-steps\\browserstack.yml","projectConfigFilePath":null,"userProxyConfig":null,"sdkVersion":"1.50.1","language":"node","languageVersion":null,"frameworks":{"@playwright/test":"1.58.2","@cucumber/cucumber":"11.3.0"}}}}
2026-03-10T06:44:55.010Z CLI debug [debug-utility]   Data sent successfully to https://eds.browserstack.com with response 200
2026-03-10T07:10:13.428Z CLI info [debug-utility]   Starting debug utility in non-interactive mode with options: {"projectDirectory":"C:\\Users\\KSuvarna\\Desktop\\follet-test-steps","language":"node","username":"kjavedirfan_eZBoq7","key":"wMYFrmsNHB7QEs1RBFu8","bstackconfigFilePath":"C:\\Users\\KSuvarna\\Desktop\\follet-test-steps\\browserstack.yml"}
2026-03-10T07:10:13.429Z CLI info [debug-utility]   ======================system permissions checks======================
2026-03-10T07:10:13.433Z CLI info [debug-utility]   Checking write permissions for directory: C:\Users\KSuvarna\Desktop\follet-test-steps
2026-03-10T07:10:13.434Z CLI info [debug-utility]   Write permissions check completed for directory: C:\Users\KSuvarna\Desktop\follet-test-steps
2026-03-10T07:10:13.434Z CLI info [debug-utility]   Checking write permissions for directory: C:\Users\KSuvarna\.browserstack
2026-03-10T07:10:13.434Z CLI info [debug-utility]   Write permissions check completed for directory: C:\Users\KSuvarna\.browserstack
2026-03-10T07:10:13.435Z CLI info [debug-utility]   

========================Detecting browserstack.yml========================
2026-03-10T07:10:13.437Z CLI info [debug-utility]   

========================connectivity checks========================
2026-03-10T07:10:13.438Z CLI info [debug-utility]   No proxy settings detected.
2026-03-10T07:10:13.438Z CLI info [debug-utility]   -------------------------------------------------
2026-03-10T07:10:13.438Z CLI info [debug-utility]   Host: api.browserstack.com
2026-03-10T07:10:13.438Z CLI info [debug-utility]   Checking connectivity to: https://api.browserstack.com/robots.txt without Proxy
2026-03-10T07:10:13.630Z CLI info [debug-utility]   Connectivity check completed for URL without Proxy: https://api.browserstack.com/robots.txt
2026-03-10T07:10:13.630Z CLI info [debug-utility]   -------------------------------------------------
2026-03-10T07:10:13.630Z CLI info [debug-utility]   Host: api-cloud.browserstack.com
2026-03-10T07:10:13.630Z CLI info [debug-utility]   Checking connectivity to: https://api-cloud.browserstack.com without Proxy
2026-03-10T07:10:13.839Z CLI info [debug-utility]   Connectivity check completed for URL without Proxy: https://api-cloud.browserstack.com
2026-03-10T07:10:13.839Z CLI info [debug-utility]   -------------------------------------------------
2026-03-10T07:10:13.839Z CLI info [debug-utility]   Host: www.browserstack.com
2026-03-10T07:10:13.839Z CLI info [debug-utility]   Checking connectivity to: https://www.browserstack.com/robots.txt without Proxy
2026-03-10T07:10:13.989Z CLI info [debug-utility]   Connectivity check completed for URL without Proxy: https://www.browserstack.com/robots.txt
2026-03-10T07:10:13.989Z CLI info [debug-utility]   -------------------------------------------------
2026-03-10T07:10:13.989Z CLI info [debug-utility]   Host: automate.browserstack.com
2026-03-10T07:10:13.990Z CLI info [debug-utility]   Checking connectivity to: https://automate.browserstack.com/robots.txt without Proxy
2026-03-10T07:10:14.135Z CLI info [debug-utility]   Connectivity check completed for URL without Proxy: https://automate.browserstack.com/robots.txt
2026-03-10T07:10:14.135Z CLI info [debug-utility]   -------------------------------------------------
2026-03-10T07:10:14.136Z CLI info [debug-utility]   Host: app-automate.browserstack.com
2026-03-10T07:10:14.136Z CLI info [debug-utility]   Checking connectivity to: https://app-automate.browserstack.com/robots.txt without Proxy
2026-03-10T07:10:14.325Z CLI info [debug-utility]   Connectivity check completed for URL without Proxy: https://app-automate.browserstack.com/robots.txt
2026-03-10T07:10:14.325Z CLI info [debug-utility]   -------------------------------------------------
2026-03-10T07:10:14.325Z CLI info [debug-utility]   Host: hub.browserstack.com
2026-03-10T07:10:14.325Z CLI info [debug-utility]   Checking connectivity to: https://hub.browserstack.com/wd/hub without Proxy
2026-03-10T07:10:14.416Z CLI info [debug-utility]   Connectivity check completed for URL without Proxy: https://hub.browserstack.com/wd/hub
2026-03-10T07:10:14.417Z CLI info [debug-utility]   -------------------------------------------------
2026-03-10T07:10:14.417Z CLI info [debug-utility]   Host: hub.browserstack.com
2026-03-10T07:10:14.417Z CLI info [debug-utility]   Checking connectivity to: http://hub.browserstack.com/wd/hub without Proxy
2026-03-10T07:10:14.463Z CLI info [debug-utility]   Connectivity check completed for URL without Proxy: http://hub.browserstack.com/wd/hub
2026-03-10T07:10:14.463Z CLI info [debug-utility]   -------------------------------------------------
2026-03-10T07:10:14.463Z CLI info [debug-utility]   Host: cdp.browserstack.com
2026-03-10T07:10:14.463Z CLI info [debug-utility]   Checking connectivity to: https://cdp.browserstack.com without Proxy
2026-03-10T07:10:14.601Z CLI info [debug-utility]   Connectivity check completed for URL without Proxy: https://cdp.browserstack.com
2026-03-10T07:10:14.601Z CLI info [debug-utility]   -------------------------------------------------
2026-03-10T07:10:14.601Z CLI info [debug-utility]   Host: upload-observability.browserstack.com
2026-03-10T07:10:14.601Z CLI info [debug-utility]   Checking connectivity to: https://upload-observability.browserstack.com without Proxy
2026-03-10T07:10:14.711Z CLI info [debug-utility]   Connectivity check completed for URL without Proxy: https://upload-observability.browserstack.com
2026-03-10T07:10:14.712Z CLI info [debug-utility]   -------------------------------------------------
2026-03-10T07:10:14.712Z CLI info [debug-utility]   Host: collector-observability.browserstack.com
2026-03-10T07:10:14.712Z CLI info [debug-utility]   Checking connectivity to: https://collector-observability.browserstack.com without Proxy
2026-03-10T07:10:15.090Z CLI info [debug-utility]   Connectivity check completed for URL without Proxy: https://collector-observability.browserstack.com
2026-03-10T07:10:15.090Z CLI info [debug-utility]   -------------------------------------------------
2026-03-10T07:10:15.090Z CLI info [debug-utility]   Host: eds.browserstack.com
2026-03-10T07:10:15.090Z CLI info [debug-utility]   Checking connectivity to: https://eds.browserstack.com without Proxy
2026-03-10T07:10:15.215Z CLI info [debug-utility]   Connectivity check completed for URL without Proxy: https://eds.browserstack.com
2026-03-10T07:10:15.216Z CLI info [debug-utility]   -------------------------------------------------
2026-03-10T07:10:15.216Z CLI info [debug-utility]   Host: sdk.browserstack.com
2026-03-10T07:10:15.216Z CLI info [debug-utility]   Checking connectivity to: https://sdk.browserstack.com without Proxy
2026-03-10T07:10:15.347Z CLI info [debug-utility]   Connectivity check completed for URL without Proxy: https://sdk.browserstack.com
2026-03-10T07:10:15.347Z CLI info [debug-utility]   
Connectivity check results summary:
2026-03-10T07:10:15.348Z CLI info [debug-utility]   All connectivity checks passed
2026-03-10T07:10:15.348Z CLI info [debug-utility]   

========================browserstack.yml checks========================
2026-03-10T07:10:15.348Z CLI info [debug-utility]   Validating browserstack.yml configuration
2026-03-10T07:10:15.348Z CLI info [debug-utility]   browserstack.yml configuration validation completed
2026-03-10T07:10:15.348Z CLI info [debug-utility]   

========================Project configuration checks========================
2026-03-10T07:10:16.649Z CLI info [debug-utility]   Detecting Node.js version used in the project
2026-03-10T07:10:16.777Z CLI info [debug-utility]   Node.js version detection failed
2026-03-10T07:10:16.777Z CLI error [debug-utility]          Error occurred while detecting Node.js version: Command failed: C:\Program Files\nodejs\node.exe -v
'C:\Program' is not recognized as an internal or external command,
operable program or batch file.

2026-03-10T07:10:16.777Z CLI info [debug-utility]   Verifying installation of BrowserStack SDK
2026-03-10T07:10:16.777Z CLI info [debug-utility]   BrowserStack SDK is installed
2026-03-10T07:10:16.778Z CLI info [debug-utility]          Detected BrowserStack SDK version: 1.50.1
2026-03-10T07:10:16.778Z CLI info [debug-utility]   Detecting frameworks used in the project
2026-03-10T07:10:16.778Z CLI info [debug-utility]   Framework detection completed
2026-03-10T07:10:16.778Z CLI info [debug-utility]          Detected frameworks with versions: {"@playwright/test":"1.58.2","@cucumber/cucumber":"11.3.0"}
2026-03-10T07:10:16.778Z CLI info [debug-utility]   

========================Version compatibility checks========================
2026-03-10T07:10:16.778Z CLI info [debug-utility]   Skipping version compatibility check due to incompatible setup detection.
2026-03-10T07:10:16.778Z CLI debug [debug-utility]   Sending data to EDS: {"event_type":"sdk_events","data":{"testhub_uuid":"","created_day":"2026-03-10T07:10:16.778 UTC","event_name":"SDK_DEBUG_UTILITY_REPORT","user_data":"kjavedirfan_eZBoq7","host_info":"{\"hostname\":\"pe2vdfqaper-018\",\"platform\":\"win32\",\"type\":\"Windows_NT\",\"version\":\"Windows 10 Enterprise\",\"arch\":\"x64\"}","event_json":{"cliArgs":"C:\\Users\\KSuvarna\\.browserstack\\cli\\binary-win-x64.exe C:\\snapshot\\browserstack-binary\\cli\\dist\\index.js sdk","cliVersion":"1.24.3","results":{"system_check":{"metadata":{},"status":true,"messages":[]},"parse_yml":{"metadata":{},"status":true,"messages":[]},"connectivity_check":{"metadata":{"proxySettings":""},"status":true,"messages":[]},"validate_yml":{"metadata":{},"status":true,"messages":[]},"parse_project_config":{"metadata":{"configFilePath":"C:\\Users\\KSuvarna\\Desktop\\follet-test-steps\\package.json"},"status":false,"messages":["Error occurred while detecting Node.js version: Command failed: C:\\Program Files\\nodejs\\node.exe -v\n'C:\\Program' is not recognized as an internal or external command,\r\noperable program or batch file.\r\n"]},"version_compatibility":{"metadata":{},"status":false,"messages":["skipped"]}},"projectDirectory":"C:\\Users\\KSuvarna\\Desktop\\follet-test-steps","bstackconfigFilePath":"C:\\Users\\KSuvarna\\Desktop\\follet-test-steps\\browserstack.yml","projectConfigFilePath":null,"userProxyConfig":null,"sdkVersion":"1.50.1","language":"node","languageVersion":null,"frameworks":{"@playwright/test":"1.58.2","@cucumber/cucumber":"11.3.0"}}}}
2026-03-10T07:10:16.809Z CLI debug [debug-utility]   Data sent successfully to https://eds.browserstack.com with response 200
2026-03-10T07:12:26.282Z CLI info [debug-utility]   Starting debug utility in non-interactive mode with options: {"projectDirectory":"C:\\Users\\KSuvarna\\Desktop\\follet-test-steps","language":"node","username":"kjavedirfan_eZBoq7","key":"wMYFrmsNHB7QEs1RBFu8","bstackconfigFilePath":"C:\\Users\\KSuvarna\\Desktop\\follet-test-steps\\browserstack.yml"}
2026-03-10T07:12:26.282Z CLI info [debug-utility]   ======================system permissions checks======================
2026-03-10T07:12:26.285Z CLI info [debug-utility]   Checking write permissions for directory: C:\Users\KSuvarna\Desktop\follet-test-steps
2026-03-10T07:12:26.286Z CLI info [debug-utility]   Write permissions check completed for directory: C:\Users\KSuvarna\Desktop\follet-test-steps
2026-03-10T07:12:26.286Z CLI info [debug-utility]   Checking write permissions for directory: C:\Users\KSuvarna\.browserstack
2026-03-10T07:12:26.286Z CLI info [debug-utility]   Write permissions check completed for directory: C:\Users\KSuvarna\.browserstack
2026-03-10T07:12:26.287Z CLI info [debug-utility]   

========================Detecting browserstack.yml========================
2026-03-10T07:12:26.289Z CLI info [debug-utility]   

========================connectivity checks========================
2026-03-10T07:12:26.289Z CLI info [debug-utility]   No proxy settings detected.
2026-03-10T07:12:26.290Z CLI info [debug-utility]   -------------------------------------------------
2026-03-10T07:12:26.290Z CLI info [debug-utility]   Host: api.browserstack.com
2026-03-10T07:12:26.290Z CLI info [debug-utility]   Checking connectivity to: https://api.browserstack.com/robots.txt without Proxy
2026-03-10T07:12:26.383Z CLI info [debug-utility]   Connectivity check completed for URL without Proxy: https://api.browserstack.com/robots.txt
2026-03-10T07:12:26.383Z CLI info [debug-utility]   -------------------------------------------------
2026-03-10T07:12:26.383Z CLI info [debug-utility]   Host: api-cloud.browserstack.com
2026-03-10T07:12:26.383Z CLI info [debug-utility]   Checking connectivity to: https://api-cloud.browserstack.com without Proxy
2026-03-10T07:12:26.566Z CLI info [debug-utility]   Connectivity check completed for URL without Proxy: https://api-cloud.browserstack.com
2026-03-10T07:12:26.566Z CLI info [debug-utility]   -------------------------------------------------
2026-03-10T07:12:26.566Z CLI info [debug-utility]   Host: www.browserstack.com
2026-03-10T07:12:26.566Z CLI info [debug-utility]   Checking connectivity to: https://www.browserstack.com/robots.txt without Proxy
2026-03-10T07:12:26.636Z CLI info [debug-utility]   Connectivity check completed for URL without Proxy: https://www.browserstack.com/robots.txt
2026-03-10T07:12:26.636Z CLI info [debug-utility]   -------------------------------------------------
2026-03-10T07:12:26.636Z CLI info [debug-utility]   Host: automate.browserstack.com
2026-03-10T07:12:26.636Z CLI info [debug-utility]   Checking connectivity to: https://automate.browserstack.com/robots.txt without Proxy
2026-03-10T07:12:26.776Z CLI info [debug-utility]   Connectivity check completed for URL without Proxy: https://automate.browserstack.com/robots.txt
2026-03-10T07:12:26.776Z CLI info [debug-utility]   -------------------------------------------------
2026-03-10T07:12:26.776Z CLI info [debug-utility]   Host: app-automate.browserstack.com
2026-03-10T07:12:26.776Z CLI info [debug-utility]   Checking connectivity to: https://app-automate.browserstack.com/robots.txt without Proxy
2026-03-10T07:12:26.910Z CLI info [debug-utility]   Connectivity check completed for URL without Proxy: https://app-automate.browserstack.com/robots.txt
2026-03-10T07:12:26.910Z CLI info [debug-utility]   -------------------------------------------------
2026-03-10T07:12:26.910Z CLI info [debug-utility]   Host: hub.browserstack.com
2026-03-10T07:12:26.910Z CLI info [debug-utility]   Checking connectivity to: https://hub.browserstack.com/wd/hub without Proxy
2026-03-10T07:12:26.953Z CLI info [debug-utility]   Connectivity check completed for URL without Proxy: https://hub.browserstack.com/wd/hub
2026-03-10T07:12:26.953Z CLI info [debug-utility]   -------------------------------------------------
2026-03-10T07:12:26.953Z CLI info [debug-utility]   Host: hub.browserstack.com
2026-03-10T07:12:26.953Z CLI info [debug-utility]   Checking connectivity to: http://hub.browserstack.com/wd/hub without Proxy
2026-03-10T07:12:26.981Z CLI info [debug-utility]   Connectivity check completed for URL without Proxy: http://hub.browserstack.com/wd/hub
2026-03-10T07:12:26.981Z CLI info [debug-utility]   -------------------------------------------------
2026-03-10T07:12:26.981Z CLI info [debug-utility]   Host: cdp.browserstack.com
2026-03-10T07:12:26.981Z CLI info [debug-utility]   Checking connectivity to: https://cdp.browserstack.com without Proxy
2026-03-10T07:12:27.083Z CLI info [debug-utility]   Connectivity check completed for URL without Proxy: https://cdp.browserstack.com
2026-03-10T07:12:27.083Z CLI info [debug-utility]   -------------------------------------------------
2026-03-10T07:12:27.083Z CLI info [debug-utility]   Host: upload-observability.browserstack.com
2026-03-10T07:12:27.083Z CLI info [debug-utility]   Checking connectivity to: https://upload-observability.browserstack.com without Proxy
2026-03-10T07:12:27.164Z CLI info [debug-utility]   Connectivity check completed for URL without Proxy: https://upload-observability.browserstack.com
2026-03-10T07:12:27.165Z CLI info [debug-utility]   -------------------------------------------------
2026-03-10T07:12:27.165Z CLI info [debug-utility]   Host: collector-observability.browserstack.com
2026-03-10T07:12:27.165Z CLI info [debug-utility]   Checking connectivity to: https://collector-observability.browserstack.com without Proxy
2026-03-10T07:12:27.196Z CLI info [debug-utility]   Connectivity check completed for URL without Proxy: https://collector-observability.browserstack.com
2026-03-10T07:12:27.196Z CLI info [debug-utility]   -------------------------------------------------
2026-03-10T07:12:27.196Z CLI info [debug-utility]   Host: eds.browserstack.com
2026-03-10T07:12:27.196Z CLI info [debug-utility]   Checking connectivity to: https://eds.browserstack.com without Proxy
2026-03-10T07:12:27.232Z CLI info [debug-utility]   Connectivity check completed for URL without Proxy: https://eds.browserstack.com
2026-03-10T07:12:27.233Z CLI info [debug-utility]   -------------------------------------------------
2026-03-10T07:12:27.233Z CLI info [debug-utility]   Host: sdk.browserstack.com
2026-03-10T07:12:27.233Z CLI info [debug-utility]   Checking connectivity to: https://sdk.browserstack.com without Proxy
2026-03-10T07:12:27.358Z CLI info [debug-utility]   Connectivity check completed for URL without Proxy: https://sdk.browserstack.com
2026-03-10T07:12:27.358Z CLI info [debug-utility]   
Connectivity check results summary:
2026-03-10T07:12:27.359Z CLI info [debug-utility]   All connectivity checks passed
2026-03-10T07:12:27.359Z CLI info [debug-utility]   

========================browserstack.yml checks========================
2026-03-10T07:12:27.359Z CLI info [debug-utility]   Validating browserstack.yml configuration
2026-03-10T07:12:27.359Z CLI info [debug-utility]   browserstack.yml configuration validation completed
2026-03-10T07:12:27.359Z CLI info [debug-utility]   

========================Project configuration checks========================
2026-03-10T07:12:28.562Z CLI info [debug-utility]   Detecting Node.js version used in the project
2026-03-10T07:12:28.703Z CLI info [debug-utility]   Node.js version detection failed
2026-03-10T07:12:28.703Z CLI error [debug-utility]          Error occurred while detecting Node.js version: Command failed: C:\Program Files\nodejs\node.exe -v
'C:\Program' is not recognized as an internal or external command,
operable program or batch file.

2026-03-10T07:12:28.703Z CLI info [debug-utility]   Verifying installation of BrowserStack SDK
2026-03-10T07:12:28.703Z CLI info [debug-utility]   BrowserStack SDK is installed
2026-03-10T07:12:28.703Z CLI info [debug-utility]          Detected BrowserStack SDK version: 1.50.1
2026-03-10T07:12:28.703Z CLI info [debug-utility]   Detecting frameworks used in the project
2026-03-10T07:12:28.703Z CLI info [debug-utility]   Framework detection completed
2026-03-10T07:12:28.703Z CLI info [debug-utility]          Detected frameworks with versions: {"@playwright/test":"1.58.2","@cucumber/cucumber":"11.3.0"}
2026-03-10T07:12:28.703Z CLI info [debug-utility]   

========================Version compatibility checks========================
2026-03-10T07:12:28.704Z CLI info [debug-utility]   Skipping version compatibility check due to incompatible setup detection.
2026-03-10T07:12:28.704Z CLI debug [debug-utility]   Sending data to EDS: {"event_type":"sdk_events","data":{"testhub_uuid":"","created_day":"2026-03-10T07:12:28.704 UTC","event_name":"SDK_DEBUG_UTILITY_REPORT","user_data":"kjavedirfan_eZBoq7","host_info":"{\"hostname\":\"pe2vdfqaper-018\",\"platform\":\"win32\",\"type\":\"Windows_NT\",\"version\":\"Windows 10 Enterprise\",\"arch\":\"x64\"}","event_json":{"cliArgs":"C:\\Users\\KSuvarna\\.browserstack\\cli\\binary-win-x64.exe C:\\snapshot\\browserstack-binary\\cli\\dist\\index.js sdk","cliVersion":"1.24.3","results":{"system_check":{"metadata":{},"status":true,"messages":[]},"parse_yml":{"metadata":{},"status":true,"messages":[]},"connectivity_check":{"metadata":{"proxySettings":""},"status":true,"messages":[]},"validate_yml":{"metadata":{},"status":true,"messages":[]},"parse_project_config":{"metadata":{"configFilePath":"C:\\Users\\KSuvarna\\Desktop\\follet-test-steps\\package.json"},"status":false,"messages":["Error occurred while detecting Node.js version: Command failed: C:\\Program Files\\nodejs\\node.exe -v\n'C:\\Program' is not recognized as an internal or external command,\r\noperable program or batch file.\r\n"]},"version_compatibility":{"metadata":{},"status":false,"messages":["skipped"]}},"projectDirectory":"C:\\Users\\KSuvarna\\Desktop\\follet-test-steps","bstackconfigFilePath":"C:\\Users\\KSuvarna\\Desktop\\follet-test-steps\\browserstack.yml","projectConfigFilePath":null,"userProxyConfig":null,"sdkVersion":"1.50.1","language":"node","languageVersion":null,"frameworks":{"@playwright/test":"1.58.2","@cucumber/cucumber":"11.3.0"}}}}
2026-03-10T07:12:28.744Z CLI debug [debug-utility]   Data sent successfully to https://eds.browserstack.com with response 200
2026-03-10T08:16:56.291Z CLI info [debug-utility]   Starting debug utility in non-interactive mode with options: {"projectDirectory":"C:\\Users\\KSuvarna\\Desktop\\follet-test-steps","language":"node","username":"kjavedirfan_eZBoq7","key":"wMYFrmsNHB7QEs1RBFu8","bstackconfigFilePath":"C:\\Users\\KSuvarna\\Desktop\\follet-test-steps\\browserstack.yml"}
2026-03-10T08:16:56.291Z CLI info [debug-utility]   ======================system permissions checks======================
2026-03-10T08:16:56.295Z CLI info [debug-utility]   Checking write permissions for directory: C:\Users\KSuvarna\Desktop\follet-test-steps
2026-03-10T08:16:56.296Z CLI info [debug-utility]   Write permissions check completed for directory: C:\Users\KSuvarna\Desktop\follet-test-steps
2026-03-10T08:16:56.297Z CLI info [debug-utility]   Checking write permissions for directory: C:\Users\KSuvarna\.browserstack
2026-03-10T08:16:56.297Z CLI info [debug-utility]   Write permissions check completed for directory: C:\Users\KSuvarna\.browserstack
2026-03-10T08:16:56.297Z CLI info [debug-utility]   

========================Detecting browserstack.yml========================
2026-03-10T08:16:56.301Z CLI info [debug-utility]   

========================connectivity checks========================
2026-03-10T08:16:56.301Z CLI info [debug-utility]   No proxy settings detected.
2026-03-10T08:16:56.301Z CLI info [debug-utility]   -------------------------------------------------
2026-03-10T08:16:56.301Z CLI info [debug-utility]   Host: api.browserstack.com
2026-03-10T08:16:56.301Z CLI info [debug-utility]   Checking connectivity to: https://api.browserstack.com/robots.txt without Proxy
2026-03-10T08:16:56.428Z CLI info [debug-utility]   Connectivity check completed for URL without Proxy: https://api.browserstack.com/robots.txt
2026-03-10T08:16:56.428Z CLI info [debug-utility]   -------------------------------------------------
2026-03-10T08:16:56.428Z CLI info [debug-utility]   Host: api-cloud.browserstack.com
2026-03-10T08:16:56.428Z CLI info [debug-utility]   Checking connectivity to: https://api-cloud.browserstack.com without Proxy
2026-03-10T08:16:56.614Z CLI info [debug-utility]   Connectivity check completed for URL without Proxy: https://api-cloud.browserstack.com
2026-03-10T08:16:56.614Z CLI info [debug-utility]   -------------------------------------------------
2026-03-10T08:16:56.614Z CLI info [debug-utility]   Host: www.browserstack.com
2026-03-10T08:16:56.614Z CLI info [debug-utility]   Checking connectivity to: https://www.browserstack.com/robots.txt without Proxy
2026-03-10T08:16:56.782Z CLI info [debug-utility]   Connectivity check completed for URL without Proxy: https://www.browserstack.com/robots.txt
2026-03-10T08:16:56.782Z CLI info [debug-utility]   -------------------------------------------------
2026-03-10T08:16:56.783Z CLI info [debug-utility]   Host: automate.browserstack.com
2026-03-10T08:16:56.783Z CLI info [debug-utility]   Checking connectivity to: https://automate.browserstack.com/robots.txt without Proxy
2026-03-10T08:16:56.946Z CLI info [debug-utility]   Connectivity check completed for URL without Proxy: https://automate.browserstack.com/robots.txt
2026-03-10T08:16:56.946Z CLI info [debug-utility]   -------------------------------------------------
2026-03-10T08:16:56.946Z CLI info [debug-utility]   Host: app-automate.browserstack.com
2026-03-10T08:16:56.946Z CLI info [debug-utility]   Checking connectivity to: https://app-automate.browserstack.com/robots.txt without Proxy
2026-03-10T08:16:57.086Z CLI info [debug-utility]   Connectivity check completed for URL without Proxy: https://app-automate.browserstack.com/robots.txt
2026-03-10T08:16:57.086Z CLI info [debug-utility]   -------------------------------------------------
2026-03-10T08:16:57.086Z CLI info [debug-utility]   Host: hub.browserstack.com
2026-03-10T08:16:57.086Z CLI info [debug-utility]   Checking connectivity to: https://hub.browserstack.com/wd/hub without Proxy
2026-03-10T08:16:57.121Z CLI info [debug-utility]   Connectivity check completed for URL without Proxy: https://hub.browserstack.com/wd/hub
2026-03-10T08:16:57.122Z CLI info [debug-utility]   -------------------------------------------------
2026-03-10T08:16:57.122Z CLI info [debug-utility]   Host: hub.browserstack.com
2026-03-10T08:16:57.122Z CLI info [debug-utility]   Checking connectivity to: http://hub.browserstack.com/wd/hub without Proxy
2026-03-10T08:16:57.148Z CLI info [debug-utility]   Connectivity check completed for URL without Proxy: http://hub.browserstack.com/wd/hub
2026-03-10T08:16:57.148Z CLI info [debug-utility]   -------------------------------------------------
2026-03-10T08:16:57.148Z CLI info [debug-utility]   Host: cdp.browserstack.com
2026-03-10T08:16:57.148Z CLI info [debug-utility]   Checking connectivity to: https://cdp.browserstack.com without Proxy
2026-03-10T08:16:57.292Z CLI info [debug-utility]   Connectivity check completed for URL without Proxy: https://cdp.browserstack.com
2026-03-10T08:16:57.292Z CLI info [debug-utility]   -------------------------------------------------
2026-03-10T08:16:57.292Z CLI info [debug-utility]   Host: upload-observability.browserstack.com
2026-03-10T08:16:57.292Z CLI info [debug-utility]   Checking connectivity to: https://upload-observability.browserstack.com without Proxy
2026-03-10T08:16:57.415Z CLI info [debug-utility]   Connectivity check completed for URL without Proxy: https://upload-observability.browserstack.com
2026-03-10T08:16:57.415Z CLI info [debug-utility]   -------------------------------------------------
2026-03-10T08:16:57.415Z CLI info [debug-utility]   Host: collector-observability.browserstack.com
2026-03-10T08:16:57.415Z CLI info [debug-utility]   Checking connectivity to: https://collector-observability.browserstack.com without Proxy
2026-03-10T08:16:57.527Z CLI info [debug-utility]   Connectivity check completed for URL without Proxy: https://collector-observability.browserstack.com
2026-03-10T08:16:57.527Z CLI info [debug-utility]   -------------------------------------------------
2026-03-10T08:16:57.528Z CLI info [debug-utility]   Host: eds.browserstack.com
2026-03-10T08:16:57.528Z CLI info [debug-utility]   Checking connectivity to: https://eds.browserstack.com without Proxy
2026-03-10T08:16:57.640Z CLI info [debug-utility]   Connectivity check completed for URL without Proxy: https://eds.browserstack.com
2026-03-10T08:16:57.640Z CLI info [debug-utility]   -------------------------------------------------
2026-03-10T08:16:57.640Z CLI info [debug-utility]   Host: sdk.browserstack.com
2026-03-10T08:16:57.640Z CLI info [debug-utility]   Checking connectivity to: https://sdk.browserstack.com without Proxy
2026-03-10T08:16:57.774Z CLI info [debug-utility]   Connectivity check completed for URL without Proxy: https://sdk.browserstack.com
2026-03-10T08:16:57.775Z CLI info [debug-utility]   
Connectivity check results summary:
2026-03-10T08:16:57.775Z CLI info [debug-utility]   All connectivity checks passed
2026-03-10T08:16:57.775Z CLI info [debug-utility]   

========================browserstack.yml checks========================
2026-03-10T08:16:57.775Z CLI info [debug-utility]   Validating browserstack.yml configuration
2026-03-10T08:16:57.776Z CLI info [debug-utility]   browserstack.yml configuration validation completed
2026-03-10T08:16:57.776Z CLI info [debug-utility]   

========================Project configuration checks========================
2026-03-10T08:16:59.079Z CLI info [debug-utility]   Detecting Node.js version used in the project
2026-03-10T08:16:59.203Z CLI info [debug-utility]   Node.js version detection failed
2026-03-10T08:16:59.203Z CLI error [debug-utility]          Error occurred while detecting Node.js version: Command failed: C:\Program Files\nodejs\node.exe -v
'C:\Program' is not recognized as an internal or external command,
operable program or batch file.

2026-03-10T08:16:59.204Z CLI info [debug-utility]   Verifying installation of BrowserStack SDK
2026-03-10T08:16:59.204Z CLI info [debug-utility]   BrowserStack SDK is installed
2026-03-10T08:16:59.204Z CLI info [debug-utility]          Detected BrowserStack SDK version: 1.50.1
2026-03-10T08:16:59.204Z CLI info [debug-utility]   Detecting frameworks used in the project
2026-03-10T08:16:59.204Z CLI info [debug-utility]   Framework detection completed
2026-03-10T08:16:59.204Z CLI info [debug-utility]          Detected frameworks with versions: {"@playwright/test":"1.58.2","@cucumber/cucumber":"11.3.0"}
2026-03-10T08:16:59.204Z CLI info [debug-utility]   

========================Version compatibility checks========================
2026-03-10T08:16:59.204Z CLI info [debug-utility]   Skipping version compatibility check due to incompatible setup detection.
2026-03-10T08:16:59.205Z CLI debug [debug-utility]   Sending data to EDS: {"event_type":"sdk_events","data":{"testhub_uuid":"","created_day":"2026-03-10T08:16:59.204 UTC","event_name":"SDK_DEBUG_UTILITY_REPORT","user_data":"kjavedirfan_eZBoq7","host_info":"{\"hostname\":\"pe2vdfqaper-018\",\"platform\":\"win32\",\"type\":\"Windows_NT\",\"version\":\"Windows 10 Enterprise\",\"arch\":\"x64\"}","event_json":{"cliArgs":"C:\\Users\\KSuvarna\\.browserstack\\cli\\binary-win-x64.exe C:\\snapshot\\browserstack-binary\\cli\\dist\\index.js sdk","cliVersion":"1.24.3","results":{"system_check":{"metadata":{},"status":true,"messages":[]},"parse_yml":{"metadata":{},"status":true,"messages":[]},"connectivity_check":{"metadata":{"proxySettings":""},"status":true,"messages":[]},"validate_yml":{"metadata":{},"status":true,"messages":[]},"parse_project_config":{"metadata":{"configFilePath":"C:\\Users\\KSuvarna\\Desktop\\follet-test-steps\\package.json"},"status":false,"messages":["Error occurred while detecting Node.js version: Command failed: C:\\Program Files\\nodejs\\node.exe -v\n'C:\\Program' is not recognized as an internal or external command,\r\noperable program or batch file.\r\n"]},"version_compatibility":{"metadata":{},"status":false,"messages":["skipped"]}},"projectDirectory":"C:\\Users\\KSuvarna\\Desktop\\follet-test-steps","bstackconfigFilePath":"C:\\Users\\KSuvarna\\Desktop\\follet-test-steps\\browserstack.yml","projectConfigFilePath":null,"userProxyConfig":null,"sdkVersion":"1.50.1","language":"node","languageVersion":null,"frameworks":{"@playwright/test":"1.58.2","@cucumber/cucumber":"11.3.0"}}}}
2026-03-10T08:16:59.237Z CLI debug [debug-utility]   Data sent successfully to https://eds.browserstack.com with response 200
2026-03-10T08:21:53.456Z CLI info [debug-utility]   Starting debug utility in non-interactive mode with options: {"projectDirectory":"C:\\Users\\KSuvarna\\Desktop\\follet-test-steps","language":"node","username":"kjavedirfan_eZBoq7","key":"wMYFrmsNHB7QEs1RBFu8","bstackconfigFilePath":"C:\\Users\\KSuvarna\\Desktop\\follet-test-steps\\browserstack.yml"}
2026-03-10T08:21:53.457Z CLI info [debug-utility]   ======================system permissions checks======================
2026-03-10T08:21:53.459Z CLI info [debug-utility]   Checking write permissions for directory: C:\Users\KSuvarna\Desktop\follet-test-steps
2026-03-10T08:21:53.460Z CLI info [debug-utility]   Write permissions check completed for directory: C:\Users\KSuvarna\Desktop\follet-test-steps
2026-03-10T08:21:53.460Z CLI info [debug-utility]   Checking write permissions for directory: C:\Users\KSuvarna\.browserstack
2026-03-10T08:21:53.460Z CLI info [debug-utility]   Write permissions check completed for directory: C:\Users\KSuvarna\.browserstack
2026-03-10T08:21:53.460Z CLI info [debug-utility]   

========================Detecting browserstack.yml========================
2026-03-10T08:21:53.463Z CLI info [debug-utility]   

========================connectivity checks========================
2026-03-10T08:21:53.463Z CLI info [debug-utility]   No proxy settings detected.
2026-03-10T08:21:53.463Z CLI info [debug-utility]   -------------------------------------------------
2026-03-10T08:21:53.463Z CLI info [debug-utility]   Host: api.browserstack.com
2026-03-10T08:21:53.463Z CLI info [debug-utility]   Checking connectivity to: https://api.browserstack.com/robots.txt without Proxy
2026-03-10T08:21:53.621Z CLI info [debug-utility]   Connectivity check completed for URL without Proxy: https://api.browserstack.com/robots.txt
2026-03-10T08:21:53.621Z CLI info [debug-utility]   -------------------------------------------------
2026-03-10T08:21:53.621Z CLI info [debug-utility]   Host: api-cloud.browserstack.com
2026-03-10T08:21:53.621Z CLI info [debug-utility]   Checking connectivity to: https://api-cloud.browserstack.com without Proxy
2026-03-10T08:21:53.804Z CLI info [debug-utility]   Connectivity check completed for URL without Proxy: https://api-cloud.browserstack.com
2026-03-10T08:21:53.804Z CLI info [debug-utility]   -------------------------------------------------
2026-03-10T08:21:53.804Z CLI info [debug-utility]   Host: www.browserstack.com
2026-03-10T08:21:53.804Z CLI info [debug-utility]   Checking connectivity to: https://www.browserstack.com/robots.txt without Proxy
2026-03-10T08:21:53.860Z CLI info [debug-utility]   Connectivity check completed for URL without Proxy: https://www.browserstack.com/robots.txt
2026-03-10T08:21:53.860Z CLI info [debug-utility]   -------------------------------------------------
2026-03-10T08:21:53.860Z CLI info [debug-utility]   Host: automate.browserstack.com
2026-03-10T08:21:53.860Z CLI info [debug-utility]   Checking connectivity to: https://automate.browserstack.com/robots.txt without Proxy
2026-03-10T08:21:53.996Z CLI info [debug-utility]   Connectivity check completed for URL without Proxy: https://automate.browserstack.com/robots.txt
2026-03-10T08:21:53.996Z CLI info [debug-utility]   -------------------------------------------------
2026-03-10T08:21:53.996Z CLI info [debug-utility]   Host: app-automate.browserstack.com
2026-03-10T08:21:53.996Z CLI info [debug-utility]   Checking connectivity to: https://app-automate.browserstack.com/robots.txt without Proxy
2026-03-10T08:21:54.148Z CLI info [debug-utility]   Connectivity check completed for URL without Proxy: https://app-automate.browserstack.com/robots.txt
2026-03-10T08:21:54.149Z CLI info [debug-utility]   -------------------------------------------------
2026-03-10T08:21:54.149Z CLI info [debug-utility]   Host: hub.browserstack.com
2026-03-10T08:21:54.149Z CLI info [debug-utility]   Checking connectivity to: https://hub.browserstack.com/wd/hub without Proxy
2026-03-10T08:21:54.192Z CLI info [debug-utility]   Connectivity check completed for URL without Proxy: https://hub.browserstack.com/wd/hub
2026-03-10T08:21:54.193Z CLI info [debug-utility]   -------------------------------------------------
2026-03-10T08:21:54.193Z CLI info [debug-utility]   Host: hub.browserstack.com
2026-03-10T08:21:54.193Z CLI info [debug-utility]   Checking connectivity to: http://hub.browserstack.com/wd/hub without Proxy
2026-03-10T08:21:54.215Z CLI info [debug-utility]   Connectivity check completed for URL without Proxy: http://hub.browserstack.com/wd/hub
2026-03-10T08:21:54.215Z CLI info [debug-utility]   -------------------------------------------------
2026-03-10T08:21:54.215Z CLI info [debug-utility]   Host: cdp.browserstack.com
2026-03-10T08:21:54.216Z CLI info [debug-utility]   Checking connectivity to: https://cdp.browserstack.com without Proxy
2026-03-10T08:21:54.317Z CLI info [debug-utility]   Connectivity check completed for URL without Proxy: https://cdp.browserstack.com
2026-03-10T08:21:54.317Z CLI info [debug-utility]   -------------------------------------------------
2026-03-10T08:21:54.317Z CLI info [debug-utility]   Host: upload-observability.browserstack.com
2026-03-10T08:21:54.318Z CLI info [debug-utility]   Checking connectivity to: https://upload-observability.browserstack.com without Proxy
2026-03-10T08:21:54.465Z CLI info [debug-utility]   Connectivity check completed for URL without Proxy: https://upload-observability.browserstack.com
2026-03-10T08:21:54.465Z CLI info [debug-utility]   -------------------------------------------------
2026-03-10T08:21:54.465Z CLI info [debug-utility]   Host: collector-observability.browserstack.com
2026-03-10T08:21:54.465Z CLI info [debug-utility]   Checking connectivity to: https://collector-observability.browserstack.com without Proxy
2026-03-10T08:21:54.493Z CLI info [debug-utility]   Connectivity check completed for URL without Proxy: https://collector-observability.browserstack.com
2026-03-10T08:21:54.493Z CLI info [debug-utility]   -------------------------------------------------
2026-03-10T08:21:54.493Z CLI info [debug-utility]   Host: eds.browserstack.com
2026-03-10T08:21:54.493Z CLI info [debug-utility]   Checking connectivity to: https://eds.browserstack.com without Proxy
2026-03-10T08:21:54.529Z CLI info [debug-utility]   Connectivity check completed for URL without Proxy: https://eds.browserstack.com
2026-03-10T08:21:54.530Z CLI info [debug-utility]   -------------------------------------------------
2026-03-10T08:21:54.530Z CLI info [debug-utility]   Host: sdk.browserstack.com
2026-03-10T08:21:54.530Z CLI info [debug-utility]   Checking connectivity to: https://sdk.browserstack.com without Proxy
2026-03-10T08:21:54.680Z CLI info [debug-utility]   Connectivity check completed for URL without Proxy: https://sdk.browserstack.com
2026-03-10T08:21:54.680Z CLI info [debug-utility]   
Connectivity check results summary:
2026-03-10T08:21:54.681Z CLI info [debug-utility]   All connectivity checks passed
2026-03-10T08:21:54.681Z CLI info [debug-utility]   

========================browserstack.yml checks========================
2026-03-10T08:21:54.681Z CLI info [debug-utility]   Validating browserstack.yml configuration
2026-03-10T08:21:54.681Z CLI info [debug-utility]   browserstack.yml configuration validation completed
2026-03-10T08:21:54.681Z CLI info [debug-utility]   

========================Project configuration checks========================
2026-03-10T08:21:55.920Z CLI info [debug-utility]   Detecting Node.js version used in the project
2026-03-10T08:21:56.048Z CLI info [debug-utility]   Node.js version detection failed
2026-03-10T08:21:56.048Z CLI error [debug-utility]          Error occurred while detecting Node.js version: Command failed: C:\Program Files\nodejs\node.exe -v
'C:\Program' is not recognized as an internal or external command,
operable program or batch file.

2026-03-10T08:21:56.048Z CLI info [debug-utility]   Verifying installation of BrowserStack SDK
2026-03-10T08:21:56.048Z CLI info [debug-utility]   BrowserStack SDK is installed
2026-03-10T08:21:56.048Z CLI info [debug-utility]          Detected BrowserStack SDK version: 1.50.1
2026-03-10T08:21:56.048Z CLI info [debug-utility]   Detecting frameworks used in the project
2026-03-10T08:21:56.048Z CLI info [debug-utility]   Framework detection completed
2026-03-10T08:21:56.049Z CLI info [debug-utility]          Detected frameworks with versions: {"@playwright/test":"1.58.2","@cucumber/cucumber":"11.3.0"}
2026-03-10T08:21:56.049Z CLI info [debug-utility]   

========================Version compatibility checks========================
2026-03-10T08:21:56.049Z CLI info [debug-utility]   Skipping version compatibility check due to incompatible setup detection.
2026-03-10T08:21:56.049Z CLI debug [debug-utility]   Sending data to EDS: {"event_type":"sdk_events","data":{"testhub_uuid":"","created_day":"2026-03-10T08:21:56.049 UTC","event_name":"SDK_DEBUG_UTILITY_REPORT","user_data":"kjavedirfan_eZBoq7","host_info":"{\"hostname\":\"pe2vdfqaper-018\",\"platform\":\"win32\",\"type\":\"Windows_NT\",\"version\":\"Windows 10 Enterprise\",\"arch\":\"x64\"}","event_json":{"cliArgs":"C:\\Users\\KSuvarna\\.browserstack\\cli\\binary-win-x64.exe C:\\snapshot\\browserstack-binary\\cli\\dist\\index.js sdk","cliVersion":"1.24.3","results":{"system_check":{"metadata":{},"status":true,"messages":[]},"parse_yml":{"metadata":{},"status":true,"messages":[]},"connectivity_check":{"metadata":{"proxySettings":""},"status":true,"messages":[]},"validate_yml":{"metadata":{},"status":true,"messages":[]},"parse_project_config":{"metadata":{"configFilePath":"C:\\Users\\KSuvarna\\Desktop\\follet-test-steps\\package.json"},"status":false,"messages":["Error occurred while detecting Node.js version: Command failed: C:\\Program Files\\nodejs\\node.exe -v\n'C:\\Program' is not recognized as an internal or external command,\r\noperable program or batch file.\r\n"]},"version_compatibility":{"metadata":{},"status":false,"messages":["skipped"]}},"projectDirectory":"C:\\Users\\KSuvarna\\Desktop\\follet-test-steps","bstackconfigFilePath":"C:\\Users\\KSuvarna\\Desktop\\follet-test-steps\\browserstack.yml","projectConfigFilePath":null,"userProxyConfig":null,"sdkVersion":"1.50.1","language":"node","languageVersion":null,"frameworks":{"@playwright/test":"1.58.2","@cucumber/cucumber":"11.3.0"}}}}
2026-03-10T08:21:56.082Z CLI debug [debug-utility]   Data sent successfully to https://eds.browserstack.com with response 200
2026-03-16T11:20:07.583Z CLI info [debug-utility]   Starting debug utility in non-interactive mode with options: {"projectDirectory":"C:\\Users\\KSuvarna\\Desktop\\follet-test-steps","language":"node","username":"kjavedirfan_eZBoq7","key":"wMYFrmsNHB7QEs1RBFu8","bstackconfigFilePath":"C:\\Users\\KSuvarna\\Desktop\\follet-test-steps\\browserstack.yml"}
2026-03-16T11:20:07.584Z CLI info [debug-utility]   ======================system permissions checks======================
2026-03-16T11:20:07.587Z CLI info [debug-utility]   Checking write permissions for directory: C:\Users\KSuvarna\Desktop\follet-test-steps
2026-03-16T11:20:07.588Z CLI info [debug-utility]   Write permissions check completed for directory: C:\Users\KSuvarna\Desktop\follet-test-steps
2026-03-16T11:20:07.588Z CLI info [debug-utility]   Checking write permissions for directory: C:\Users\KSuvarna\.browserstack
2026-03-16T11:20:07.589Z CLI info [debug-utility]   Write permissions check completed for directory: C:\Users\KSuvarna\.browserstack
2026-03-16T11:20:07.589Z CLI info [debug-utility]   

========================Detecting browserstack.yml========================
2026-03-16T11:20:07.593Z CLI info [debug-utility]   

========================connectivity checks========================
2026-03-16T11:20:07.593Z CLI info [debug-utility]   No proxy settings detected.
2026-03-16T11:20:07.593Z CLI info [debug-utility]   -------------------------------------------------
2026-03-16T11:20:07.593Z CLI info [debug-utility]   Host: api.browserstack.com
2026-03-16T11:20:07.593Z CLI info [debug-utility]   Checking connectivity to: https://api.browserstack.com/robots.txt without Proxy
2026-03-16T11:20:07.715Z CLI info [debug-utility]   Connectivity check completed for URL without Proxy: https://api.browserstack.com/robots.txt
2026-03-16T11:20:07.715Z CLI info [debug-utility]   -------------------------------------------------
2026-03-16T11:20:07.715Z CLI info [debug-utility]   Host: api-cloud.browserstack.com
2026-03-16T11:20:07.716Z CLI info [debug-utility]   Checking connectivity to: https://api-cloud.browserstack.com without Proxy
2026-03-16T11:20:07.909Z CLI info [debug-utility]   Connectivity check completed for URL without Proxy: https://api-cloud.browserstack.com
2026-03-16T11:20:07.909Z CLI info [debug-utility]   -------------------------------------------------
2026-03-16T11:20:07.909Z CLI info [debug-utility]   Host: www.browserstack.com
2026-03-16T11:20:07.909Z CLI info [debug-utility]   Checking connectivity to: https://www.browserstack.com/robots.txt without Proxy
2026-03-16T11:20:08.054Z CLI info [debug-utility]   Connectivity check completed for URL without Proxy: https://www.browserstack.com/robots.txt
2026-03-16T11:20:08.054Z CLI info [debug-utility]   -------------------------------------------------
2026-03-16T11:20:08.054Z CLI info [debug-utility]   Host: automate.browserstack.com
2026-03-16T11:20:08.055Z CLI info [debug-utility]   Checking connectivity to: https://automate.browserstack.com/robots.txt without Proxy
2026-03-16T11:20:08.196Z CLI info [debug-utility]   Connectivity check completed for URL without Proxy: https://automate.browserstack.com/robots.txt
2026-03-16T11:20:08.196Z CLI info [debug-utility]   -------------------------------------------------
2026-03-16T11:20:08.196Z CLI info [debug-utility]   Host: app-automate.browserstack.com
2026-03-16T11:20:08.196Z CLI info [debug-utility]   Checking connectivity to: https://app-automate.browserstack.com/robots.txt without Proxy
2026-03-16T11:20:08.343Z CLI info [debug-utility]   Connectivity check completed for URL without Proxy: https://app-automate.browserstack.com/robots.txt
2026-03-16T11:20:08.343Z CLI info [debug-utility]   -------------------------------------------------
2026-03-16T11:20:08.343Z CLI info [debug-utility]   Host: hub.browserstack.com
2026-03-16T11:20:08.343Z CLI info [debug-utility]   Checking connectivity to: https://hub.browserstack.com/wd/hub without Proxy
2026-03-16T11:20:08.395Z CLI info [debug-utility]   Connectivity check completed for URL without Proxy: https://hub.browserstack.com/wd/hub
2026-03-16T11:20:08.395Z CLI info [debug-utility]   -------------------------------------------------
2026-03-16T11:20:08.395Z CLI info [debug-utility]   Host: hub.browserstack.com
2026-03-16T11:20:08.395Z CLI info [debug-utility]   Checking connectivity to: http://hub.browserstack.com/wd/hub without Proxy
2026-03-16T11:20:08.420Z CLI info [debug-utility]   Connectivity check completed for URL without Proxy: http://hub.browserstack.com/wd/hub
2026-03-16T11:20:08.420Z CLI info [debug-utility]   -------------------------------------------------
2026-03-16T11:20:08.420Z CLI info [debug-utility]   Host: cdp.browserstack.com
2026-03-16T11:20:08.420Z CLI info [debug-utility]   Checking connectivity to: https://cdp.browserstack.com without Proxy
2026-03-16T11:20:08.560Z CLI info [debug-utility]   Connectivity check completed for URL without Proxy: https://cdp.browserstack.com
2026-03-16T11:20:08.560Z CLI info [debug-utility]   -------------------------------------------------
2026-03-16T11:20:08.560Z CLI info [debug-utility]   Host: upload-observability.browserstack.com
2026-03-16T11:20:08.560Z CLI info [debug-utility]   Checking connectivity to: https://upload-observability.browserstack.com without Proxy
2026-03-16T11:20:08.662Z CLI info [debug-utility]   Connectivity check completed for URL without Proxy: https://upload-observability.browserstack.com
2026-03-16T11:20:08.663Z CLI info [debug-utility]   -------------------------------------------------
2026-03-16T11:20:08.663Z CLI info [debug-utility]   Host: collector-observability.browserstack.com
2026-03-16T11:20:08.663Z CLI info [debug-utility]   Checking connectivity to: https://collector-observability.browserstack.com without Proxy
2026-03-16T11:20:08.765Z CLI info [debug-utility]   Connectivity check completed for URL without Proxy: https://collector-observability.browserstack.com
2026-03-16T11:20:08.765Z CLI info [debug-utility]   -------------------------------------------------
2026-03-16T11:20:08.765Z CLI info [debug-utility]   Host: eds.browserstack.com
2026-03-16T11:20:08.765Z CLI info [debug-utility]   Checking connectivity to: https://eds.browserstack.com without Proxy
2026-03-16T11:20:08.899Z CLI info [debug-utility]   Connectivity check completed for URL without Proxy: https://eds.browserstack.com
2026-03-16T11:20:08.899Z CLI info [debug-utility]   -------------------------------------------------
2026-03-16T11:20:08.899Z CLI info [debug-utility]   Host: sdk.browserstack.com
2026-03-16T11:20:08.900Z CLI info [debug-utility]   Checking connectivity to: https://sdk.browserstack.com without Proxy
2026-03-16T11:20:09.028Z CLI info [debug-utility]   Connectivity check completed for URL without Proxy: https://sdk.browserstack.com
2026-03-16T11:20:09.029Z CLI info [debug-utility]   
Connectivity check results summary:
2026-03-16T11:20:09.029Z CLI info [debug-utility]   All connectivity checks passed
2026-03-16T11:20:09.029Z CLI info [debug-utility]   

========================browserstack.yml checks========================
2026-03-16T11:20:09.029Z CLI info [debug-utility]   Validating browserstack.yml configuration
2026-03-16T11:20:09.029Z CLI info [debug-utility]   browserstack.yml configuration validation completed
2026-03-16T11:20:09.029Z CLI info [debug-utility]   

========================Project configuration checks========================
2026-03-16T11:20:11.079Z CLI info [debug-utility]   Detecting Node.js version used in the project
2026-03-16T11:20:11.476Z CLI info [debug-utility]   Node.js version detection failed
2026-03-16T11:20:11.476Z CLI error [debug-utility]          Error occurred while detecting Node.js version: Command failed: C:\Program Files\nodejs\node.exe -v
'C:\Program' is not recognized as an internal or external command,
operable program or batch file.

2026-03-16T11:20:11.476Z CLI info [debug-utility]   Verifying installation of BrowserStack SDK
2026-03-16T11:20:11.476Z CLI info [debug-utility]   BrowserStack SDK is installed
2026-03-16T11:20:11.477Z CLI info [debug-utility]          Detected BrowserStack SDK version: 1.50.1
2026-03-16T11:20:11.477Z CLI info [debug-utility]   Detecting frameworks used in the project
2026-03-16T11:20:11.477Z CLI info [debug-utility]   Framework detection completed
2026-03-16T11:20:11.477Z CLI info [debug-utility]          Detected frameworks with versions: {"@playwright/test":"1.58.2","@cucumber/cucumber":"11.3.0"}
2026-03-16T11:20:11.477Z CLI info [debug-utility]   

========================Version compatibility checks========================
2026-03-16T11:20:11.477Z CLI info [debug-utility]   Skipping version compatibility check due to incompatible setup detection.
2026-03-16T11:20:11.478Z CLI debug [debug-utility]   Sending data to EDS: {"event_type":"sdk_events","data":{"testhub_uuid":"","created_day":"2026-03-16T11:20:11.477 UTC","event_name":"SDK_DEBUG_UTILITY_REPORT","user_data":"kjavedirfan_eZBoq7","host_info":"{\"hostname\":\"pe2vdfqaper-018\",\"platform\":\"win32\",\"type\":\"Windows_NT\",\"version\":\"Windows 10 Enterprise\",\"arch\":\"x64\"}","event_json":{"cliArgs":"C:\\Users\\KSuvarna\\.browserstack\\cli\\binary-win-x64.exe C:\\snapshot\\browserstack-binary\\cli\\dist\\index.js sdk","cliVersion":"1.24.3","results":{"system_check":{"metadata":{},"status":true,"messages":[]},"parse_yml":{"metadata":{},"status":true,"messages":[]},"connectivity_check":{"metadata":{"proxySettings":""},"status":true,"messages":[]},"validate_yml":{"metadata":{},"status":true,"messages":[]},"parse_project_config":{"metadata":{"configFilePath":"C:\\Users\\KSuvarna\\Desktop\\follet-test-steps\\package.json"},"status":false,"messages":["Error occurred while detecting Node.js version: Command failed: C:\\Program Files\\nodejs\\node.exe -v\n'C:\\Program' is not recognized as an internal or external command,\r\noperable program or batch file.\r\n"]},"version_compatibility":{"metadata":{},"status":false,"messages":["skipped"]}},"projectDirectory":"C:\\Users\\KSuvarna\\Desktop\\follet-test-steps","bstackconfigFilePath":"C:\\Users\\KSuvarna\\Desktop\\follet-test-steps\\browserstack.yml","projectConfigFilePath":null,"userProxyConfig":null,"sdkVersion":"1.50.1","language":"node","languageVersion":null,"frameworks":{"@playwright/test":"1.58.2","@cucumber/cucumber":"11.3.0"}}}}
2026-03-16T11:20:11.514Z CLI debug [debug-utility]   Data sent successfully to https://eds.browserstack.com with response 200
